


ARM Macro Assembler    Page 1 KL05 Bare Metal Assembly Startup


    1 00000000                 TTL              KL05 Bare Metal Assembly Startu
p
    2 00000000         ;*******************************************************
                       *********
    3 00000000         ;* Flash configuration image for area at 0x400-0x40F(+)
    4 00000000         ;* SystemInit subroutine (++)
    5 00000000         ;* SetClock48MHz subroutine (+, +++)
    6 00000000         ;+:Following [3]
    7 00000000         ;++:Following [1].1.1.4.2 Startup routines and [2]
    8 00000000         ;+++:Following [1].4.1 Clocking
    9 00000000         ;[1] Freescale Semiconductor, <B>Kinetis L Peripheral Mo
                       dule Quick
   10 00000000         ;    Reference</B>, KLQRUG, Rev. 0, 9/2012.
   11 00000000         ;[2] Freescale Semiconductor, <B>KL05 Sub-Family Referen
                       ce Manual</B>,
   12 00000000         ;    KL05P48M48SF1RM, Rev. 3.1, 11/2012.
   13 00000000         ;[3] Freescale startup_MKL05Z4.s and system_MKL05Z4.c
   14 00000000         ;    Device specific configuration file for MKL05Z4
   15 00000000         ;    rev. 2.2, 4/12/2013
   16 00000000         ;[4] RIT CMPE-250 KL46 Bare Metal Assembly Startup, 2/5/
                       2018
   17 00000000         ;Name:  R. W. Melton
   18 00000000         ;Date:  January 13, 2025
   19 00000000         ;Class:  CMPE 250
   20 00000000         ;Section:  All sections
   21 00000000         ;*******************************************************
                       *********
   22 00000000         ;Assembler directives
   23 00000000                 THUMB
   25 00000000         ;*******************************************************
                       *********
   26 00000000         ;Include files
   27 00000000         ;  MKL05Z4.s
   28 00000000                 GET              MKL05Z4.s
   30 00000000         ;*******************************************************
                       *********
   31 00000000         ;EQUates
   32 00000000         ;-------------------------------------------------------
                       --------
   33 00000000         ;Clock source values
   34 00000000         ;External crystal frequency (Hz)
   35 00000000 00008000 
                       CPU_XTAL_CLK_HZ
                               EQU              32768
   36 00000000         ;Slow internal oscillator frequency (Hz)
   37 00000000 00008000 
                       CPU_INT_SLOW_CLK_HZ
                               EQU              32768
   38 00000000         ;Fast internal oscillator frequency (Hz)
   39 00000000 003D0900 
                       CPU_INT_FAST_CLK_HZ
                               EQU              4000000
   40 00000000         ;Default system clock frequency (Hz)
   41 00000000 02DC0000 
                       DEFAULT_SYSTEM_CLOCK
                               EQU              47972352
   42 00000000         ;-------------------------------------------------------
                       --------
   43 00000000         ;MCG_C1 MCG Control 1 Register



ARM Macro Assembler    Page 2 KL05 Bare Metal Assembly Startup


   44 00000000         ; 00-->7-6:CLKS=clock source select (FLL)
   45 00000000         ;000-->5-3:FRDIV=FLL external reference divider (1 for L
                       F range)
   46 00000000         ;  0-->  2:IREFS=internal reference select (for FLL) (ex
                       ternal)
   47 00000000         ;  1-->  1:IRCLKEN=internal reference clock (MCGIRCLK) e
                       nable
   48 00000000         ;  0-->  0:IREFSTEN=internal reference stop enable
   49 00000000 00000002 
                       MCG_C1_FLL_DIV1_IRCLKEXTSTOP
                               EQU              MCG_C1_IRCLKEN_MASK
   50 00000000         ;-------------------------------------------------------
                       --------
   51 00000000         ;MCG_C2 MCG Control 2 Register 
   52 00000000         ; 0-->  7:LOCRE0=loss of clock reset enable (interrupt, 
                       not reset)
   53 00000000         ;00-->5-4:RANGE0=frequency range select (low frequency)
   54 00000000         ; 0-->  3:HGO0=high gain oscillator select (low-power)
   55 00000000         ; 1-->  2:EREFS0=external reference select (oscillator)
   56 00000000         ; 0-->  1:LP=low power select (FLL not disabled in bypas
                       s)
   57 00000000         ; 0-->  0:IRCS=internal reference clock select (slow)
   58 00000000 00000004 
                       MCG_C2_LF_EREFOSC
                               EQU              MCG_C2_EREFS0_MASK
   59 00000000         ;-------------------------------------------------------
                       --------
   60 00000000         ;MCG_C4 MCG Control 4 Register
   61 00000000         ;  1-->   7:DMX32=DCO maximum frequency with 32.768 kHz 
                       ref
   62 00000000         ;                (25%)
   63 00000000         ;  01-->6-5:DRST_DRS=DCO range select (mid range)
   64 00000000         ;keep-->4-1:FCTRIM=fast internal reference clock trim se
                       tting
   65 00000000         ;keep-->  0:SCFTRIM=slow internal reference clock fine t
                       rim
   67 00000000 000000A0 
                       MCG_C4_DCO_25PMAX_MID
                               EQU              (MCG_C4_DMX32_MASK :OR:       
                        (1 << MCG_C4_DRST_DRS_SHIFT))
   68 00000000         ;-------------------------------------------------------
                       --------
   69 00000000         ;Port A
   71 00000000 01000000 
                       PORT_PCR_SET_PTA3_EXTAL
                               EQU              (PORT_PCR_ISF_MASK :OR:       
                          PORT_PCR_MUX_SELECT_0_MASK)
   73 00000000 01000000 
                       PORT_PCR_SET_PTA4_XTAL
                               EQU              (PORT_PCR_ISF_MASK :OR:       
                          PORT_PCR_MUX_SELECT_0_MASK)
   74 00000000         ;-------------------------------------------------------
                       --------
   75 00000000         ;OSC0_CR
   76 00000000         ;1-->7:ERCLKEN=external reference enable
   77 00000000         ;0-->5:EREFSTEN=external reference stop enable
   78 00000000         ;0-->3:SC2P=oscillator 2-pF capacitor load configure (di
                       sabled)
   79 00000000         ;0-->2:SC4P=oscillator 4-pF capacitor load configure (di



ARM Macro Assembler    Page 3 KL05 Bare Metal Assembly Startup


                       sabled)
   80 00000000         ;0-->1:SC8P=oscillator 8-pF capacitor load configure (di
                       sabled)
   81 00000000         ;0-->0:SC16P=oscillator 16-pF capacitor load configure (
                       disabled)
   82 00000000 00000080 
                       OSC0_CR_ERCLK_STOP_NOLOAD
                               EQU              OSC_CR_ERCLKEN_MASK
   83 00000000         ;-------------------------------------------------------
                       --------
   84 00000000         ;SIM_CLKDIV1
   85 00000000         ;0000-->31-28:OUTDIV1=clock 1 output divider value (1)
   86 00000000         ;             :set divider for core/system clock,
   87 00000000         ;             :from which bus/flash clocks are derived
   88 00000000         ;             :divide by OUTDIV1 + 1
   89 00000000         ;001-->18-16:OUTDIV4=clock 4 output divider value (2)
   90 00000000         ;             :sets divider for bus and flash clocks,
   91 00000000         ;             :relative to core/system clock
   92 00000000         ;             :divide by OUTDIV4 + 1
   93 00000000 00010000 
                       SIM_CLKDIV1_COREDIV1_BUSDIV2
                               EQU              (1 << SIM_CLKDIV1_OUTDIV4_SHIFT
)
   94 00000000         ;-------------------------------------------------------
                       --------
   95 00000000         ;SIM_COPC
   96 00000000         ;00-->3-2:COPT=COP watchdog timeout (disabled)
   97 00000000         ; 0-->  1:COPCLKS=COP clock select (x)
   98 00000000         ; 0-->  0:COPW=COP windowed mode (x)
   99 00000000 00000000 
                       SIM_COPC_COP_DISABLED
                               EQU              0
  100 00000000         ;*******************************************************
                       *********
  101 00000000                 AREA             Start,CODE,READONLY
  102 00000000                 EXPORT           Startup
  103 00000000         ;-------------------------------------------------------
                       --------
  104 00000000         Startup PROC             {}
  105 00000000         ;*******************************************************
                       *********
  106 00000000         ;Performs the following startup tasks
  107 00000000         ;* System initialization
  108 00000000         ;* Mask interrupts
  109 00000000         ;* Configure 48-MHz system clock
  110 00000000         ;Calls:  SystemInit
  111 00000000         ;        SetClock48MHz
  112 00000000         ;Input:  None
  113 00000000         ;Output:  None
  114 00000000         ;Modifies:  R0-R15;APSR
  115 00000000         ;*******************************************************
                       *********
  116 00000000         ;Save return address
  117 00000000 B500            PUSH             {LR}
  118 00000002         ;Initialize system
  119 00000002 F7FF FFFE       BL               SystemInit
  120 00000006         ;Mask interrupts
  121 00000006 B672            CPSID            I
  122 00000008         ;Configure 48-MHz system clock



ARM Macro Assembler    Page 4 KL05 Bare Metal Assembly Startup


  123 00000008 F7FF FFFE       BL               SetClock48MHz
  124 0000000C         ;Return
  125 0000000C BD00            POP              {PC}
  126 0000000E                 ENDP                         ;Startup
  127 0000000E         ;-------------------------------------------------------
                       --------
  128 0000000E         SystemInit
                               PROC             {}
  129 0000000E         ;*******************************************************
                       *********
  130 0000000E         ;Performs the following system initialization tasks.
  131 0000000E         ;* Mask interrupts
  132 0000000E         ;* Disable watchdog timer (+)
  133 0000000E         ;* Initialize registers to known state for debugger
  134 0000000E         ;+:Following [1].1.1.4.2 Startup routines: 1 Disable wat
                       chdog
  135 0000000E         ;[1] Freescale Semiconductor, <B>Kinetis L Peripheral Mo
                       dule Quick
  136 0000000E         ;    Reference</B>, KLQRUG, Rev. 0, 9/2012.
  137 0000000E         ;Input:  None
  138 0000000E         ;Output:  None
  139 0000000E         ;Modifies:  R0-R15;APSR
  140 0000000E         ;*******************************************************
                       *********
  141 0000000E         ;Mask interrupts
  142 0000000E B672            CPSID            I
  143 00000010         ;Disable COP watchdog timer
  144 00000010 4823            LDR              R0,=SIM_COPC
  145 00000012 2100            MOVS             R1,#SIM_COPC_COP_DISABLED
  146 00000014 6001            STR              R1,[R0,#0]
  147 00000016         ;Put return address on stack
  148 00000016 B500            PUSH             {LR}
  149 00000018         ;Initialize registers
  150 00000018 4922            LDR              R1,=0x11111111
  151 0000001A 184A            ADDS             R2,R1,R1
  152 0000001C 1853            ADDS             R3,R2,R1
  153 0000001E 185C            ADDS             R4,R3,R1
  154 00000020 1865            ADDS             R5,R4,R1
  155 00000022 186E            ADDS             R6,R5,R1
  156 00000024 1877            ADDS             R7,R6,R1
  157 00000026 4688            MOV              R8,R1
  158 00000028 44B8            ADD              R8,R8,R7
  159 0000002A 4689            MOV              R9,R1
  160 0000002C 44C1            ADD              R9,R9,R8
  161 0000002E 468A            MOV              R10,R1
  162 00000030 44CA            ADD              R10,R10,R9
  163 00000032 468B            MOV              R11,R1
  164 00000034 44D3            ADD              R11,R11,R10
  165 00000036 468C            MOV              R12,R1
  166 00000038 44DC            ADD              R12,R12,R11
  167 0000003A 4696            MOV              R14,R2
  168 0000003C 44E6            ADD              R14,R14,R12
  169 0000003E 4608            MOV              R0,R1
  170 00000040 4470            ADD              R0,R0,R14
  171 00000042 F380 8800       MSR              APSR,R0
  172 00000046 4818            LDR              R0,=0x05250113
  173 00000048 BD00            POP              {PC}
  174 0000004A                 ENDP                         ;SystemInit
  175 0000004A         ;-------------------------------------------------------



ARM Macro Assembler    Page 5 KL05 Bare Metal Assembly Startup


                       --------
  176 0000004A         SetClock48MHz
                               PROC             {R0-R14}
  177 0000004A         ;*******************************************************
                       *********
  178 0000004A         ;Multipurpose clock generator (MCG) in FLL engaged exter
                       nal (FEE) mode
  179 0000004A         ;Establishes 48-MHz FLL clock from 32.678-kHz external c
                       rystal
  180 0000004A         ;Core clock = 47.97MHz
  181 0000004A         ;BusClock = 23.98MHz
  182 0000004A         ;Corresponds to CLOCK_SETUP = 1 in system_MKL05Z4.c
  183 0000004A         ;Follows [3], [2].24.5.1 MCG module initialization seque
                       nce,
  184 0000004A         ;  and [1].4.1 Clocking 3: Configuration examples,
  185 0000004A         ;[1] Freescale Semiconductor, <B>Kinetis L Peripheral Mo
                       dule Quick
  186 0000004A         ;    Reference</B>, KLQRUG, Rev. 0, 9/2012.
  187 0000004A         ;[2] Freescale Semiconductor, <B>KL05 Sub-Family Referen
                       ce Manual</B>,
  188 0000004A         ;    KL05P48M48SF1RM, Rev. 3.1, 11/2012.
  189 0000004A         ;[3] Freescale startup_MKL05Z4.s and system_MKL05Z4.c
  190 0000004A         ;    rev. 1.6, 4/11/2013
  191 0000004A         ;Input:  None
  192 0000004A         ;Output:  None
  193 0000004A         ;Modifies:  APSR
  194 0000004A         ;*******************************************************
                       *********
  195 0000004A B40F            PUSH             {R0-R3}
  196 0000004C         ;Configure for external clock from external 32-kHz oscil
                       lator
  197 0000004C         ;  EXTAL0 on PTA3
  198 0000004C         ;  XTAL0 on PTA4
  199 0000004C         ;Enable PORT A
  200 0000004C 4817            LDR              R0,=SIM_SCGC5
  201 0000004E 4918            LDR              R1,=SIM_SCGC5_PORTA_MASK
  202 00000050 6802            LDR              R2,[R0,#0]
  203 00000052 430A            ORRS             R2,R2,R1
  204 00000054 6002            STR              R2,[R0,#0]
  205 00000056         ;Set PORT A Pin 3 for EXTAL0
  206 00000056 4817            LDR              R0,=PORTA_BASE
  207 00000058 4917            LDR              R1,=PORT_PCR_SET_PTA3_EXTAL
  208 0000005A 60C1            STR              R1,[R0,#PORTA_PCR3_OFFSET]
  209 0000005C         ;Set PORT A Pin 4 for XTAL0
  210 0000005C         ;PORT_PCR_SET same as PTA3 already in R1
  211 0000005C         ;LDR     R1,=PORT_PCR_SET_PTA4_EXTAL
  212 0000005C 6101            STR              R1,[R0,#PORTA_PCR4_OFFSET]
  213 0000005E         ;Update clock dividers:  system/core = 1; bus/flash = 2
  214 0000005E         ;[1] defers this step until first part of switching to F
                       EE mode
  215 0000005E 4817            LDR              R0,=SIM_CLKDIV1
  216 00000060 4917            LDR              R1,=SIM_CLKDIV1_COREDIV1_BUSDIV
2
  217 00000062 6001            STR              R1,[R0,#0]
  218 00000064         ;------------------------------------------
  219 00000064         ;Establish FLL engaged external mode (FEE)
  220 00000064         ;------------------------------------------
  221 00000064         ;First configure oscillator settings in MCG_C2
  222 00000064         ;  RANGE is determined from external frequency



ARM Macro Assembler    Page 6 KL05 Bare Metal Assembly Startup


  223 00000064         ;  Since RANGE affects FRDIV, it must be set
  224 00000064         ;  correctly even with an external clock
  225 00000064         ;  * Low frequency range
  226 00000064         ;  * External reference oscillator
  227 00000064 4817            LDR              R0,=MCG_BASE
  228 00000066 2104            MOVS             R1,#MCG_C2_LF_EREFOSC
  229 00000068 7041            STRB             R1,[R0,#MCG_C2_OFFSET]
  230 0000006A         ;Enable external reference clock OSCERCLK,
  231 0000006A         ;without additional oscillator load
  232 0000006A 4A17            LDR              R2,=OSC0_CR
  233 0000006C 2180            MOVS             R1,#OSC0_CR_ERCLK_STOP_NOLOAD
  234 0000006E 7011            STRB             R1,[R2,#0]
  235 00000070         ;FRDIV set to keep FLL ref clock within
  236 00000070         ;correct range, determined by ref clock.
  237 00000070         ;  For 1-KHz ref, need divide by 1 (FRDIV = 0)
  238 00000070         ;  CLKS must be set to 2_00 to select FLL
  239 00000070         ;  Clearing IREFS selects and enables
  240 00000070         ;    external oscillator
  241 00000070         ;  [3] sets IRCLKEN for internal reference clock as MCGI
                       RCLK
  242 00000070         ;  [2] states this is optional:  convenient to allow
  243 00000070         ;      switching between internal and external but
  244 00000070         ;      consumes more power
  245 00000070 2102            MOVS             R1,#MCG_C1_FLL_DIV1_IRCLKEXTSTO
P
  246 00000072 7001            STRB             R1,[R0,#MCG_C1_OFFSET]
  247 00000074         ;Wait for oscillator initialization cycles
  248 00000074         ;to complete and become stable
  249 00000074         ;[2] suggests doing this step here
  250 00000074         ;[3] omits this step
  251 00000074 2102            MOVS             R1,#MCG_S_OSCINIT0_MASK
  252 00000076         SetClock48MHz_Wait_MCG_S_OSCINIT0    ;repeat {
  253 00000076 7982            LDRB             R2,[R0,#MCG_S_OFFSET]
  254 00000078 4211            TST              R1,R2
  255 0000007A D0FC            BEQ              SetClock48MHz_Wait_MCG_S_OSCINI
T0 
                                                            ;} until OSCINIT0
  256 0000007C         ;Wait for source of the FLL reference clock 
  257 0000007C         ;to be the external reference clock.
  258 0000007C         ;[2] suggests doing this step here
  259 0000007C         ;[3] defers until after MCG_C4 initialization
  260 0000007C         ;(MCG_S:  IREFST becomes 0)
  261 0000007C 2110            MOVS             R1,#MCG_S_IREFST_MASK
  262 0000007E         SetClock48MHz_Wait_MCG_S_IREFST_Clear ;do {
  263 0000007E 7982            LDRB             R2,[R0,#MCG_S_OFFSET]
  264 00000080 4211            TST              R1,R2
  265 00000082 D1FC            BNE              SetClock48MHz_Wait_MCG_S_IREFST
_Clear 
                                                            ;} while IREFST
  266 00000084         ;[1] omits this step
  267 00000084         ;Reference range:  31.25–39.0625 kHz
  268 00000084         ;FLL factor:  1280
  269 00000084         ;DCO range:  40–50 MHz
  270 00000084         ;Preserve FCTRIM and SCFTRIM
  271 00000084 78C2            LDRB             R2,[R0,#MCG_C4_OFFSET]
  272 00000086 2160            MOVS             R1,#MCG_C4_DRST_DRS_MASK
  273 00000088 23A0            MOVS             R3,#MCG_C4_DCO_25PMAX_MID
  274 0000008A 438A            BICS             R2,R2,R1
  275 0000008C 431A            ORRS             R2,R2,R3



ARM Macro Assembler    Page 7 KL05 Bare Metal Assembly Startup


  276 0000008E 70C2            STRB             R2,[R0,#MCG_C4_OFFSET]
  277 00000090         ;Wait until output of FLL is selected [3]
  278 00000090 210C            MOVS             R1,#MCG_S_CLKST_MASK
  279 00000092         SetClock48MHz_Wait_MCG_FLL_Selected  ;do {
  280 00000092 7982            LDRB             R2,[R0,#MCG_S_OFFSET]
  281 00000094 4211            TST              R1,R2
  282 00000096 D1FC            BNE              SetClock48MHz_Wait_MCG_FLL_Sele
cted 
                                                            ;} while CLKST
  283 00000098         ;Now have 48-MHz FLL clock,
  284 00000098         ;48-MHz core clock, and 24-MHz bus clock
  285 00000098 BC0F            POP              {R0-R3}
  286 0000009A 4770            BX               LR
  287 0000009C                 ENDP                         ;SetClock48MHz
  288 0000009C         ;*******************************************************
                       *********
  289 0000009C                 ALIGN
  290 0000009C         ;Program template for CMPE-250 uses main as "Reset_Handl
                       er"
  291 0000009C         ;           EXPORT  Reset_Handler
  292 0000009C         ;*******************************************************
                       *********
  293 0000009C         ;Goto main
  294 0000009C         ;*******************************************************
                       *********
  295 0000009C         ;           LDR     R0,=main
  296 0000009C         ;           BX      R0
  297 0000009C                 EXPORT           Dummy_Handler
  298 0000009C                 EXPORT           HardFault_Handler  [WEAK]
  299 0000009C         Dummy_Handler
                               PROC             {}
  300 0000009C         HardFault_Handler
  301 0000009C         ;*******************************************************
                       *********
  302 0000009C         ;Dummy exception handler (infinite loop)
  303 0000009C         ;*******************************************************
                       *********
  304 0000009C E7FE            B                .
  305 0000009E                 ENDP                         ;Dummy_Handler
  306 0000009E         ;-------------------------------------------------------
                       --------
  307 0000009E 00 00           ALIGN
  308 000000A0         ;*******************************************************
                       *********
  309 000000A0 40048100 
              11111111 
              05250113 
              40048038 
              00000200 
              40049000 
              01000000 
              40048044 
              00010000 
              40064000 
              40065000         AREA             |.ARM.__at_0xC0|,DATA,NOALLOC,R
EADONLY
  310 00000000         ;Program once field:  0xC0-0xFF
  311 00000000 00 00 00 
              00 00 00 



ARM Macro Assembler    Page 8 KL05 Bare Metal Assembly Startup


              00 00 00 
              00 00 00 
              00 00 00 
              00 00 00 
              00 00 00 
              00 00 00 
              00 00 00 
              00 00 00 
              00 00 00 
              00 00 00 
              00 00 00 
              00 00 00 
              00 00 00 
              00 00 00 
              00 00 00 
              00 00 00 
              00 00 00 
              00 00 00 
              00 00 00 
              00               SPACE            0x40
  312 00000040         ;*******************************************************
                       *********
  313 00000040                 IF               :LNOT::DEF:RAM_TARGET
  314 00000040                 AREA             |.ARM.__at_0x400|,CODE,READONLY
  315 00000000 FF FF           DCB              FCF_BACKDOOR_KEY0,FCF_BACKDOOR_
KEY1
  316 00000002 FF FF           DCB              FCF_BACKDOOR_KEY2,FCF_BACKDOOR_
KEY3
  317 00000004 FF FF           DCB              FCF_BACKDOOR_KEY4,FCF_BACKDOOR_
KEY5
  318 00000006 FF FF           DCB              FCF_BACKDOOR_KEY6,FCF_BACKDOOR_
KEY7
  319 00000008 FF FF FF 
              FF               DCB              FCF_FPROT0,FCF_FPROT1,FCF_FPROT
2,FCF_FPROT3
  320 0000000C 7E FF FF 
              FF               DCB              FCF_FSEC,FCF_FOPT,0xFF,0xFF
  321 00000010                 ENDIF
  322 00000010         ;*******************************************************
                       *********
  323 00000010                 AREA             |.ARM.__at_0x1FFFFC00|,DATA,REA
DWRITE,ALIGN=3
  324 00000000                 EXPORT           __initial_sp
  325 00000000         ;Allocate system stack beginning at lowest address of RA
                       M
  326 00000000                 IF               :LNOT::DEF:SSTACK_SIZE
  328                          ENDIF
  329 00000000 00 00 00 
              00 00 00 
              00 00 00 
              00 00 00 
              00 00 00 
              00 00 00 
              00 00 00 
              00 00 00 
              00 00 00 
              00 00 00 
              00 00 00 
              00 00 00 



ARM Macro Assembler    Page 9 KL05 Bare Metal Assembly Startup


              00 00 00 
              00 00 00 
              00 00 00 
              00 00 00 
              00 00 00 
              00 00 00 
              00 00 00 
              00 00 00 
              00 00 00 
              00 00 00 
              00 00 00 
              00 00 00 
              00 00 00 
              00 00 00 
              00 00 00 
              00 00 00 
              00 00 00 
              00 00 00 
              00 00 00 
              00 00 00 
              00 00 00 
              00 00 00 
              00 00 00 
              00 00 00 
              00 00 00 
              00 00 00 
              00 00 00 
              00 00 00 
              00 00 00 
              00 00 00 
              00 00 00 
              00 00 00 
              00 00 00 
              00 00 00 
              00 00 00 
              00 00 00 
              00 00 00 
              00 00 00 
              00 00 00 
              00 00 00 
              00 00 00 
              00 00 00 
              00 00 00 
              00 00 00 
              00 00 00 
              00 00 00 
              00 00 00 
              00 00 00 
              00 00 00 
              00 00 00 
              00 00 00 
              00 00 00 
              00 00 00 
              00 00 00 
              00 00 00 
              00 00 00 
              00 00 00 
              00 00 00 
              00 00 00 



ARM Macro Assembler    Page 10 KL05 Bare Metal Assembly Startup


              00 00 00 
              00 00 00 
              00 00 00 
              00 00 00 
              00 00 00 
              00 00 00 
              00 00 00 
              00 00 00 
              00 00 00 
              00 00 00 
              00 00 00 
              00 00 00 
              00 00 00 
              00 00 00 
              00       Stack_Mem
                               SPACE            SSTACK_SIZE
  330 00000100         __initial_sp
  331 00000100         ;*******************************************************
                       *********
  332 00000100                 END
Command Line: --debug --xref --diag_suppress=9931 --cpu=Cortex-M0+ --apcs=inter
work --depend=.\objects\start.d -o.\objects\start.o -I.\RTE\_Target_1 -IC:\Keil
_v5\ARM\PACK\Keil\Kinetis_KLxx_DFP\1.14.0\Device\Include -IC:\Keil_v5\ARM\CMSIS
\Include --predefine="__EVAL SETA 1" --predefine="__UVISION_VERSION SETA 524" -
-predefine="MKL05Z32xxx4 SETA 1" --list=.\listings\start.lst ..\lab8\Start.s



ARM Macro Assembler    Page 1 Alphabetic symbol ordering
Relocatable symbols

Dummy_Handler 0000009C

Symbol: Dummy_Handler
   Definitions
      At line 299 in file ..\lab8\Start.s
   Uses
      At line 297 in file ..\lab8\Start.s
Comment: Dummy_Handler used once
HardFault_Handler 0000009C

Symbol: HardFault_Handler
   Definitions
      At line 300 in file ..\lab8\Start.s
   Uses
      At line 298 in file ..\lab8\Start.s
Comment: HardFault_Handler used once
SetClock48MHz 0000004A

Symbol: SetClock48MHz
   Definitions
      At line 176 in file ..\lab8\Start.s
   Uses
      At line 123 in file ..\lab8\Start.s
Comment: SetClock48MHz used once
SetClock48MHz_Wait_MCG_FLL_Selected 00000092

Symbol: SetClock48MHz_Wait_MCG_FLL_Selected
   Definitions
      At line 279 in file ..\lab8\Start.s
   Uses
      At line 282 in file ..\lab8\Start.s
Comment: SetClock48MHz_Wait_MCG_FLL_Selected used once
SetClock48MHz_Wait_MCG_S_IREFST_Clear 0000007E

Symbol: SetClock48MHz_Wait_MCG_S_IREFST_Clear
   Definitions
      At line 262 in file ..\lab8\Start.s
   Uses
      At line 265 in file ..\lab8\Start.s
Comment: SetClock48MHz_Wait_MCG_S_IREFST_Clear used once
SetClock48MHz_Wait_MCG_S_OSCINIT0 00000076

Symbol: SetClock48MHz_Wait_MCG_S_OSCINIT0
   Definitions
      At line 252 in file ..\lab8\Start.s
   Uses
      At line 255 in file ..\lab8\Start.s
Comment: SetClock48MHz_Wait_MCG_S_OSCINIT0 used once
Start 00000000

Symbol: Start
   Definitions
      At line 101 in file ..\lab8\Start.s
   Uses
      None
Comment: Start unused
Startup 00000000

Symbol: Startup



ARM Macro Assembler    Page 2 Alphabetic symbol ordering
Relocatable symbols

   Definitions
      At line 104 in file ..\lab8\Start.s
   Uses
      At line 102 in file ..\lab8\Start.s
Comment: Startup used once
SystemInit 0000000E

Symbol: SystemInit
   Definitions
      At line 128 in file ..\lab8\Start.s
   Uses
      At line 119 in file ..\lab8\Start.s
Comment: SystemInit used once
9 symbols



ARM Macro Assembler    Page 1 Alphabetic symbol ordering
Relocatable symbols

.ARM.__at_0xC0 00000000

Symbol: .ARM.__at_0xC0
   Definitions
      At line 309 in file ..\lab8\Start.s
   Uses
      None
Comment: .ARM.__at_0xC0 unused
1 symbol



ARM Macro Assembler    Page 1 Alphabetic symbol ordering
Relocatable symbols

.ARM.__at_0x400 00000000

Symbol: .ARM.__at_0x400
   Definitions
      At line 314 in file ..\lab8\Start.s
   Uses
      None
Comment: .ARM.__at_0x400 unused
1 symbol



ARM Macro Assembler    Page 1 Alphabetic symbol ordering
Relocatable symbols

.ARM.__at_0x1FFFFC00 00000000

Symbol: .ARM.__at_0x1FFFFC00
   Definitions
      At line 323 in file ..\lab8\Start.s
   Uses
      None
Comment: .ARM.__at_0x1FFFFC00 unused
Stack_Mem 00000000

Symbol: Stack_Mem
   Definitions
      At line 329 in file ..\lab8\Start.s
   Uses
      None
Comment: Stack_Mem unused
__initial_sp 00000100

Symbol: __initial_sp
   Definitions
      At line 330 in file ..\lab8\Start.s
   Uses
      At line 324 in file ..\lab8\Start.s
Comment: __initial_sp used once
3 symbols



ARM Macro Assembler    Page 1 Alphabetic symbol ordering
Absolute symbols

ADC0_BASE 4003B000

Symbol: ADC0_BASE
   Definitions
      At line 197 in file ..\lab8\MKL05Z4.s
   Uses
      At line 221 in file ..\lab8\MKL05Z4.s
      At line 222 in file ..\lab8\MKL05Z4.s
      At line 223 in file ..\lab8\MKL05Z4.s
      At line 224 in file ..\lab8\MKL05Z4.s
      At line 225 in file ..\lab8\MKL05Z4.s
      At line 226 in file ..\lab8\MKL05Z4.s
      At line 227 in file ..\lab8\MKL05Z4.s
      At line 228 in file ..\lab8\MKL05Z4.s
      At line 229 in file ..\lab8\MKL05Z4.s
      At line 230 in file ..\lab8\MKL05Z4.s
      At line 231 in file ..\lab8\MKL05Z4.s
      At line 232 in file ..\lab8\MKL05Z4.s
      At line 233 in file ..\lab8\MKL05Z4.s
      At line 235 in file ..\lab8\MKL05Z4.s
      At line 236 in file ..\lab8\MKL05Z4.s
      At line 239 in file ..\lab8\MKL05Z4.s
      At line 240 in file ..\lab8\MKL05Z4.s
      At line 241 in file ..\lab8\MKL05Z4.s
      At line 242 in file ..\lab8\MKL05Z4.s

ADC0_CFG1 4003B008

Symbol: ADC0_CFG1
   Definitions
      At line 221 in file ..\lab8\MKL05Z4.s
   Uses
      None
Comment: ADC0_CFG1 unused
ADC0_CFG2 4003B00C

Symbol: ADC0_CFG2
   Definitions
      At line 222 in file ..\lab8\MKL05Z4.s
   Uses
      None
Comment: ADC0_CFG2 unused
ADC0_CLP0 4003B04C

Symbol: ADC0_CLP0
   Definitions
      At line 225 in file ..\lab8\MKL05Z4.s
   Uses
      None
Comment: ADC0_CLP0 unused
ADC0_CLP1 4003B048

Symbol: ADC0_CLP1
   Definitions
      At line 226 in file ..\lab8\MKL05Z4.s
   Uses
      None
Comment: ADC0_CLP1 unused
ADC0_CLP2 4003B044



ARM Macro Assembler    Page 2 Alphabetic symbol ordering
Absolute symbols


Symbol: ADC0_CLP2
   Definitions
      At line 227 in file ..\lab8\MKL05Z4.s
   Uses
      None
Comment: ADC0_CLP2 unused
ADC0_CLP3 4003B040

Symbol: ADC0_CLP3
   Definitions
      At line 228 in file ..\lab8\MKL05Z4.s
   Uses
      None
Comment: ADC0_CLP3 unused
ADC0_CLP4 4003B03C

Symbol: ADC0_CLP4
   Definitions
      At line 229 in file ..\lab8\MKL05Z4.s
   Uses
      None
Comment: ADC0_CLP4 unused
ADC0_CLPD 4003B034

Symbol: ADC0_CLPD
   Definitions
      At line 223 in file ..\lab8\MKL05Z4.s
   Uses
      None
Comment: ADC0_CLPD unused
ADC0_CLPS 4003B038

Symbol: ADC0_CLPS
   Definitions
      At line 224 in file ..\lab8\MKL05Z4.s
   Uses
      None
Comment: ADC0_CLPS unused
ADC0_CV1 4003B018

Symbol: ADC0_CV1
   Definitions
      At line 230 in file ..\lab8\MKL05Z4.s
   Uses
      None
Comment: ADC0_CV1 unused
ADC0_CV2 4003B01C

Symbol: ADC0_CV2
   Definitions
      At line 231 in file ..\lab8\MKL05Z4.s
   Uses
      None
Comment: ADC0_CV2 unused
ADC0_IPR E000E40C

Symbol: ADC0_IPR
   Definitions



ARM Macro Assembler    Page 3 Alphabetic symbol ordering
Absolute symbols

      At line 1453 in file ..\lab8\MKL05Z4.s
   Uses
      None
Comment: ADC0_IPR unused
ADC0_IRQ_MASK 00008000

Symbol: ADC0_IRQ_MASK
   Definitions
      At line 1523 in file ..\lab8\MKL05Z4.s
   Uses
      None
Comment: ADC0_IRQ_MASK unused
ADC0_IRQn 0000000F

Symbol: ADC0_IRQn
   Definitions
      At line 172 in file ..\lab8\MKL05Z4.s
   Uses
      At line 1523 in file ..\lab8\MKL05Z4.s
Comment: ADC0_IRQn used once
ADC0_OFS 4003B028

Symbol: ADC0_OFS
   Definitions
      At line 232 in file ..\lab8\MKL05Z4.s
   Uses
      None
Comment: ADC0_OFS unused
ADC0_PG 4003B02C

Symbol: ADC0_PG
   Definitions
      At line 233 in file ..\lab8\MKL05Z4.s
   Uses
      None
Comment: ADC0_PG unused
ADC0_PRI_POS 0000001E

Symbol: ADC0_PRI_POS
   Definitions
      At line 1489 in file ..\lab8\MKL05Z4.s
   Uses
      None
Comment: ADC0_PRI_POS unused
ADC0_RA 4003B010

Symbol: ADC0_RA
   Definitions
      At line 235 in file ..\lab8\MKL05Z4.s
   Uses
      None
Comment: ADC0_RA unused
ADC0_RB 4003B014

Symbol: ADC0_RB
   Definitions
      At line 236 in file ..\lab8\MKL05Z4.s
   Uses
      None



ARM Macro Assembler    Page 4 Alphabetic symbol ordering
Absolute symbols

Comment: ADC0_RB unused
ADC0_SC1A 4003B000

Symbol: ADC0_SC1A
   Definitions
      At line 239 in file ..\lab8\MKL05Z4.s
   Uses
      None
Comment: ADC0_SC1A unused
ADC0_SC1B 4003B004

Symbol: ADC0_SC1B
   Definitions
      At line 240 in file ..\lab8\MKL05Z4.s
   Uses
      None
Comment: ADC0_SC1B unused
ADC0_SC2 4003B020

Symbol: ADC0_SC2
   Definitions
      At line 241 in file ..\lab8\MKL05Z4.s
   Uses
      None
Comment: ADC0_SC2 unused
ADC0_SC3 4003B024

Symbol: ADC0_SC3
   Definitions
      At line 242 in file ..\lab8\MKL05Z4.s
   Uses
      None
Comment: ADC0_SC3 unused
ADC0_Vector 0000001F

Symbol: ADC0_Vector
   Definitions
      At line 1574 in file ..\lab8\MKL05Z4.s
   Uses
      None
Comment: ADC0_Vector unused
ADC_CFG1_ADICLK_MASK 00000003

Symbol: ADC_CFG1_ADICLK_MASK
   Definitions
      At line 270 in file ..\lab8\MKL05Z4.s
   Uses
      None
Comment: ADC_CFG1_ADICLK_MASK unused
ADC_CFG1_ADICLK_SHIFT 00000000

Symbol: ADC_CFG1_ADICLK_SHIFT
   Definitions
      At line 271 in file ..\lab8\MKL05Z4.s
   Uses
      None
Comment: ADC_CFG1_ADICLK_SHIFT unused
ADC_CFG1_ADIV_MASK 00000060




ARM Macro Assembler    Page 5 Alphabetic symbol ordering
Absolute symbols

Symbol: ADC_CFG1_ADIV_MASK
   Definitions
      At line 264 in file ..\lab8\MKL05Z4.s
   Uses
      None
Comment: ADC_CFG1_ADIV_MASK unused
ADC_CFG1_ADIV_SHIFT 00000005

Symbol: ADC_CFG1_ADIV_SHIFT
   Definitions
      At line 265 in file ..\lab8\MKL05Z4.s
   Uses
      None
Comment: ADC_CFG1_ADIV_SHIFT unused
ADC_CFG1_ADLPC_MASK 00000080

Symbol: ADC_CFG1_ADLPC_MASK
   Definitions
      At line 262 in file ..\lab8\MKL05Z4.s
   Uses
      None
Comment: ADC_CFG1_ADLPC_MASK unused
ADC_CFG1_ADLPC_SHIFT 00000007

Symbol: ADC_CFG1_ADLPC_SHIFT
   Definitions
      At line 263 in file ..\lab8\MKL05Z4.s
   Uses
      None
Comment: ADC_CFG1_ADLPC_SHIFT unused
ADC_CFG1_ADLSMP_MASK 00000010

Symbol: ADC_CFG1_ADLSMP_MASK
   Definitions
      At line 266 in file ..\lab8\MKL05Z4.s
   Uses
      None
Comment: ADC_CFG1_ADLSMP_MASK unused
ADC_CFG1_ADLSMP_SHIFT 00000004

Symbol: ADC_CFG1_ADLSMP_SHIFT
   Definitions
      At line 267 in file ..\lab8\MKL05Z4.s
   Uses
      None
Comment: ADC_CFG1_ADLSMP_SHIFT unused
ADC_CFG1_MODE_MASK 0000000C

Symbol: ADC_CFG1_MODE_MASK
   Definitions
      At line 268 in file ..\lab8\MKL05Z4.s
   Uses
      None
Comment: ADC_CFG1_MODE_MASK unused
ADC_CFG1_MODE_SHIFT 00000002

Symbol: ADC_CFG1_MODE_SHIFT
   Definitions
      At line 269 in file ..\lab8\MKL05Z4.s



ARM Macro Assembler    Page 6 Alphabetic symbol ordering
Absolute symbols

   Uses
      None
Comment: ADC_CFG1_MODE_SHIFT unused
ADC_CFG1_OFFSET 00000008

Symbol: ADC_CFG1_OFFSET
   Definitions
      At line 202 in file ..\lab8\MKL05Z4.s
   Uses
      At line 221 in file ..\lab8\MKL05Z4.s
Comment: ADC_CFG1_OFFSET used once
ADC_CFG2_ADACKEN_MASK 00000008

Symbol: ADC_CFG2_ADACKEN_MASK
   Definitions
      At line 293 in file ..\lab8\MKL05Z4.s
   Uses
      None
Comment: ADC_CFG2_ADACKEN_MASK unused
ADC_CFG2_ADACKEN_SHIFT 00000003

Symbol: ADC_CFG2_ADACKEN_SHIFT
   Definitions
      At line 294 in file ..\lab8\MKL05Z4.s
   Uses
      None
Comment: ADC_CFG2_ADACKEN_SHIFT unused
ADC_CFG2_ADHSC_MASK 00000004

Symbol: ADC_CFG2_ADHSC_MASK
   Definitions
      At line 295 in file ..\lab8\MKL05Z4.s
   Uses
      None
Comment: ADC_CFG2_ADHSC_MASK unused
ADC_CFG2_ADHSC_SHIFT 00000002

Symbol: ADC_CFG2_ADHSC_SHIFT
   Definitions
      At line 296 in file ..\lab8\MKL05Z4.s
   Uses
      None
Comment: ADC_CFG2_ADHSC_SHIFT unused
ADC_CFG2_ADLSTS_MASK 00000003

Symbol: ADC_CFG2_ADLSTS_MASK
   Definitions
      At line 297 in file ..\lab8\MKL05Z4.s
   Uses
      None
Comment: ADC_CFG2_ADLSTS_MASK unused
ADC_CFG2_ADLSTS_SHIFT 00000000

Symbol: ADC_CFG2_ADLSTS_SHIFT
   Definitions
      At line 298 in file ..\lab8\MKL05Z4.s
   Uses
      None
Comment: ADC_CFG2_ADLSTS_SHIFT unused



ARM Macro Assembler    Page 7 Alphabetic symbol ordering
Absolute symbols

ADC_CFG2_MUXSEL_MASK 00000010

Symbol: ADC_CFG2_MUXSEL_MASK
   Definitions
      At line 291 in file ..\lab8\MKL05Z4.s
   Uses
      None
Comment: ADC_CFG2_MUXSEL_MASK unused
ADC_CFG2_MUXSEL_SHIFT 00000004

Symbol: ADC_CFG2_MUXSEL_SHIFT
   Definitions
      At line 292 in file ..\lab8\MKL05Z4.s
   Uses
      None
Comment: ADC_CFG2_MUXSEL_SHIFT unused
ADC_CFG2_OFFSET 0000000C

Symbol: ADC_CFG2_OFFSET
   Definitions
      At line 203 in file ..\lab8\MKL05Z4.s
   Uses
      At line 222 in file ..\lab8\MKL05Z4.s
Comment: ADC_CFG2_OFFSET used once
ADC_CLP0_MASK 0000003F

Symbol: ADC_CLP0_MASK
   Definitions
      At line 315 in file ..\lab8\MKL05Z4.s
   Uses
      None
Comment: ADC_CLP0_MASK unused
ADC_CLP0_OFFSET 0000004C

Symbol: ADC_CLP0_OFFSET
   Definitions
      At line 220 in file ..\lab8\MKL05Z4.s
   Uses
      At line 225 in file ..\lab8\MKL05Z4.s
Comment: ADC_CLP0_OFFSET used once
ADC_CLP0_SHIFT 00000000

Symbol: ADC_CLP0_SHIFT
   Definitions
      At line 316 in file ..\lab8\MKL05Z4.s
   Uses
      None
Comment: ADC_CLP0_SHIFT unused
ADC_CLP1_MASK 0000007F

Symbol: ADC_CLP1_MASK
   Definitions
      At line 321 in file ..\lab8\MKL05Z4.s
   Uses
      None
Comment: ADC_CLP1_MASK unused
ADC_CLP1_OFFSET 00000048

Symbol: ADC_CLP1_OFFSET



ARM Macro Assembler    Page 8 Alphabetic symbol ordering
Absolute symbols

   Definitions
      At line 219 in file ..\lab8\MKL05Z4.s
   Uses
      At line 226 in file ..\lab8\MKL05Z4.s
Comment: ADC_CLP1_OFFSET used once
ADC_CLP1_SHIFT 00000000

Symbol: ADC_CLP1_SHIFT
   Definitions
      At line 322 in file ..\lab8\MKL05Z4.s
   Uses
      None
Comment: ADC_CLP1_SHIFT unused
ADC_CLP2_MASK 000000FF

Symbol: ADC_CLP2_MASK
   Definitions
      At line 327 in file ..\lab8\MKL05Z4.s
   Uses
      None
Comment: ADC_CLP2_MASK unused
ADC_CLP2_OFFSET 00000044

Symbol: ADC_CLP2_OFFSET
   Definitions
      At line 218 in file ..\lab8\MKL05Z4.s
   Uses
      At line 227 in file ..\lab8\MKL05Z4.s
Comment: ADC_CLP2_OFFSET used once
ADC_CLP2_SHIFT 00000000

Symbol: ADC_CLP2_SHIFT
   Definitions
      At line 328 in file ..\lab8\MKL05Z4.s
   Uses
      None
Comment: ADC_CLP2_SHIFT unused
ADC_CLP3_MASK 000001FF

Symbol: ADC_CLP3_MASK
   Definitions
      At line 333 in file ..\lab8\MKL05Z4.s
   Uses
      None
Comment: ADC_CLP3_MASK unused
ADC_CLP3_OFFSET 00000040

Symbol: ADC_CLP3_OFFSET
   Definitions
      At line 217 in file ..\lab8\MKL05Z4.s
   Uses
      At line 228 in file ..\lab8\MKL05Z4.s
Comment: ADC_CLP3_OFFSET used once
ADC_CLP3_SHIFT 00000000

Symbol: ADC_CLP3_SHIFT
   Definitions
      At line 334 in file ..\lab8\MKL05Z4.s
   Uses



ARM Macro Assembler    Page 9 Alphabetic symbol ordering
Absolute symbols

      None
Comment: ADC_CLP3_SHIFT unused
ADC_CLP4_MASK 000003FF

Symbol: ADC_CLP4_MASK
   Definitions
      At line 339 in file ..\lab8\MKL05Z4.s
   Uses
      None
Comment: ADC_CLP4_MASK unused
ADC_CLP4_OFFSET 0000003C

Symbol: ADC_CLP4_OFFSET
   Definitions
      At line 216 in file ..\lab8\MKL05Z4.s
   Uses
      At line 229 in file ..\lab8\MKL05Z4.s
Comment: ADC_CLP4_OFFSET used once
ADC_CLP4_SHIFT 00000000

Symbol: ADC_CLP4_SHIFT
   Definitions
      At line 340 in file ..\lab8\MKL05Z4.s
   Uses
      None
Comment: ADC_CLP4_SHIFT unused
ADC_CLPD_MASK 0000003F

Symbol: ADC_CLPD_MASK
   Definitions
      At line 303 in file ..\lab8\MKL05Z4.s
   Uses
      None
Comment: ADC_CLPD_MASK unused
ADC_CLPD_OFFSET 00000034

Symbol: ADC_CLPD_OFFSET
   Definitions
      At line 214 in file ..\lab8\MKL05Z4.s
   Uses
      At line 223 in file ..\lab8\MKL05Z4.s
Comment: ADC_CLPD_OFFSET used once
ADC_CLPD_SHIFT 00000000

Symbol: ADC_CLPD_SHIFT
   Definitions
      At line 304 in file ..\lab8\MKL05Z4.s
   Uses
      None
Comment: ADC_CLPD_SHIFT unused
ADC_CLPS_MASK 0000003F

Symbol: ADC_CLPS_MASK
   Definitions
      At line 309 in file ..\lab8\MKL05Z4.s
   Uses
      None
Comment: ADC_CLPS_MASK unused
ADC_CLPS_OFFSET 00000038



ARM Macro Assembler    Page 10 Alphabetic symbol ordering
Absolute symbols


Symbol: ADC_CLPS_OFFSET
   Definitions
      At line 215 in file ..\lab8\MKL05Z4.s
   Uses
      At line 224 in file ..\lab8\MKL05Z4.s
Comment: ADC_CLPS_OFFSET used once
ADC_CLPS_SHIFT 00000000

Symbol: ADC_CLPS_SHIFT
   Definitions
      At line 310 in file ..\lab8\MKL05Z4.s
   Uses
      None
Comment: ADC_CLPS_SHIFT unused
ADC_CV1_OFFSET 00000018

Symbol: ADC_CV1_OFFSET
   Definitions
      At line 207 in file ..\lab8\MKL05Z4.s
   Uses
      At line 230 in file ..\lab8\MKL05Z4.s
Comment: ADC_CV1_OFFSET used once
ADC_CV2_OFFSET 0000001C

Symbol: ADC_CV2_OFFSET
   Definitions
      At line 208 in file ..\lab8\MKL05Z4.s
   Uses
      At line 231 in file ..\lab8\MKL05Z4.s
Comment: ADC_CV2_OFFSET used once
ADC_CV_MASK 0000FFFF

Symbol: ADC_CV_MASK
   Definitions
      At line 348 in file ..\lab8\MKL05Z4.s
   Uses
      None
Comment: ADC_CV_MASK unused
ADC_CV_SHIFT 00000000

Symbol: ADC_CV_SHIFT
   Definitions
      At line 349 in file ..\lab8\MKL05Z4.s
   Uses
      None
Comment: ADC_CV_SHIFT unused
ADC_OFS_MASK 0000FFFF

Symbol: ADC_OFS_MASK
   Definitions
      At line 354 in file ..\lab8\MKL05Z4.s
   Uses
      None
Comment: ADC_OFS_MASK unused
ADC_OFS_OFFSET 00000028

Symbol: ADC_OFS_OFFSET
   Definitions



ARM Macro Assembler    Page 11 Alphabetic symbol ordering
Absolute symbols

      At line 211 in file ..\lab8\MKL05Z4.s
   Uses
      At line 232 in file ..\lab8\MKL05Z4.s
Comment: ADC_OFS_OFFSET used once
ADC_OFS_SHIFT 00000000

Symbol: ADC_OFS_SHIFT
   Definitions
      At line 355 in file ..\lab8\MKL05Z4.s
   Uses
      None
Comment: ADC_OFS_SHIFT unused
ADC_PG_MASK 0000FFFF

Symbol: ADC_PG_MASK
   Definitions
      At line 360 in file ..\lab8\MKL05Z4.s
   Uses
      None
Comment: ADC_PG_MASK unused
ADC_PG_OFFSET 0000002C

Symbol: ADC_PG_OFFSET
   Definitions
      At line 212 in file ..\lab8\MKL05Z4.s
   Uses
      At line 233 in file ..\lab8\MKL05Z4.s
Comment: ADC_PG_OFFSET used once
ADC_PG_SHIFT 00000000

Symbol: ADC_PG_SHIFT
   Definitions
      At line 361 in file ..\lab8\MKL05Z4.s
   Uses
      None
Comment: ADC_PG_SHIFT unused
ADC_RA_OFFSET 00000010

Symbol: ADC_RA_OFFSET
   Definitions
      At line 205 in file ..\lab8\MKL05Z4.s
   Uses
      At line 235 in file ..\lab8\MKL05Z4.s
Comment: ADC_RA_OFFSET used once
ADC_RB_OFFSET 00000014

Symbol: ADC_RB_OFFSET
   Definitions
      At line 206 in file ..\lab8\MKL05Z4.s
   Uses
      At line 236 in file ..\lab8\MKL05Z4.s
Comment: ADC_RB_OFFSET used once
ADC_R_D_MASK 0000FFFF

Symbol: ADC_R_D_MASK
   Definitions
      At line 366 in file ..\lab8\MKL05Z4.s
   Uses
      None



ARM Macro Assembler    Page 12 Alphabetic symbol ordering
Absolute symbols

Comment: ADC_R_D_MASK unused
ADC_R_D_SHIFT 00000000

Symbol: ADC_R_D_SHIFT
   Definitions
      At line 367 in file ..\lab8\MKL05Z4.s
   Uses
      None
Comment: ADC_R_D_SHIFT unused
ADC_SC1A_OFFSET 00000000

Symbol: ADC_SC1A_OFFSET
   Definitions
      At line 200 in file ..\lab8\MKL05Z4.s
   Uses
      At line 239 in file ..\lab8\MKL05Z4.s
Comment: ADC_SC1A_OFFSET used once
ADC_SC1B_OFFSET 00000004

Symbol: ADC_SC1B_OFFSET
   Definitions
      At line 201 in file ..\lab8\MKL05Z4.s
   Uses
      At line 240 in file ..\lab8\MKL05Z4.s
Comment: ADC_SC1B_OFFSET used once
ADC_SC1_ADCH_MASK 0000001F

Symbol: ADC_SC1_ADCH_MASK
   Definitions
      At line 411 in file ..\lab8\MKL05Z4.s
   Uses
      None
Comment: ADC_SC1_ADCH_MASK unused
ADC_SC1_ADCH_SHIFT 00000000

Symbol: ADC_SC1_ADCH_SHIFT
   Definitions
      At line 412 in file ..\lab8\MKL05Z4.s
   Uses
      None
Comment: ADC_SC1_ADCH_SHIFT unused
ADC_SC1_AIEN_MASK 00000040

Symbol: ADC_SC1_AIEN_MASK
   Definitions
      At line 409 in file ..\lab8\MKL05Z4.s
   Uses
      None
Comment: ADC_SC1_AIEN_MASK unused
ADC_SC1_AIEN_SHIFT 00000006

Symbol: ADC_SC1_AIEN_SHIFT
   Definitions
      At line 410 in file ..\lab8\MKL05Z4.s
   Uses
      None
Comment: ADC_SC1_AIEN_SHIFT unused
ADC_SC1_COCO_MASK 00000080




ARM Macro Assembler    Page 13 Alphabetic symbol ordering
Absolute symbols

Symbol: ADC_SC1_COCO_MASK
   Definitions
      At line 407 in file ..\lab8\MKL05Z4.s
   Uses
      None
Comment: ADC_SC1_COCO_MASK unused
ADC_SC1_COCO_SHIFT 00000007

Symbol: ADC_SC1_COCO_SHIFT
   Definitions
      At line 408 in file ..\lab8\MKL05Z4.s
   Uses
      None
Comment: ADC_SC1_COCO_SHIFT unused
ADC_SC2_ACFE_MASK 00000020

Symbol: ADC_SC2_ACFE_MASK
   Definitions
      At line 438 in file ..\lab8\MKL05Z4.s
   Uses
      None
Comment: ADC_SC2_ACFE_MASK unused
ADC_SC2_ACFE_SHIFT 00000005

Symbol: ADC_SC2_ACFE_SHIFT
   Definitions
      At line 439 in file ..\lab8\MKL05Z4.s
   Uses
      None
Comment: ADC_SC2_ACFE_SHIFT unused
ADC_SC2_ACFGT_MASK 00000010

Symbol: ADC_SC2_ACFGT_MASK
   Definitions
      At line 440 in file ..\lab8\MKL05Z4.s
   Uses
      None
Comment: ADC_SC2_ACFGT_MASK unused
ADC_SC2_ACFGT_SHIFT 00000004

Symbol: ADC_SC2_ACFGT_SHIFT
   Definitions
      At line 441 in file ..\lab8\MKL05Z4.s
   Uses
      None
Comment: ADC_SC2_ACFGT_SHIFT unused
ADC_SC2_ACREN_MASK 00000008

Symbol: ADC_SC2_ACREN_MASK
   Definitions
      At line 442 in file ..\lab8\MKL05Z4.s
   Uses
      None
Comment: ADC_SC2_ACREN_MASK unused
ADC_SC2_ACREN_SHIFT 00000003

Symbol: ADC_SC2_ACREN_SHIFT
   Definitions
      At line 443 in file ..\lab8\MKL05Z4.s



ARM Macro Assembler    Page 14 Alphabetic symbol ordering
Absolute symbols

   Uses
      None
Comment: ADC_SC2_ACREN_SHIFT unused
ADC_SC2_ADACT_MASK 00000080

Symbol: ADC_SC2_ADACT_MASK
   Definitions
      At line 434 in file ..\lab8\MKL05Z4.s
   Uses
      None
Comment: ADC_SC2_ADACT_MASK unused
ADC_SC2_ADACT_SHIFT 00000007

Symbol: ADC_SC2_ADACT_SHIFT
   Definitions
      At line 435 in file ..\lab8\MKL05Z4.s
   Uses
      None
Comment: ADC_SC2_ADACT_SHIFT unused
ADC_SC2_ADTRG_MASK 00000040

Symbol: ADC_SC2_ADTRG_MASK
   Definitions
      At line 436 in file ..\lab8\MKL05Z4.s
   Uses
      None
Comment: ADC_SC2_ADTRG_MASK unused
ADC_SC2_ADTRG_SHIFT 00000006

Symbol: ADC_SC2_ADTRG_SHIFT
   Definitions
      At line 437 in file ..\lab8\MKL05Z4.s
   Uses
      None
Comment: ADC_SC2_ADTRG_SHIFT unused
ADC_SC2_DMAEN_MASK 00000004

Symbol: ADC_SC2_DMAEN_MASK
   Definitions
      At line 444 in file ..\lab8\MKL05Z4.s
   Uses
      None
Comment: ADC_SC2_DMAEN_MASK unused
ADC_SC2_DMAEN_SHIFT 00000002

Symbol: ADC_SC2_DMAEN_SHIFT
   Definitions
      At line 445 in file ..\lab8\MKL05Z4.s
   Uses
      None
Comment: ADC_SC2_DMAEN_SHIFT unused
ADC_SC2_OFFSET 00000020

Symbol: ADC_SC2_OFFSET
   Definitions
      At line 209 in file ..\lab8\MKL05Z4.s
   Uses
      At line 241 in file ..\lab8\MKL05Z4.s
Comment: ADC_SC2_OFFSET used once



ARM Macro Assembler    Page 15 Alphabetic symbol ordering
Absolute symbols

ADC_SC2_REFSEL_MASK 00000003

Symbol: ADC_SC2_REFSEL_MASK
   Definitions
      At line 446 in file ..\lab8\MKL05Z4.s
   Uses
      None
Comment: ADC_SC2_REFSEL_MASK unused
ADC_SC2_REFSEL_SHIFT 00000000

Symbol: ADC_SC2_REFSEL_SHIFT
   Definitions
      At line 447 in file ..\lab8\MKL05Z4.s
   Uses
      None
Comment: ADC_SC2_REFSEL_SHIFT unused
ADC_SC3_ADCO_MASK 00000008

Symbol: ADC_SC3_ADCO_MASK
   Definitions
      At line 465 in file ..\lab8\MKL05Z4.s
   Uses
      None
Comment: ADC_SC3_ADCO_MASK unused
ADC_SC3_ADCO_SHIFT 00000003

Symbol: ADC_SC3_ADCO_SHIFT
   Definitions
      At line 466 in file ..\lab8\MKL05Z4.s
   Uses
      None
Comment: ADC_SC3_ADCO_SHIFT unused
ADC_SC3_AVGE_MASK 00000004

Symbol: ADC_SC3_AVGE_MASK
   Definitions
      At line 467 in file ..\lab8\MKL05Z4.s
   Uses
      None
Comment: ADC_SC3_AVGE_MASK unused
ADC_SC3_AVGE_SHIFT 00000002

Symbol: ADC_SC3_AVGE_SHIFT
   Definitions
      At line 468 in file ..\lab8\MKL05Z4.s
   Uses
      None
Comment: ADC_SC3_AVGE_SHIFT unused
ADC_SC3_AVGS_MASK 00000003

Symbol: ADC_SC3_AVGS_MASK
   Definitions
      At line 469 in file ..\lab8\MKL05Z4.s
   Uses
      None
Comment: ADC_SC3_AVGS_MASK unused
ADC_SC3_AVGS_SHIFT 00000000

Symbol: ADC_SC3_AVGS_SHIFT



ARM Macro Assembler    Page 16 Alphabetic symbol ordering
Absolute symbols

   Definitions
      At line 470 in file ..\lab8\MKL05Z4.s
   Uses
      None
Comment: ADC_SC3_AVGS_SHIFT unused
ADC_SC3_CALF_MASK 00000040

Symbol: ADC_SC3_CALF_MASK
   Definitions
      At line 463 in file ..\lab8\MKL05Z4.s
   Uses
      None
Comment: ADC_SC3_CALF_MASK unused
ADC_SC3_CALF_SHIFT 00000006

Symbol: ADC_SC3_CALF_SHIFT
   Definitions
      At line 464 in file ..\lab8\MKL05Z4.s
   Uses
      None
Comment: ADC_SC3_CALF_SHIFT unused
ADC_SC3_CAL_MASK 00000080

Symbol: ADC_SC3_CAL_MASK
   Definitions
      At line 461 in file ..\lab8\MKL05Z4.s
   Uses
      None
Comment: ADC_SC3_CAL_MASK unused
ADC_SC3_CAL_SHIFT 00000007

Symbol: ADC_SC3_CAL_SHIFT
   Definitions
      At line 462 in file ..\lab8\MKL05Z4.s
   Uses
      None
Comment: ADC_SC3_CAL_SHIFT unused
ADC_SC3_OFFSET 00000024

Symbol: ADC_SC3_OFFSET
   Definitions
      At line 210 in file ..\lab8\MKL05Z4.s
   Uses
      At line 242 in file ..\lab8\MKL05Z4.s
Comment: ADC_SC3_OFFSET used once
APSR_C_MASK 20000000

Symbol: APSR_C_MASK
   Definitions
      At line 90 in file ..\lab8\MKL05Z4.s
   Uses
      At line 129 in file ..\lab8\MKL05Z4.s
Comment: APSR_C_MASK used once
APSR_C_SHIFT 0000001D

Symbol: APSR_C_SHIFT
   Definitions
      At line 91 in file ..\lab8\MKL05Z4.s
   Uses



ARM Macro Assembler    Page 17 Alphabetic symbol ordering
Absolute symbols

      At line 130 in file ..\lab8\MKL05Z4.s
Comment: APSR_C_SHIFT used once
APSR_MASK F0000000

Symbol: APSR_MASK
   Definitions
      At line 84 in file ..\lab8\MKL05Z4.s
   Uses
      None
Comment: APSR_MASK unused
APSR_N_MASK 80000000

Symbol: APSR_N_MASK
   Definitions
      At line 86 in file ..\lab8\MKL05Z4.s
   Uses
      At line 125 in file ..\lab8\MKL05Z4.s
Comment: APSR_N_MASK used once
APSR_N_SHIFT 0000001F

Symbol: APSR_N_SHIFT
   Definitions
      At line 87 in file ..\lab8\MKL05Z4.s
   Uses
      At line 126 in file ..\lab8\MKL05Z4.s
Comment: APSR_N_SHIFT used once
APSR_SHIFT 0000001C

Symbol: APSR_SHIFT
   Definitions
      At line 85 in file ..\lab8\MKL05Z4.s
   Uses
      None
Comment: APSR_SHIFT unused
APSR_V_MASK 10000000

Symbol: APSR_V_MASK
   Definitions
      At line 92 in file ..\lab8\MKL05Z4.s
   Uses
      At line 131 in file ..\lab8\MKL05Z4.s
Comment: APSR_V_MASK used once
APSR_V_SHIFT 0000001C

Symbol: APSR_V_SHIFT
   Definitions
      At line 93 in file ..\lab8\MKL05Z4.s
   Uses
      At line 132 in file ..\lab8\MKL05Z4.s
Comment: APSR_V_SHIFT used once
APSR_Z_MASK 40000000

Symbol: APSR_Z_MASK
   Definitions
      At line 88 in file ..\lab8\MKL05Z4.s
   Uses
      At line 127 in file ..\lab8\MKL05Z4.s
Comment: APSR_Z_MASK used once
APSR_Z_SHIFT 0000001E



ARM Macro Assembler    Page 18 Alphabetic symbol ordering
Absolute symbols


Symbol: APSR_Z_SHIFT
   Definitions
      At line 89 in file ..\lab8\MKL05Z4.s
   Uses
      At line 128 in file ..\lab8\MKL05Z4.s
Comment: APSR_Z_SHIFT used once
BYTE_BITS 00000008

Symbol: BYTE_BITS
   Definitions
      At line 36 in file ..\lab8\MKL05Z4.s
   Uses
      None
Comment: BYTE_BITS unused
BYTE_MASK 000000FF

Symbol: BYTE_MASK
   Definitions
      At line 33 in file ..\lab8\MKL05Z4.s
   Uses
      None
Comment: BYTE_MASK unused
BackDoorK0 000000FF

Symbol: BackDoorK0
   Definitions
      At line 729 in file ..\lab8\MKL05Z4.s
   Uses
      None
Comment: BackDoorK0 unused
BackDoorK1 000000FF

Symbol: BackDoorK1
   Definitions
      At line 734 in file ..\lab8\MKL05Z4.s
   Uses
      None
Comment: BackDoorK1 unused
BackDoorK2 000000FF

Symbol: BackDoorK2
   Definitions
      At line 739 in file ..\lab8\MKL05Z4.s
   Uses
      None
Comment: BackDoorK2 unused
BackDoorK3 000000FF

Symbol: BackDoorK3
   Definitions
      At line 744 in file ..\lab8\MKL05Z4.s
   Uses
      None
Comment: BackDoorK3 unused
BackDoorK4 000000FF

Symbol: BackDoorK4
   Definitions



ARM Macro Assembler    Page 19 Alphabetic symbol ordering
Absolute symbols

      At line 749 in file ..\lab8\MKL05Z4.s
   Uses
      None
Comment: BackDoorK4 unused
BackDoorK5 000000FF

Symbol: BackDoorK5
   Definitions
      At line 754 in file ..\lab8\MKL05Z4.s
   Uses
      None
Comment: BackDoorK5 unused
BackDoorK6 000000FF

Symbol: BackDoorK6
   Definitions
      At line 759 in file ..\lab8\MKL05Z4.s
   Uses
      None
Comment: BackDoorK6 unused
BackDoorK7 000000FF

Symbol: BackDoorK7
   Definitions
      At line 764 in file ..\lab8\MKL05Z4.s
   Uses
      None
Comment: BackDoorK7 unused
CMP0_BASE 40073000

Symbol: CMP0_BASE
   Definitions
      At line 473 in file ..\lab8\MKL05Z4.s
   Uses
      At line 481 in file ..\lab8\MKL05Z4.s
      At line 482 in file ..\lab8\MKL05Z4.s
      At line 483 in file ..\lab8\MKL05Z4.s
      At line 484 in file ..\lab8\MKL05Z4.s
      At line 485 in file ..\lab8\MKL05Z4.s
      At line 486 in file ..\lab8\MKL05Z4.s

CMP0_CR0 40073000

Symbol: CMP0_CR0
   Definitions
      At line 481 in file ..\lab8\MKL05Z4.s
   Uses
      None
Comment: CMP0_CR0 unused
CMP0_CR0_OFFSET 00000000

Symbol: CMP0_CR0_OFFSET
   Definitions
      At line 475 in file ..\lab8\MKL05Z4.s
   Uses
      At line 481 in file ..\lab8\MKL05Z4.s
Comment: CMP0_CR0_OFFSET used once
CMP0_CR1 40073001




ARM Macro Assembler    Page 20 Alphabetic symbol ordering
Absolute symbols

Symbol: CMP0_CR1
   Definitions
      At line 482 in file ..\lab8\MKL05Z4.s
   Uses
      None
Comment: CMP0_CR1 unused
CMP0_CR1_OFFSET 00000001

Symbol: CMP0_CR1_OFFSET
   Definitions
      At line 476 in file ..\lab8\MKL05Z4.s
   Uses
      At line 482 in file ..\lab8\MKL05Z4.s
Comment: CMP0_CR1_OFFSET used once
CMP0_DACCR 40073004

Symbol: CMP0_DACCR
   Definitions
      At line 485 in file ..\lab8\MKL05Z4.s
   Uses
      None
Comment: CMP0_DACCR unused
CMP0_DACCR_OFFSET 00000004

Symbol: CMP0_DACCR_OFFSET
   Definitions
      At line 479 in file ..\lab8\MKL05Z4.s
   Uses
      At line 485 in file ..\lab8\MKL05Z4.s
Comment: CMP0_DACCR_OFFSET used once
CMP0_FPR 40073002

Symbol: CMP0_FPR
   Definitions
      At line 483 in file ..\lab8\MKL05Z4.s
   Uses
      None
Comment: CMP0_FPR unused
CMP0_FPR_OFFSET 00000002

Symbol: CMP0_FPR_OFFSET
   Definitions
      At line 477 in file ..\lab8\MKL05Z4.s
   Uses
      At line 483 in file ..\lab8\MKL05Z4.s
Comment: CMP0_FPR_OFFSET used once
CMP0_IPR E000E410

Symbol: CMP0_IPR
   Definitions
      At line 1454 in file ..\lab8\MKL05Z4.s
   Uses
      None
Comment: CMP0_IPR unused
CMP0_IRQ_MASK 00010000

Symbol: CMP0_IRQ_MASK
   Definitions
      At line 1524 in file ..\lab8\MKL05Z4.s



ARM Macro Assembler    Page 21 Alphabetic symbol ordering
Absolute symbols

   Uses
      None
Comment: CMP0_IRQ_MASK unused
CMP0_IRQn 00000010

Symbol: CMP0_IRQn
   Definitions
      At line 173 in file ..\lab8\MKL05Z4.s
   Uses
      At line 1524 in file ..\lab8\MKL05Z4.s
Comment: CMP0_IRQn used once
CMP0_MUXCR 40073005

Symbol: CMP0_MUXCR
   Definitions
      At line 486 in file ..\lab8\MKL05Z4.s
   Uses
      None
Comment: CMP0_MUXCR unused
CMP0_MUXCR_OFFSET 00000005

Symbol: CMP0_MUXCR_OFFSET
   Definitions
      At line 480 in file ..\lab8\MKL05Z4.s
   Uses
      At line 486 in file ..\lab8\MKL05Z4.s
Comment: CMP0_MUXCR_OFFSET used once
CMP0_PRI_POS 00000006

Symbol: CMP0_PRI_POS
   Definitions
      At line 1490 in file ..\lab8\MKL05Z4.s
   Uses
      None
Comment: CMP0_PRI_POS unused
CMP0_SCR 40073003

Symbol: CMP0_SCR
   Definitions
      At line 484 in file ..\lab8\MKL05Z4.s
   Uses
      None
Comment: CMP0_SCR unused
CMP0_SCR_OFFSET 00000003

Symbol: CMP0_SCR_OFFSET
   Definitions
      At line 478 in file ..\lab8\MKL05Z4.s
   Uses
      At line 484 in file ..\lab8\MKL05Z4.s
Comment: CMP0_SCR_OFFSET used once
CMP0_Vector 00000020

Symbol: CMP0_Vector
   Definitions
      At line 1575 in file ..\lab8\MKL05Z4.s
   Uses
      None
Comment: CMP0_Vector unused



ARM Macro Assembler    Page 22 Alphabetic symbol ordering
Absolute symbols

CMP_CR0_FILTER_CNT_MASK 00000070

Symbol: CMP_CR0_FILTER_CNT_MASK
   Definitions
      At line 496 in file ..\lab8\MKL05Z4.s
   Uses
      None
Comment: CMP_CR0_FILTER_CNT_MASK unused
CMP_CR0_FILTER_CNT_SHIFT 00000004

Symbol: CMP_CR0_FILTER_CNT_SHIFT
   Definitions
      At line 497 in file ..\lab8\MKL05Z4.s
   Uses
      None
Comment: CMP_CR0_FILTER_CNT_SHIFT unused
CMP_CR0_HYSTCTR_MASK 00000003

Symbol: CMP_CR0_HYSTCTR_MASK
   Definitions
      At line 494 in file ..\lab8\MKL05Z4.s
   Uses
      None
Comment: CMP_CR0_HYSTCTR_MASK unused
CMP_CR0_HYSTCTR_SHIFT 00000000

Symbol: CMP_CR0_HYSTCTR_SHIFT
   Definitions
      At line 495 in file ..\lab8\MKL05Z4.s
   Uses
      None
Comment: CMP_CR0_HYSTCTR_SHIFT unused
CMP_CR1_COS_MASK 00000004

Symbol: CMP_CR1_COS_MASK
   Definitions
      At line 516 in file ..\lab8\MKL05Z4.s
   Uses
      None
Comment: CMP_CR1_COS_MASK unused
CMP_CR1_COS_SHIFT 00000002

Symbol: CMP_CR1_COS_SHIFT
   Definitions
      At line 517 in file ..\lab8\MKL05Z4.s
   Uses
      None
Comment: CMP_CR1_COS_SHIFT unused
CMP_CR1_EN_MASK 00000001

Symbol: CMP_CR1_EN_MASK
   Definitions
      At line 512 in file ..\lab8\MKL05Z4.s
   Uses
      None
Comment: CMP_CR1_EN_MASK unused
CMP_CR1_EN_SHIFT 00000000

Symbol: CMP_CR1_EN_SHIFT



ARM Macro Assembler    Page 23 Alphabetic symbol ordering
Absolute symbols

   Definitions
      At line 513 in file ..\lab8\MKL05Z4.s
   Uses
      None
Comment: CMP_CR1_EN_SHIFT unused
CMP_CR1_INV_MASK 00000008

Symbol: CMP_CR1_INV_MASK
   Definitions
      At line 518 in file ..\lab8\MKL05Z4.s
   Uses
      None
Comment: CMP_CR1_INV_MASK unused
CMP_CR1_INV_SHIFT 00000003

Symbol: CMP_CR1_INV_SHIFT
   Definitions
      At line 519 in file ..\lab8\MKL05Z4.s
   Uses
      None
Comment: CMP_CR1_INV_SHIFT unused
CMP_CR1_OPE_MASK 00000002

Symbol: CMP_CR1_OPE_MASK
   Definitions
      At line 514 in file ..\lab8\MKL05Z4.s
   Uses
      None
Comment: CMP_CR1_OPE_MASK unused
CMP_CR1_OPE_SHIFT 00000001

Symbol: CMP_CR1_OPE_SHIFT
   Definitions
      At line 515 in file ..\lab8\MKL05Z4.s
   Uses
      None
Comment: CMP_CR1_OPE_SHIFT unused
CMP_CR1_PMODE_MASK 00000010

Symbol: CMP_CR1_PMODE_MASK
   Definitions
      At line 520 in file ..\lab8\MKL05Z4.s
   Uses
      None
Comment: CMP_CR1_PMODE_MASK unused
CMP_CR1_PMODE_SHIFT 00000004

Symbol: CMP_CR1_PMODE_SHIFT
   Definitions
      At line 521 in file ..\lab8\MKL05Z4.s
   Uses
      None
Comment: CMP_CR1_PMODE_SHIFT unused
CMP_CR1_SE_MASK 00000080

Symbol: CMP_CR1_SE_MASK
   Definitions
      At line 526 in file ..\lab8\MKL05Z4.s
   Uses



ARM Macro Assembler    Page 24 Alphabetic symbol ordering
Absolute symbols

      None
Comment: CMP_CR1_SE_MASK unused
CMP_CR1_SE_SHIFT 00000007

Symbol: CMP_CR1_SE_SHIFT
   Definitions
      At line 527 in file ..\lab8\MKL05Z4.s
   Uses
      None
Comment: CMP_CR1_SE_SHIFT unused
CMP_CR1_TRIGM_MASK 00000020

Symbol: CMP_CR1_TRIGM_MASK
   Definitions
      At line 522 in file ..\lab8\MKL05Z4.s
   Uses
      None
Comment: CMP_CR1_TRIGM_MASK unused
CMP_CR1_TRIGM_SHIFT 00000005

Symbol: CMP_CR1_TRIGM_SHIFT
   Definitions
      At line 523 in file ..\lab8\MKL05Z4.s
   Uses
      None
Comment: CMP_CR1_TRIGM_SHIFT unused
CMP_CR1_WE_MASK 00000040

Symbol: CMP_CR1_WE_MASK
   Definitions
      At line 524 in file ..\lab8\MKL05Z4.s
   Uses
      None
Comment: CMP_CR1_WE_MASK unused
CMP_CR1_WE_SHIFT 00000006

Symbol: CMP_CR1_WE_SHIFT
   Definitions
      At line 525 in file ..\lab8\MKL05Z4.s
   Uses
      None
Comment: CMP_CR1_WE_SHIFT unused
CMP_DACCR_DACEN_MASK 00000080

Symbol: CMP_DACCR_DACEN_MASK
   Definitions
      At line 567 in file ..\lab8\MKL05Z4.s
   Uses
      None
Comment: CMP_DACCR_DACEN_MASK unused
CMP_DACCR_DACEN_SHIFT 00000007

Symbol: CMP_DACCR_DACEN_SHIFT
   Definitions
      At line 568 in file ..\lab8\MKL05Z4.s
   Uses
      None
Comment: CMP_DACCR_DACEN_SHIFT unused
CMP_DACCR_VOSEL_MASK 0000003F



ARM Macro Assembler    Page 25 Alphabetic symbol ordering
Absolute symbols


Symbol: CMP_DACCR_VOSEL_MASK
   Definitions
      At line 563 in file ..\lab8\MKL05Z4.s
   Uses
      None
Comment: CMP_DACCR_VOSEL_MASK unused
CMP_DACCR_VOSEL_SHIFT 00000000

Symbol: CMP_DACCR_VOSEL_SHIFT
   Definitions
      At line 564 in file ..\lab8\MKL05Z4.s
   Uses
      None
Comment: CMP_DACCR_VOSEL_SHIFT unused
CMP_DACCR_VRSEL_MASK 00000040

Symbol: CMP_DACCR_VRSEL_MASK
   Definitions
      At line 565 in file ..\lab8\MKL05Z4.s
   Uses
      None
Comment: CMP_DACCR_VRSEL_MASK unused
CMP_DACCR_VRSEL_SHIFT 00000006

Symbol: CMP_DACCR_VRSEL_SHIFT
   Definitions
      At line 566 in file ..\lab8\MKL05Z4.s
   Uses
      None
Comment: CMP_DACCR_VRSEL_SHIFT unused
CMP_FPR_FILT_PER_MASK 000000FF

Symbol: CMP_FPR_FILT_PER_MASK
   Definitions
      At line 531 in file ..\lab8\MKL05Z4.s
   Uses
      None
Comment: CMP_FPR_FILT_PER_MASK unused
CMP_FPR_FILT_PER_SHIFT 00000000

Symbol: CMP_FPR_FILT_PER_SHIFT
   Definitions
      At line 532 in file ..\lab8\MKL05Z4.s
   Uses
      None
Comment: CMP_FPR_FILT_PER_SHIFT unused
CMP_MUXCR_MSEL_MASK 00000007

Symbol: CMP_MUXCR_MSEL_MASK
   Definitions
      At line 577 in file ..\lab8\MKL05Z4.s
   Uses
      None
Comment: CMP_MUXCR_MSEL_MASK unused
CMP_MUXCR_MSEL_SHIFT 00000000

Symbol: CMP_MUXCR_MSEL_SHIFT
   Definitions



ARM Macro Assembler    Page 26 Alphabetic symbol ordering
Absolute symbols

      At line 578 in file ..\lab8\MKL05Z4.s
   Uses
      None
Comment: CMP_MUXCR_MSEL_SHIFT unused
CMP_MUXCR_PSEL_MASK 00000038

Symbol: CMP_MUXCR_PSEL_MASK
   Definitions
      At line 579 in file ..\lab8\MKL05Z4.s
   Uses
      None
Comment: CMP_MUXCR_PSEL_MASK unused
CMP_MUXCR_PSEL_SHIFT 00000003

Symbol: CMP_MUXCR_PSEL_SHIFT
   Definitions
      At line 580 in file ..\lab8\MKL05Z4.s
   Uses
      None
Comment: CMP_MUXCR_PSEL_SHIFT unused
CMP_MUXCR_PSTM_MASK 00000080

Symbol: CMP_MUXCR_PSTM_MASK
   Definitions
      At line 581 in file ..\lab8\MKL05Z4.s
   Uses
      None
Comment: CMP_MUXCR_PSTM_MASK unused
CMP_MUXCR_PSTM_SHIFT 00000007

Symbol: CMP_MUXCR_PSTM_SHIFT
   Definitions
      At line 582 in file ..\lab8\MKL05Z4.s
   Uses
      None
Comment: CMP_MUXCR_PSTM_SHIFT unused
CMP_SCR_CFF_MASK 00000002

Symbol: CMP_SCR_CFF_MASK
   Definitions
      At line 545 in file ..\lab8\MKL05Z4.s
   Uses
      None
Comment: CMP_SCR_CFF_MASK unused
CMP_SCR_CFF_SHIFT 00000001

Symbol: CMP_SCR_CFF_SHIFT
   Definitions
      At line 546 in file ..\lab8\MKL05Z4.s
   Uses
      None
Comment: CMP_SCR_CFF_SHIFT unused
CMP_SCR_CFR_MASK 00000004

Symbol: CMP_SCR_CFR_MASK
   Definitions
      At line 547 in file ..\lab8\MKL05Z4.s
   Uses
      None



ARM Macro Assembler    Page 27 Alphabetic symbol ordering
Absolute symbols

Comment: CMP_SCR_CFR_MASK unused
CMP_SCR_CFR_SHIFT 00000002

Symbol: CMP_SCR_CFR_SHIFT
   Definitions
      At line 548 in file ..\lab8\MKL05Z4.s
   Uses
      None
Comment: CMP_SCR_CFR_SHIFT unused
CMP_SCR_COUT_MASK 00000001

Symbol: CMP_SCR_COUT_MASK
   Definitions
      At line 543 in file ..\lab8\MKL05Z4.s
   Uses
      None
Comment: CMP_SCR_COUT_MASK unused
CMP_SCR_COUT_SHIFT 00000000

Symbol: CMP_SCR_COUT_SHIFT
   Definitions
      At line 544 in file ..\lab8\MKL05Z4.s
   Uses
      None
Comment: CMP_SCR_COUT_SHIFT unused
CMP_SCR_DMAEN_MASK 00000040

Symbol: CMP_SCR_DMAEN_MASK
   Definitions
      At line 553 in file ..\lab8\MKL05Z4.s
   Uses
      None
Comment: CMP_SCR_DMAEN_MASK unused
CMP_SCR_DMAEN_SHIFT 00000006

Symbol: CMP_SCR_DMAEN_SHIFT
   Definitions
      At line 554 in file ..\lab8\MKL05Z4.s
   Uses
      None
Comment: CMP_SCR_DMAEN_SHIFT unused
CMP_SCR_IEF_MASK 00000008

Symbol: CMP_SCR_IEF_MASK
   Definitions
      At line 549 in file ..\lab8\MKL05Z4.s
   Uses
      None
Comment: CMP_SCR_IEF_MASK unused
CMP_SCR_IEF_SHIFT 00000003

Symbol: CMP_SCR_IEF_SHIFT
   Definitions
      At line 550 in file ..\lab8\MKL05Z4.s
   Uses
      None
Comment: CMP_SCR_IEF_SHIFT unused
CMP_SCR_IER_MASK 00000010




ARM Macro Assembler    Page 28 Alphabetic symbol ordering
Absolute symbols

Symbol: CMP_SCR_IER_MASK
   Definitions
      At line 551 in file ..\lab8\MKL05Z4.s
   Uses
      None
Comment: CMP_SCR_IER_MASK unused
CMP_SCR_IER_SHIFT 00000004

Symbol: CMP_SCR_IER_SHIFT
   Definitions
      At line 552 in file ..\lab8\MKL05Z4.s
   Uses
      None
Comment: CMP_SCR_IER_SHIFT unused
CONTROL_SPSEL_MASK 00000002

Symbol: CONTROL_SPSEL_MASK
   Definitions
      At line 60 in file ..\lab8\MKL05Z4.s
   Uses
      None
Comment: CONTROL_SPSEL_MASK unused
CONTROL_SPSEL_SHIFT 00000001

Symbol: CONTROL_SPSEL_SHIFT
   Definitions
      At line 61 in file ..\lab8\MKL05Z4.s
   Uses
      None
Comment: CONTROL_SPSEL_SHIFT unused
CONTROL_nPRIV_MASK 00000001

Symbol: CONTROL_nPRIV_MASK
   Definitions
      At line 62 in file ..\lab8\MKL05Z4.s
   Uses
      None
Comment: CONTROL_nPRIV_MASK unused
CONTROL_nPRIV_SHIFT 00000000

Symbol: CONTROL_nPRIV_SHIFT
   Definitions
      At line 63 in file ..\lab8\MKL05Z4.s
   Uses
      None
Comment: CONTROL_nPRIV_SHIFT unused
COP_COPCLKS_MASK 00000002

Symbol: COP_COPCLKS_MASK
   Definitions
      At line 2060 in file ..\lab8\MKL05Z4.s
   Uses
      None
Comment: COP_COPCLKS_MASK unused
COP_COPCLKS_SHIFT 00000001

Symbol: COP_COPCLKS_SHIFT
   Definitions
      At line 2061 in file ..\lab8\MKL05Z4.s



ARM Macro Assembler    Page 29 Alphabetic symbol ordering
Absolute symbols

   Uses
      None
Comment: COP_COPCLKS_SHIFT unused
COP_COPT_MASK 0000000C

Symbol: COP_COPT_MASK
   Definitions
      At line 2058 in file ..\lab8\MKL05Z4.s
   Uses
      None
Comment: COP_COPT_MASK unused
COP_COPT_SHIFT 00000002

Symbol: COP_COPT_SHIFT
   Definitions
      At line 2059 in file ..\lab8\MKL05Z4.s
   Uses
      None
Comment: COP_COPT_SHIFT unused
COP_COPW_MASK 00000001

Symbol: COP_COPW_MASK
   Definitions
      At line 2062 in file ..\lab8\MKL05Z4.s
   Uses
      None
Comment: COP_COPW_MASK unused
COP_COPW_SHIFT 00000001

Symbol: COP_COPW_SHIFT
   Definitions
      At line 2063 in file ..\lab8\MKL05Z4.s
   Uses
      None
Comment: COP_COPW_SHIFT unused
CPU_INT_FAST_CLK_HZ 003D0900

Symbol: CPU_INT_FAST_CLK_HZ
   Definitions
      At line 39 in file ..\lab8\Start.s
   Uses
      None
Comment: CPU_INT_FAST_CLK_HZ unused
CPU_INT_SLOW_CLK_HZ 00008000

Symbol: CPU_INT_SLOW_CLK_HZ
   Definitions
      At line 37 in file ..\lab8\Start.s
   Uses
      None
Comment: CPU_INT_SLOW_CLK_HZ unused
CPU_XTAL_CLK_HZ 00008000

Symbol: CPU_XTAL_CLK_HZ
   Definitions
      At line 35 in file ..\lab8\Start.s
   Uses
      None
Comment: CPU_XTAL_CLK_HZ unused



ARM Macro Assembler    Page 30 Alphabetic symbol ordering
Absolute symbols

DAC0_BASE 4003F000

Symbol: DAC0_BASE
   Definitions
      At line 585 in file ..\lab8\MKL05Z4.s
   Uses
      At line 598 in file ..\lab8\MKL05Z4.s
      At line 599 in file ..\lab8\MKL05Z4.s
      At line 600 in file ..\lab8\MKL05Z4.s
      At line 601 in file ..\lab8\MKL05Z4.s
      At line 603 in file ..\lab8\MKL05Z4.s
      At line 604 in file ..\lab8\MKL05Z4.s
      At line 605 in file ..\lab8\MKL05Z4.s
      At line 606 in file ..\lab8\MKL05Z4.s

DAC0_C0 4003F021

Symbol: DAC0_C0
   Definitions
      At line 604 in file ..\lab8\MKL05Z4.s
   Uses
      None
Comment: DAC0_C0 unused
DAC0_C0_OFFSET 00000021

Symbol: DAC0_C0_OFFSET
   Definitions
      At line 594 in file ..\lab8\MKL05Z4.s
   Uses
      At line 604 in file ..\lab8\MKL05Z4.s
Comment: DAC0_C0_OFFSET used once
DAC0_C1 4003F022

Symbol: DAC0_C1
   Definitions
      At line 605 in file ..\lab8\MKL05Z4.s
   Uses
      None
Comment: DAC0_C1 unused
DAC0_C1_OFFSET 00000022

Symbol: DAC0_C1_OFFSET
   Definitions
      At line 595 in file ..\lab8\MKL05Z4.s
   Uses
      At line 605 in file ..\lab8\MKL05Z4.s
Comment: DAC0_C1_OFFSET used once
DAC0_C2 4003F023

Symbol: DAC0_C2
   Definitions
      At line 606 in file ..\lab8\MKL05Z4.s
   Uses
      None
Comment: DAC0_C2 unused
DAC0_C2_OFFSET 00000023

Symbol: DAC0_C2_OFFSET
   Definitions



ARM Macro Assembler    Page 31 Alphabetic symbol ordering
Absolute symbols

      At line 596 in file ..\lab8\MKL05Z4.s
   Uses
      At line 606 in file ..\lab8\MKL05Z4.s
Comment: DAC0_C2_OFFSET used once
DAC0_DAT0H 4003F001

Symbol: DAC0_DAT0H
   Definitions
      At line 599 in file ..\lab8\MKL05Z4.s
   Uses
      None
Comment: DAC0_DAT0H unused
DAC0_DAT0H_OFFSET 00000001

Symbol: DAC0_DAT0H_OFFSET
   Definitions
      At line 589 in file ..\lab8\MKL05Z4.s
   Uses
      At line 599 in file ..\lab8\MKL05Z4.s
Comment: DAC0_DAT0H_OFFSET used once
DAC0_DAT0L 4003F000

Symbol: DAC0_DAT0L
   Definitions
      At line 598 in file ..\lab8\MKL05Z4.s
   Uses
      None
Comment: DAC0_DAT0L unused
DAC0_DAT0L_OFFSET 00000000

Symbol: DAC0_DAT0L_OFFSET
   Definitions
      At line 588 in file ..\lab8\MKL05Z4.s
   Uses
      At line 598 in file ..\lab8\MKL05Z4.s
Comment: DAC0_DAT0L_OFFSET used once
DAC0_DAT1H 4003F003

Symbol: DAC0_DAT1H
   Definitions
      At line 601 in file ..\lab8\MKL05Z4.s
   Uses
      None
Comment: DAC0_DAT1H unused
DAC0_DAT1H_OFFSET 00000003

Symbol: DAC0_DAT1H_OFFSET
   Definitions
      At line 591 in file ..\lab8\MKL05Z4.s
   Uses
      At line 601 in file ..\lab8\MKL05Z4.s
Comment: DAC0_DAT1H_OFFSET used once
DAC0_DAT1L 4003F002

Symbol: DAC0_DAT1L
   Definitions
      At line 600 in file ..\lab8\MKL05Z4.s
   Uses
      None



ARM Macro Assembler    Page 32 Alphabetic symbol ordering
Absolute symbols

Comment: DAC0_DAT1L unused
DAC0_DAT1L_OFFSET 00000002

Symbol: DAC0_DAT1L_OFFSET
   Definitions
      At line 590 in file ..\lab8\MKL05Z4.s
   Uses
      At line 600 in file ..\lab8\MKL05Z4.s
Comment: DAC0_DAT1L_OFFSET used once
DAC0_IPR E000E418

Symbol: DAC0_IPR
   Definitions
      At line 1463 in file ..\lab8\MKL05Z4.s
   Uses
      None
Comment: DAC0_IPR unused
DAC0_IRQ_MASK 02000000

Symbol: DAC0_IRQ_MASK
   Definitions
      At line 1533 in file ..\lab8\MKL05Z4.s
   Uses
      None
Comment: DAC0_IRQ_MASK unused
DAC0_IRQn 00000019

Symbol: DAC0_IRQn
   Definitions
      At line 182 in file ..\lab8\MKL05Z4.s
   Uses
      At line 1533 in file ..\lab8\MKL05Z4.s
Comment: DAC0_IRQn used once
DAC0_PRI_POS 0000000E

Symbol: DAC0_PRI_POS
   Definitions
      At line 1499 in file ..\lab8\MKL05Z4.s
   Uses
      None
Comment: DAC0_PRI_POS unused
DAC0_SR 4003F020

Symbol: DAC0_SR
   Definitions
      At line 603 in file ..\lab8\MKL05Z4.s
   Uses
      None
Comment: DAC0_SR unused
DAC0_SR_OFFSET 00000020

Symbol: DAC0_SR_OFFSET
   Definitions
      At line 593 in file ..\lab8\MKL05Z4.s
   Uses
      At line 603 in file ..\lab8\MKL05Z4.s
Comment: DAC0_SR_OFFSET used once
DAC0_Vector 00000029




ARM Macro Assembler    Page 33 Alphabetic symbol ordering
Absolute symbols

Symbol: DAC0_Vector
   Definitions
      At line 1584 in file ..\lab8\MKL05Z4.s
   Uses
      None
Comment: DAC0_Vector unused
DAC_C0_DACBBIEN_MASK 00000001

Symbol: DAC_C0_DACBBIEN_MASK
   Definitions
      At line 676 in file ..\lab8\MKL05Z4.s
   Uses
      None
Comment: DAC_C0_DACBBIEN_MASK unused
DAC_C0_DACBBIEN_SHIFT 00000000

Symbol: DAC_C0_DACBBIEN_SHIFT
   Definitions
      At line 677 in file ..\lab8\MKL05Z4.s
   Uses
      None
Comment: DAC_C0_DACBBIEN_SHIFT unused
DAC_C0_DACBTIEN_MASK 00000002

Symbol: DAC_C0_DACBTIEN_MASK
   Definitions
      At line 674 in file ..\lab8\MKL05Z4.s
   Uses
      None
Comment: DAC_C0_DACBTIEN_MASK unused
DAC_C0_DACBTIEN_SHIFT 00000001

Symbol: DAC_C0_DACBTIEN_SHIFT
   Definitions
      At line 675 in file ..\lab8\MKL05Z4.s
   Uses
      None
Comment: DAC_C0_DACBTIEN_SHIFT unused
DAC_C0_DACEN_MASK 00000080

Symbol: DAC_C0_DACEN_MASK
   Definitions
      At line 664 in file ..\lab8\MKL05Z4.s
   Uses
      None
Comment: DAC_C0_DACEN_MASK unused
DAC_C0_DACEN_SHIFT 00000007

Symbol: DAC_C0_DACEN_SHIFT
   Definitions
      At line 665 in file ..\lab8\MKL05Z4.s
   Uses
      None
Comment: DAC_C0_DACEN_SHIFT unused
DAC_C0_DACRFS_MASK 00000040

Symbol: DAC_C0_DACRFS_MASK
   Definitions
      At line 666 in file ..\lab8\MKL05Z4.s



ARM Macro Assembler    Page 34 Alphabetic symbol ordering
Absolute symbols

   Uses
      None
Comment: DAC_C0_DACRFS_MASK unused
DAC_C0_DACRFS_SHIFT 00000006

Symbol: DAC_C0_DACRFS_SHIFT
   Definitions
      At line 667 in file ..\lab8\MKL05Z4.s
   Uses
      None
Comment: DAC_C0_DACRFS_SHIFT unused
DAC_C0_DACSWTRG_MASK 00000010

Symbol: DAC_C0_DACSWTRG_MASK
   Definitions
      At line 670 in file ..\lab8\MKL05Z4.s
   Uses
      None
Comment: DAC_C0_DACSWTRG_MASK unused
DAC_C0_DACSWTRG_SHIFT 00000004

Symbol: DAC_C0_DACSWTRG_SHIFT
   Definitions
      At line 671 in file ..\lab8\MKL05Z4.s
   Uses
      None
Comment: DAC_C0_DACSWTRG_SHIFT unused
DAC_C0_DACTRGSEL_MASK 00000020

Symbol: DAC_C0_DACTRGSEL_MASK
   Definitions
      At line 668 in file ..\lab8\MKL05Z4.s
   Uses
      None
Comment: DAC_C0_DACTRGSEL_MASK unused
DAC_C0_DACTRGSEL_SHIFT 00000005

Symbol: DAC_C0_DACTRGSEL_SHIFT
   Definitions
      At line 669 in file ..\lab8\MKL05Z4.s
   Uses
      None
Comment: DAC_C0_DACTRGSEL_SHIFT unused
DAC_C0_LPEN_MASK 00000008

Symbol: DAC_C0_LPEN_MASK
   Definitions
      At line 672 in file ..\lab8\MKL05Z4.s
   Uses
      None
Comment: DAC_C0_LPEN_MASK unused
DAC_C0_LPEN_SHIFT 00000003

Symbol: DAC_C0_LPEN_SHIFT
   Definitions
      At line 673 in file ..\lab8\MKL05Z4.s
   Uses
      None
Comment: DAC_C0_LPEN_SHIFT unused



ARM Macro Assembler    Page 35 Alphabetic symbol ordering
Absolute symbols

DAC_C1_DACBFEN_MASK 00000001

Symbol: DAC_C1_DACBFEN_MASK
   Definitions
      At line 693 in file ..\lab8\MKL05Z4.s
   Uses
      None
Comment: DAC_C1_DACBFEN_MASK unused
DAC_C1_DACBFEN_SHIFT 00000000

Symbol: DAC_C1_DACBFEN_SHIFT
   Definitions
      At line 694 in file ..\lab8\MKL05Z4.s
   Uses
      None
Comment: DAC_C1_DACBFEN_SHIFT unused
DAC_C1_DACBFMD_MASK 00000004

Symbol: DAC_C1_DACBFMD_MASK
   Definitions
      At line 691 in file ..\lab8\MKL05Z4.s
   Uses
      None
Comment: DAC_C1_DACBFMD_MASK unused
DAC_C1_DACBFMD_SHIFT 00000002

Symbol: DAC_C1_DACBFMD_SHIFT
   Definitions
      At line 692 in file ..\lab8\MKL05Z4.s
   Uses
      None
Comment: DAC_C1_DACBFMD_SHIFT unused
DAC_C1_DMAEN_MASK 00000080

Symbol: DAC_C1_DMAEN_MASK
   Definitions
      At line 689 in file ..\lab8\MKL05Z4.s
   Uses
      None
Comment: DAC_C1_DMAEN_MASK unused
DAC_C1_DMAEN_SHIFT 00000007

Symbol: DAC_C1_DMAEN_SHIFT
   Definitions
      At line 690 in file ..\lab8\MKL05Z4.s
   Uses
      None
Comment: DAC_C1_DMAEN_SHIFT unused
DAC_C2_DACBFRP_MASK 00000010

Symbol: DAC_C2_DACBFRP_MASK
   Definitions
      At line 701 in file ..\lab8\MKL05Z4.s
   Uses
      None
Comment: DAC_C2_DACBFRP_MASK unused
DAC_C2_DACBFRP_SHIFT 00000004

Symbol: DAC_C2_DACBFRP_SHIFT



ARM Macro Assembler    Page 36 Alphabetic symbol ordering
Absolute symbols

   Definitions
      At line 702 in file ..\lab8\MKL05Z4.s
   Uses
      None
Comment: DAC_C2_DACBFRP_SHIFT unused
DAC_C2_DACBFUP_MASK 00000001

Symbol: DAC_C2_DACBFUP_MASK
   Definitions
      At line 703 in file ..\lab8\MKL05Z4.s
   Uses
      None
Comment: DAC_C2_DACBFUP_MASK unused
DAC_C2_DACBFUP_SHIFT 00000000

Symbol: DAC_C2_DACBFUP_SHIFT
   Definitions
      At line 704 in file ..\lab8\MKL05Z4.s
   Uses
      None
Comment: DAC_C2_DACBFUP_SHIFT unused
DAC_DAT0H_MASK 0000000F

Symbol: DAC_DAT0H_MASK
   Definitions
      At line 612 in file ..\lab8\MKL05Z4.s
   Uses
      None
Comment: DAC_DAT0H_MASK unused
DAC_DAT0H_SHIFT 00000000

Symbol: DAC_DAT0H_SHIFT
   Definitions
      At line 613 in file ..\lab8\MKL05Z4.s
   Uses
      None
Comment: DAC_DAT0H_SHIFT unused
DAC_DAT0L_MASK 000000FF

Symbol: DAC_DAT0L_MASK
   Definitions
      At line 618 in file ..\lab8\MKL05Z4.s
   Uses
      None
Comment: DAC_DAT0L_MASK unused
DAC_DAT0L_SHIFT 00000000

Symbol: DAC_DAT0L_SHIFT
   Definitions
      At line 619 in file ..\lab8\MKL05Z4.s
   Uses
      None
Comment: DAC_DAT0L_SHIFT unused
DAC_DAT1H_MASK 0000000F

Symbol: DAC_DAT1H_MASK
   Definitions
      At line 625 in file ..\lab8\MKL05Z4.s
   Uses



ARM Macro Assembler    Page 37 Alphabetic symbol ordering
Absolute symbols

      None
Comment: DAC_DAT1H_MASK unused
DAC_DAT1H_SHIFT 00000000

Symbol: DAC_DAT1H_SHIFT
   Definitions
      At line 626 in file ..\lab8\MKL05Z4.s
   Uses
      None
Comment: DAC_DAT1H_SHIFT unused
DAC_DAT1L_MASK 000000FF

Symbol: DAC_DAT1L_MASK
   Definitions
      At line 631 in file ..\lab8\MKL05Z4.s
   Uses
      None
Comment: DAC_DAT1L_MASK unused
DAC_DAT1L_SHIFT 00000000

Symbol: DAC_DAT1L_SHIFT
   Definitions
      At line 632 in file ..\lab8\MKL05Z4.s
   Uses
      None
Comment: DAC_DAT1L_SHIFT unused
DAC_SR_DACBFRPBF_MASK 00000001

Symbol: DAC_SR_DACBFRPBF_MASK
   Definitions
      At line 715 in file ..\lab8\MKL05Z4.s
   Uses
      None
Comment: DAC_SR_DACBFRPBF_MASK unused
DAC_SR_DACBFRPBF_SHIFT 00000000

Symbol: DAC_SR_DACBFRPBF_SHIFT
   Definitions
      At line 716 in file ..\lab8\MKL05Z4.s
   Uses
      None
Comment: DAC_SR_DACBFRPBF_SHIFT unused
DAC_SR_DACBFRPTF_MASK 00000002

Symbol: DAC_SR_DACBFRPTF_MASK
   Definitions
      At line 713 in file ..\lab8\MKL05Z4.s
   Uses
      None
Comment: DAC_SR_DACBFRPTF_MASK unused
DAC_SR_DACBFRPTF_SHIFT 00000001

Symbol: DAC_SR_DACBFRPTF_SHIFT
   Definitions
      At line 714 in file ..\lab8\MKL05Z4.s
   Uses
      None
Comment: DAC_SR_DACBFRPTF_SHIFT unused
DEFAULT_SYSTEM_CLOCK 02DC0000



ARM Macro Assembler    Page 38 Alphabetic symbol ordering
Absolute symbols


Symbol: DEFAULT_SYSTEM_CLOCK
   Definitions
      At line 41 in file ..\lab8\Start.s
   Uses
      None
Comment: DEFAULT_SYSTEM_CLOCK unused
DMA0_IPR E000E400

Symbol: DMA0_IPR
   Definitions
      At line 1438 in file ..\lab8\MKL05Z4.s
   Uses
      None
Comment: DMA0_IPR unused
DMA0_IRQ_MASK 00000001

Symbol: DMA0_IRQ_MASK
   Definitions
      At line 1508 in file ..\lab8\MKL05Z4.s
   Uses
      None
Comment: DMA0_IRQ_MASK unused
DMA0_IRQn 00000000

Symbol: DMA0_IRQn
   Definitions
      At line 157 in file ..\lab8\MKL05Z4.s
   Uses
      At line 1508 in file ..\lab8\MKL05Z4.s
Comment: DMA0_IRQn used once
DMA0_PRI_POS 00000006

Symbol: DMA0_PRI_POS
   Definitions
      At line 1474 in file ..\lab8\MKL05Z4.s
   Uses
      None
Comment: DMA0_PRI_POS unused
DMA0_Vector 00000010

Symbol: DMA0_Vector
   Definitions
      At line 1559 in file ..\lab8\MKL05Z4.s
   Uses
      None
Comment: DMA0_Vector unused
DMA1_IPR E000E400

Symbol: DMA1_IPR
   Definitions
      At line 1439 in file ..\lab8\MKL05Z4.s
   Uses
      None
Comment: DMA1_IPR unused
DMA1_IRQ_MASK 00000002

Symbol: DMA1_IRQ_MASK
   Definitions



ARM Macro Assembler    Page 39 Alphabetic symbol ordering
Absolute symbols

      At line 1509 in file ..\lab8\MKL05Z4.s
   Uses
      None
Comment: DMA1_IRQ_MASK unused
DMA1_IRQn 00000001

Symbol: DMA1_IRQn
   Definitions
      At line 158 in file ..\lab8\MKL05Z4.s
   Uses
      At line 1509 in file ..\lab8\MKL05Z4.s
Comment: DMA1_IRQn used once
DMA1_PRI_POS 0000000E

Symbol: DMA1_PRI_POS
   Definitions
      At line 1475 in file ..\lab8\MKL05Z4.s
   Uses
      None
Comment: DMA1_PRI_POS unused
DMA1_Vector 00000011

Symbol: DMA1_Vector
   Definitions
      At line 1560 in file ..\lab8\MKL05Z4.s
   Uses
      None
Comment: DMA1_Vector unused
DMA2_IPR E000E400

Symbol: DMA2_IPR
   Definitions
      At line 1440 in file ..\lab8\MKL05Z4.s
   Uses
      None
Comment: DMA2_IPR unused
DMA2_IRQ_MASK 00000004

Symbol: DMA2_IRQ_MASK
   Definitions
      At line 1510 in file ..\lab8\MKL05Z4.s
   Uses
      None
Comment: DMA2_IRQ_MASK unused
DMA2_IRQn 00000002

Symbol: DMA2_IRQn
   Definitions
      At line 159 in file ..\lab8\MKL05Z4.s
   Uses
      At line 1510 in file ..\lab8\MKL05Z4.s
Comment: DMA2_IRQn used once
DMA2_PRI_POS 00000016

Symbol: DMA2_PRI_POS
   Definitions
      At line 1476 in file ..\lab8\MKL05Z4.s
   Uses
      None



ARM Macro Assembler    Page 40 Alphabetic symbol ordering
Absolute symbols

Comment: DMA2_PRI_POS unused
DMA2_Vector 00000012

Symbol: DMA2_Vector
   Definitions
      At line 1561 in file ..\lab8\MKL05Z4.s
   Uses
      None
Comment: DMA2_Vector unused
DMA3_IPR E000E400

Symbol: DMA3_IPR
   Definitions
      At line 1441 in file ..\lab8\MKL05Z4.s
   Uses
      None
Comment: DMA3_IPR unused
DMA3_IRQ_MASK 00000008

Symbol: DMA3_IRQ_MASK
   Definitions
      At line 1511 in file ..\lab8\MKL05Z4.s
   Uses
      None
Comment: DMA3_IRQ_MASK unused
DMA3_IRQn 00000003

Symbol: DMA3_IRQn
   Definitions
      At line 160 in file ..\lab8\MKL05Z4.s
   Uses
      At line 1511 in file ..\lab8\MKL05Z4.s
Comment: DMA3_IRQn used once
DMA3_PRI_POS 0000001E

Symbol: DMA3_PRI_POS
   Definitions
      At line 1477 in file ..\lab8\MKL05Z4.s
   Uses
      None
Comment: DMA3_PRI_POS unused
DMA3_Vector 00000013

Symbol: DMA3_Vector
   Definitions
      At line 1562 in file ..\lab8\MKL05Z4.s
   Uses
      None
Comment: DMA3_Vector unused
EPSR_MASK 01000000

Symbol: EPSR_MASK
   Definitions
      At line 99 in file ..\lab8\MKL05Z4.s
   Uses
      None
Comment: EPSR_MASK unused
EPSR_SHIFT 00000018




ARM Macro Assembler    Page 41 Alphabetic symbol ordering
Absolute symbols

Symbol: EPSR_SHIFT
   Definitions
      At line 100 in file ..\lab8\MKL05Z4.s
   Uses
      None
Comment: EPSR_SHIFT unused
EPSR_T_MASK 01000000

Symbol: EPSR_T_MASK
   Definitions
      At line 101 in file ..\lab8\MKL05Z4.s
   Uses
      At line 133 in file ..\lab8\MKL05Z4.s
Comment: EPSR_T_MASK used once
EPSR_T_SHIFT 00000018

Symbol: EPSR_T_SHIFT
   Definitions
      At line 102 in file ..\lab8\MKL05Z4.s
   Uses
      At line 134 in file ..\lab8\MKL05Z4.s
Comment: EPSR_T_SHIFT used once
FCF_BACKDOOR_KEY0 000000FF

Symbol: FCF_BACKDOOR_KEY0
   Definitions
      At line 728 in file ..\lab8\MKL05Z4.s
   Uses
      At line 315 in file ..\lab8\Start.s
Comment: FCF_BACKDOOR_KEY0 used once
FCF_BACKDOOR_KEY1 000000FF

Symbol: FCF_BACKDOOR_KEY1
   Definitions
      At line 733 in file ..\lab8\MKL05Z4.s
   Uses
      At line 315 in file ..\lab8\Start.s
Comment: FCF_BACKDOOR_KEY1 used once
FCF_BACKDOOR_KEY2 000000FF

Symbol: FCF_BACKDOOR_KEY2
   Definitions
      At line 738 in file ..\lab8\MKL05Z4.s
   Uses
      At line 316 in file ..\lab8\Start.s
Comment: FCF_BACKDOOR_KEY2 used once
FCF_BACKDOOR_KEY3 000000FF

Symbol: FCF_BACKDOOR_KEY3
   Definitions
      At line 743 in file ..\lab8\MKL05Z4.s
   Uses
      At line 316 in file ..\lab8\Start.s
Comment: FCF_BACKDOOR_KEY3 used once
FCF_BACKDOOR_KEY4 000000FF

Symbol: FCF_BACKDOOR_KEY4
   Definitions
      At line 748 in file ..\lab8\MKL05Z4.s



ARM Macro Assembler    Page 42 Alphabetic symbol ordering
Absolute symbols

   Uses
      At line 317 in file ..\lab8\Start.s
Comment: FCF_BACKDOOR_KEY4 used once
FCF_BACKDOOR_KEY5 000000FF

Symbol: FCF_BACKDOOR_KEY5
   Definitions
      At line 753 in file ..\lab8\MKL05Z4.s
   Uses
      At line 317 in file ..\lab8\Start.s
Comment: FCF_BACKDOOR_KEY5 used once
FCF_BACKDOOR_KEY6 000000FF

Symbol: FCF_BACKDOOR_KEY6
   Definitions
      At line 758 in file ..\lab8\MKL05Z4.s
   Uses
      At line 318 in file ..\lab8\Start.s
Comment: FCF_BACKDOOR_KEY6 used once
FCF_BACKDOOR_KEY7 000000FF

Symbol: FCF_BACKDOOR_KEY7
   Definitions
      At line 763 in file ..\lab8\MKL05Z4.s
   Uses
      At line 318 in file ..\lab8\Start.s
Comment: FCF_BACKDOOR_KEY7 used once
FCF_FOPT 000000FF

Symbol: FCF_FOPT
   Definitions
      At line 775 in file ..\lab8\MKL05Z4.s
   Uses
      At line 320 in file ..\lab8\Start.s
Comment: FCF_FOPT used once
FCF_FPROT0 000000FF

Symbol: FCF_FPROT0
   Definitions
      At line 791 in file ..\lab8\MKL05Z4.s
   Uses
      At line 319 in file ..\lab8\Start.s
Comment: FCF_FPROT0 used once
FCF_FPROT1 000000FF

Symbol: FCF_FPROT1
   Definitions
      At line 804 in file ..\lab8\MKL05Z4.s
   Uses
      At line 319 in file ..\lab8\Start.s
Comment: FCF_FPROT1 used once
FCF_FPROT2 000000FF

Symbol: FCF_FPROT2
   Definitions
      At line 817 in file ..\lab8\MKL05Z4.s
   Uses
      At line 319 in file ..\lab8\Start.s
Comment: FCF_FPROT2 used once



ARM Macro Assembler    Page 43 Alphabetic symbol ordering
Absolute symbols

FCF_FPROT3 000000FF

Symbol: FCF_FPROT3
   Definitions
      At line 830 in file ..\lab8\MKL05Z4.s
   Uses
      At line 319 in file ..\lab8\Start.s
Comment: FCF_FPROT3 used once
FCF_FSEC 0000007E

Symbol: FCF_FSEC
   Definitions
      At line 861 in file ..\lab8\MKL05Z4.s
   Uses
      At line 320 in file ..\lab8\Start.s
Comment: FCF_FSEC used once
FGPIOA_BASE F80FF000

Symbol: FGPIOA_BASE
   Definitions
      At line 888 in file ..\lab8\MKL05Z4.s
   Uses
      At line 889 in file ..\lab8\MKL05Z4.s
      At line 890 in file ..\lab8\MKL05Z4.s
      At line 891 in file ..\lab8\MKL05Z4.s
      At line 892 in file ..\lab8\MKL05Z4.s
      At line 893 in file ..\lab8\MKL05Z4.s
      At line 894 in file ..\lab8\MKL05Z4.s

FGPIOA_PCOR F80FF008

Symbol: FGPIOA_PCOR
   Definitions
      At line 891 in file ..\lab8\MKL05Z4.s
   Uses
      None
Comment: FGPIOA_PCOR unused
FGPIOA_PDDR F80FF014

Symbol: FGPIOA_PDDR
   Definitions
      At line 894 in file ..\lab8\MKL05Z4.s
   Uses
      None
Comment: FGPIOA_PDDR unused
FGPIOA_PDIR F80FF010

Symbol: FGPIOA_PDIR
   Definitions
      At line 893 in file ..\lab8\MKL05Z4.s
   Uses
      None
Comment: FGPIOA_PDIR unused
FGPIOA_PDOR F80FF000

Symbol: FGPIOA_PDOR
   Definitions
      At line 889 in file ..\lab8\MKL05Z4.s
   Uses



ARM Macro Assembler    Page 44 Alphabetic symbol ordering
Absolute symbols

      None
Comment: FGPIOA_PDOR unused
FGPIOA_PSOR F80FF004

Symbol: FGPIOA_PSOR
   Definitions
      At line 890 in file ..\lab8\MKL05Z4.s
   Uses
      None
Comment: FGPIOA_PSOR unused
FGPIOA_PTOR F80FF00C

Symbol: FGPIOA_PTOR
   Definitions
      At line 892 in file ..\lab8\MKL05Z4.s
   Uses
      None
Comment: FGPIOA_PTOR unused
FGPIOB_BASE F80FF040

Symbol: FGPIOB_BASE
   Definitions
      At line 896 in file ..\lab8\MKL05Z4.s
   Uses
      At line 897 in file ..\lab8\MKL05Z4.s
      At line 898 in file ..\lab8\MKL05Z4.s
      At line 899 in file ..\lab8\MKL05Z4.s
      At line 900 in file ..\lab8\MKL05Z4.s
      At line 901 in file ..\lab8\MKL05Z4.s
      At line 902 in file ..\lab8\MKL05Z4.s

FGPIOB_PCOR F80FF048

Symbol: FGPIOB_PCOR
   Definitions
      At line 899 in file ..\lab8\MKL05Z4.s
   Uses
      None
Comment: FGPIOB_PCOR unused
FGPIOB_PDDR F80FF054

Symbol: FGPIOB_PDDR
   Definitions
      At line 902 in file ..\lab8\MKL05Z4.s
   Uses
      None
Comment: FGPIOB_PDDR unused
FGPIOB_PDIR F80FF050

Symbol: FGPIOB_PDIR
   Definitions
      At line 901 in file ..\lab8\MKL05Z4.s
   Uses
      None
Comment: FGPIOB_PDIR unused
FGPIOB_PDOR F80FF040

Symbol: FGPIOB_PDOR
   Definitions



ARM Macro Assembler    Page 45 Alphabetic symbol ordering
Absolute symbols

      At line 897 in file ..\lab8\MKL05Z4.s
   Uses
      None
Comment: FGPIOB_PDOR unused
FGPIOB_PSOR F80FF044

Symbol: FGPIOB_PSOR
   Definitions
      At line 898 in file ..\lab8\MKL05Z4.s
   Uses
      None
Comment: FGPIOB_PSOR unused
FGPIOB_PTOR F80FF04C

Symbol: FGPIOB_PTOR
   Definitions
      At line 900 in file ..\lab8\MKL05Z4.s
   Uses
      None
Comment: FGPIOB_PTOR unused
FGPIO_BASE F80FF000

Symbol: FGPIO_BASE
   Definitions
      At line 878 in file ..\lab8\MKL05Z4.s
   Uses
      None
Comment: FGPIO_BASE unused
FGPIO_PCOR_OFFSET 00000008

Symbol: FGPIO_PCOR_OFFSET
   Definitions
      At line 881 in file ..\lab8\MKL05Z4.s
   Uses
      None
Comment: FGPIO_PCOR_OFFSET unused
FGPIO_PDDR_OFFSET 00000014

Symbol: FGPIO_PDDR_OFFSET
   Definitions
      At line 884 in file ..\lab8\MKL05Z4.s
   Uses
      None
Comment: FGPIO_PDDR_OFFSET unused
FGPIO_PDIR_OFFSET 00000010

Symbol: FGPIO_PDIR_OFFSET
   Definitions
      At line 883 in file ..\lab8\MKL05Z4.s
   Uses
      None
Comment: FGPIO_PDIR_OFFSET unused
FGPIO_PDOR_OFFSET 00000000

Symbol: FGPIO_PDOR_OFFSET
   Definitions
      At line 879 in file ..\lab8\MKL05Z4.s
   Uses
      None



ARM Macro Assembler    Page 46 Alphabetic symbol ordering
Absolute symbols

Comment: FGPIO_PDOR_OFFSET unused
FGPIO_PSOR_OFFSET 00000004

Symbol: FGPIO_PSOR_OFFSET
   Definitions
      At line 880 in file ..\lab8\MKL05Z4.s
   Uses
      None
Comment: FGPIO_PSOR_OFFSET unused
FGPIO_PTOR_OFFSET 0000000C

Symbol: FGPIO_PTOR_OFFSET
   Definitions
      At line 882 in file ..\lab8\MKL05Z4.s
   Uses
      None
Comment: FGPIO_PTOR_OFFSET unused
FOPT 000000FF

Symbol: FOPT
   Definitions
      At line 776 in file ..\lab8\MKL05Z4.s
   Uses
      None
Comment: FOPT unused
FPROT0 000000FF

Symbol: FPROT0
   Definitions
      At line 793 in file ..\lab8\MKL05Z4.s
   Uses
      None
Comment: FPROT0 unused
FPROT1 000000FF

Symbol: FPROT1
   Definitions
      At line 806 in file ..\lab8\MKL05Z4.s
   Uses
      None
Comment: FPROT1 unused
FPROT2 000000FF

Symbol: FPROT2
   Definitions
      At line 819 in file ..\lab8\MKL05Z4.s
   Uses
      None
Comment: FPROT2 unused
FPROT3 000000FF

Symbol: FPROT3
   Definitions
      At line 832 in file ..\lab8\MKL05Z4.s
   Uses
      None
Comment: FPROT3 unused
FPTA_BASE F80FF000




ARM Macro Assembler    Page 47 Alphabetic symbol ordering
Absolute symbols

Symbol: FPTA_BASE
   Definitions
      At line 931 in file ..\lab8\MKL05Z4.s
   Uses
      At line 932 in file ..\lab8\MKL05Z4.s
      At line 933 in file ..\lab8\MKL05Z4.s
      At line 934 in file ..\lab8\MKL05Z4.s
      At line 935 in file ..\lab8\MKL05Z4.s
      At line 936 in file ..\lab8\MKL05Z4.s
      At line 937 in file ..\lab8\MKL05Z4.s

FPTA_OFFSET 00000000

Symbol: FPTA_OFFSET
   Definitions
      At line 928 in file ..\lab8\MKL05Z4.s
   Uses
      None
Comment: FPTA_OFFSET unused
FPTA_PCOR F80FF008

Symbol: FPTA_PCOR
   Definitions
      At line 934 in file ..\lab8\MKL05Z4.s
   Uses
      None
Comment: FPTA_PCOR unused
FPTA_PDDR F80FF014

Symbol: FPTA_PDDR
   Definitions
      At line 937 in file ..\lab8\MKL05Z4.s
   Uses
      None
Comment: FPTA_PDDR unused
FPTA_PDIR F80FF010

Symbol: FPTA_PDIR
   Definitions
      At line 936 in file ..\lab8\MKL05Z4.s
   Uses
      None
Comment: FPTA_PDIR unused
FPTA_PDOR F80FF000

Symbol: FPTA_PDOR
   Definitions
      At line 933 in file ..\lab8\MKL05Z4.s
   Uses
      None
Comment: FPTA_PDOR unused
FPTA_PSOR F80FF004

Symbol: FPTA_PSOR
   Definitions
      At line 932 in file ..\lab8\MKL05Z4.s
   Uses
      None
Comment: FPTA_PSOR unused



ARM Macro Assembler    Page 48 Alphabetic symbol ordering
Absolute symbols

FPTA_PTOR F80FF00C

Symbol: FPTA_PTOR
   Definitions
      At line 935 in file ..\lab8\MKL05Z4.s
   Uses
      None
Comment: FPTA_PTOR unused
FPTB_BASE F80FF040

Symbol: FPTB_BASE
   Definitions
      At line 939 in file ..\lab8\MKL05Z4.s
   Uses
      At line 940 in file ..\lab8\MKL05Z4.s
      At line 941 in file ..\lab8\MKL05Z4.s
      At line 942 in file ..\lab8\MKL05Z4.s
      At line 943 in file ..\lab8\MKL05Z4.s
      At line 944 in file ..\lab8\MKL05Z4.s
      At line 945 in file ..\lab8\MKL05Z4.s

FPTB_OFFSET 00000040

Symbol: FPTB_OFFSET
   Definitions
      At line 929 in file ..\lab8\MKL05Z4.s
   Uses
      None
Comment: FPTB_OFFSET unused
FPTB_PCOR F80FF048

Symbol: FPTB_PCOR
   Definitions
      At line 942 in file ..\lab8\MKL05Z4.s
   Uses
      None
Comment: FPTB_PCOR unused
FPTB_PDDR F80FF054

Symbol: FPTB_PDDR
   Definitions
      At line 945 in file ..\lab8\MKL05Z4.s
   Uses
      None
Comment: FPTB_PDDR unused
FPTB_PDIR F80FF050

Symbol: FPTB_PDIR
   Definitions
      At line 944 in file ..\lab8\MKL05Z4.s
   Uses
      None
Comment: FPTB_PDIR unused
FPTB_PDOR F80FF040

Symbol: FPTB_PDOR
   Definitions
      At line 940 in file ..\lab8\MKL05Z4.s
   Uses



ARM Macro Assembler    Page 49 Alphabetic symbol ordering
Absolute symbols

      None
Comment: FPTB_PDOR unused
FPTB_PSOR F80FF044

Symbol: FPTB_PSOR
   Definitions
      At line 941 in file ..\lab8\MKL05Z4.s
   Uses
      None
Comment: FPTB_PSOR unused
FPTB_PTOR F80FF04C

Symbol: FPTB_PTOR
   Definitions
      At line 943 in file ..\lab8\MKL05Z4.s
   Uses
      None
Comment: FPTB_PTOR unused
FPT_BASE F80FF000

Symbol: FPT_BASE
   Definitions
      At line 921 in file ..\lab8\MKL05Z4.s
   Uses
      None
Comment: FPT_BASE unused
FPT_PCOR_OFFSET 00000008

Symbol: FPT_PCOR_OFFSET
   Definitions
      At line 924 in file ..\lab8\MKL05Z4.s
   Uses
      At line 934 in file ..\lab8\MKL05Z4.s
      At line 942 in file ..\lab8\MKL05Z4.s

FPT_PDDR_OFFSET 00000014

Symbol: FPT_PDDR_OFFSET
   Definitions
      At line 927 in file ..\lab8\MKL05Z4.s
   Uses
      At line 937 in file ..\lab8\MKL05Z4.s
      At line 945 in file ..\lab8\MKL05Z4.s

FPT_PDIR_OFFSET 00000010

Symbol: FPT_PDIR_OFFSET
   Definitions
      At line 926 in file ..\lab8\MKL05Z4.s
   Uses
      At line 936 in file ..\lab8\MKL05Z4.s
      At line 944 in file ..\lab8\MKL05Z4.s

FPT_PDOR_OFFSET 00000000

Symbol: FPT_PDOR_OFFSET
   Definitions
      At line 922 in file ..\lab8\MKL05Z4.s
   Uses



ARM Macro Assembler    Page 50 Alphabetic symbol ordering
Absolute symbols

      At line 933 in file ..\lab8\MKL05Z4.s
      At line 940 in file ..\lab8\MKL05Z4.s

FPT_PSOR_OFFSET 00000004

Symbol: FPT_PSOR_OFFSET
   Definitions
      At line 923 in file ..\lab8\MKL05Z4.s
   Uses
      At line 932 in file ..\lab8\MKL05Z4.s
      At line 941 in file ..\lab8\MKL05Z4.s

FPT_PTOR_OFFSET 0000000C

Symbol: FPT_PTOR_OFFSET
   Definitions
      At line 925 in file ..\lab8\MKL05Z4.s
   Uses
      At line 935 in file ..\lab8\MKL05Z4.s
      At line 943 in file ..\lab8\MKL05Z4.s

FSEC 000000FE

Symbol: FSEC
   Definitions
      At line 862 in file ..\lab8\MKL05Z4.s
   Uses
      None
Comment: FSEC unused
FTFA_FlashConfig_BACKKEY0 00000403

Symbol: FTFA_FlashConfig_BACKKEY0
   Definitions
      At line 968 in file ..\lab8\MKL05Z4.s
   Uses
      None
Comment: FTFA_FlashConfig_BACKKEY0 unused
FTFA_FlashConfig_BACKKEY0_KEY_MASK 000000FF

Symbol: FTFA_FlashConfig_BACKKEY0_KEY_MASK
   Definitions
      At line 993 in file ..\lab8\MKL05Z4.s
   Uses
      None
Comment: FTFA_FlashConfig_BACKKEY0_KEY_MASK unused
FTFA_FlashConfig_BACKKEY0_KEY_SHIFT 00000000

Symbol: FTFA_FlashConfig_BACKKEY0_KEY_SHIFT
   Definitions
      At line 994 in file ..\lab8\MKL05Z4.s
   Uses
      None
Comment: FTFA_FlashConfig_BACKKEY0_KEY_SHIFT unused
FTFA_FlashConfig_BACKKEY0_OFFSET 00000003

Symbol: FTFA_FlashConfig_BACKKEY0_OFFSET
   Definitions
      At line 954 in file ..\lab8\MKL05Z4.s
   Uses



ARM Macro Assembler    Page 51 Alphabetic symbol ordering
Absolute symbols

      At line 968 in file ..\lab8\MKL05Z4.s
Comment: FTFA_FlashConfig_BACKKEY0_OFFSET used once
FTFA_FlashConfig_BACKKEY1 00000402

Symbol: FTFA_FlashConfig_BACKKEY1
   Definitions
      At line 967 in file ..\lab8\MKL05Z4.s
   Uses
      None
Comment: FTFA_FlashConfig_BACKKEY1 unused
FTFA_FlashConfig_BACKKEY1_KEY_MASK 000000FF

Symbol: FTFA_FlashConfig_BACKKEY1_KEY_MASK
   Definitions
      At line 989 in file ..\lab8\MKL05Z4.s
   Uses
      None
Comment: FTFA_FlashConfig_BACKKEY1_KEY_MASK unused
FTFA_FlashConfig_BACKKEY1_KEY_SHIFT 00000000

Symbol: FTFA_FlashConfig_BACKKEY1_KEY_SHIFT
   Definitions
      At line 990 in file ..\lab8\MKL05Z4.s
   Uses
      None
Comment: FTFA_FlashConfig_BACKKEY1_KEY_SHIFT unused
FTFA_FlashConfig_BACKKEY1_OFFSET 00000002

Symbol: FTFA_FlashConfig_BACKKEY1_OFFSET
   Definitions
      At line 953 in file ..\lab8\MKL05Z4.s
   Uses
      At line 967 in file ..\lab8\MKL05Z4.s
Comment: FTFA_FlashConfig_BACKKEY1_OFFSET used once
FTFA_FlashConfig_BACKKEY2 00000401

Symbol: FTFA_FlashConfig_BACKKEY2
   Definitions
      At line 966 in file ..\lab8\MKL05Z4.s
   Uses
      None
Comment: FTFA_FlashConfig_BACKKEY2 unused
FTFA_FlashConfig_BACKKEY2_KEY_MASK 000000FF

Symbol: FTFA_FlashConfig_BACKKEY2_KEY_MASK
   Definitions
      At line 985 in file ..\lab8\MKL05Z4.s
   Uses
      None
Comment: FTFA_FlashConfig_BACKKEY2_KEY_MASK unused
FTFA_FlashConfig_BACKKEY2_KEY_SHIFT 00000000

Symbol: FTFA_FlashConfig_BACKKEY2_KEY_SHIFT
   Definitions
      At line 986 in file ..\lab8\MKL05Z4.s
   Uses
      None
Comment: FTFA_FlashConfig_BACKKEY2_KEY_SHIFT unused
FTFA_FlashConfig_BACKKEY2_OFFSET 00000001



ARM Macro Assembler    Page 52 Alphabetic symbol ordering
Absolute symbols


Symbol: FTFA_FlashConfig_BACKKEY2_OFFSET
   Definitions
      At line 952 in file ..\lab8\MKL05Z4.s
   Uses
      At line 966 in file ..\lab8\MKL05Z4.s
Comment: FTFA_FlashConfig_BACKKEY2_OFFSET used once
FTFA_FlashConfig_BACKKEY3 00000400

Symbol: FTFA_FlashConfig_BACKKEY3
   Definitions
      At line 965 in file ..\lab8\MKL05Z4.s
   Uses
      None
Comment: FTFA_FlashConfig_BACKKEY3 unused
FTFA_FlashConfig_BACKKEY3_KEY_MASK 000000FF

Symbol: FTFA_FlashConfig_BACKKEY3_KEY_MASK
   Definitions
      At line 981 in file ..\lab8\MKL05Z4.s
   Uses
      None
Comment: FTFA_FlashConfig_BACKKEY3_KEY_MASK unused
FTFA_FlashConfig_BACKKEY3_KEY_SHIFT 00000000

Symbol: FTFA_FlashConfig_BACKKEY3_KEY_SHIFT
   Definitions
      At line 982 in file ..\lab8\MKL05Z4.s
   Uses
      None
Comment: FTFA_FlashConfig_BACKKEY3_KEY_SHIFT unused
FTFA_FlashConfig_BACKKEY3_OFFSET 00000000

Symbol: FTFA_FlashConfig_BACKKEY3_OFFSET
   Definitions
      At line 951 in file ..\lab8\MKL05Z4.s
   Uses
      At line 965 in file ..\lab8\MKL05Z4.s
Comment: FTFA_FlashConfig_BACKKEY3_OFFSET used once
FTFA_FlashConfig_BACKKEY4 00000407

Symbol: FTFA_FlashConfig_BACKKEY4
   Definitions
      At line 972 in file ..\lab8\MKL05Z4.s
   Uses
      None
Comment: FTFA_FlashConfig_BACKKEY4 unused
FTFA_FlashConfig_BACKKEY4_KEY_MASK 000000FF

Symbol: FTFA_FlashConfig_BACKKEY4_KEY_MASK
   Definitions
      At line 1009 in file ..\lab8\MKL05Z4.s
   Uses
      None
Comment: FTFA_FlashConfig_BACKKEY4_KEY_MASK unused
FTFA_FlashConfig_BACKKEY4_KEY_SHIFT 00000000

Symbol: FTFA_FlashConfig_BACKKEY4_KEY_SHIFT
   Definitions



ARM Macro Assembler    Page 53 Alphabetic symbol ordering
Absolute symbols

      At line 1010 in file ..\lab8\MKL05Z4.s
   Uses
      None
Comment: FTFA_FlashConfig_BACKKEY4_KEY_SHIFT unused
FTFA_FlashConfig_BACKKEY4_OFFSET 00000007

Symbol: FTFA_FlashConfig_BACKKEY4_OFFSET
   Definitions
      At line 958 in file ..\lab8\MKL05Z4.s
   Uses
      At line 972 in file ..\lab8\MKL05Z4.s
Comment: FTFA_FlashConfig_BACKKEY4_OFFSET used once
FTFA_FlashConfig_BACKKEY5 00000406

Symbol: FTFA_FlashConfig_BACKKEY5
   Definitions
      At line 971 in file ..\lab8\MKL05Z4.s
   Uses
      None
Comment: FTFA_FlashConfig_BACKKEY5 unused
FTFA_FlashConfig_BACKKEY5_KEY_MASK 000000FF

Symbol: FTFA_FlashConfig_BACKKEY5_KEY_MASK
   Definitions
      At line 1005 in file ..\lab8\MKL05Z4.s
   Uses
      None
Comment: FTFA_FlashConfig_BACKKEY5_KEY_MASK unused
FTFA_FlashConfig_BACKKEY5_KEY_SHIFT 00000000

Symbol: FTFA_FlashConfig_BACKKEY5_KEY_SHIFT
   Definitions
      At line 1006 in file ..\lab8\MKL05Z4.s
   Uses
      None
Comment: FTFA_FlashConfig_BACKKEY5_KEY_SHIFT unused
FTFA_FlashConfig_BACKKEY5_OFFSET 00000006

Symbol: FTFA_FlashConfig_BACKKEY5_OFFSET
   Definitions
      At line 957 in file ..\lab8\MKL05Z4.s
   Uses
      At line 971 in file ..\lab8\MKL05Z4.s
Comment: FTFA_FlashConfig_BACKKEY5_OFFSET used once
FTFA_FlashConfig_BACKKEY6 00000405

Symbol: FTFA_FlashConfig_BACKKEY6
   Definitions
      At line 970 in file ..\lab8\MKL05Z4.s
   Uses
      None
Comment: FTFA_FlashConfig_BACKKEY6 unused
FTFA_FlashConfig_BACKKEY6_KEY_MASK 000000FF

Symbol: FTFA_FlashConfig_BACKKEY6_KEY_MASK
   Definitions
      At line 1001 in file ..\lab8\MKL05Z4.s
   Uses
      None



ARM Macro Assembler    Page 54 Alphabetic symbol ordering
Absolute symbols

Comment: FTFA_FlashConfig_BACKKEY6_KEY_MASK unused
FTFA_FlashConfig_BACKKEY6_KEY_SHIFT 00000000

Symbol: FTFA_FlashConfig_BACKKEY6_KEY_SHIFT
   Definitions
      At line 1002 in file ..\lab8\MKL05Z4.s
   Uses
      None
Comment: FTFA_FlashConfig_BACKKEY6_KEY_SHIFT unused
FTFA_FlashConfig_BACKKEY6_OFFSET 00000005

Symbol: FTFA_FlashConfig_BACKKEY6_OFFSET
   Definitions
      At line 956 in file ..\lab8\MKL05Z4.s
   Uses
      At line 970 in file ..\lab8\MKL05Z4.s
Comment: FTFA_FlashConfig_BACKKEY6_OFFSET used once
FTFA_FlashConfig_BACKKEY7 00000404

Symbol: FTFA_FlashConfig_BACKKEY7
   Definitions
      At line 969 in file ..\lab8\MKL05Z4.s
   Uses
      None
Comment: FTFA_FlashConfig_BACKKEY7 unused
FTFA_FlashConfig_BACKKEY7_KEY_MASK 000000FF

Symbol: FTFA_FlashConfig_BACKKEY7_KEY_MASK
   Definitions
      At line 997 in file ..\lab8\MKL05Z4.s
   Uses
      None
Comment: FTFA_FlashConfig_BACKKEY7_KEY_MASK unused
FTFA_FlashConfig_BACKKEY7_KEY_SHIFT 00000000

Symbol: FTFA_FlashConfig_BACKKEY7_KEY_SHIFT
   Definitions
      At line 998 in file ..\lab8\MKL05Z4.s
   Uses
      None
Comment: FTFA_FlashConfig_BACKKEY7_KEY_SHIFT unused
FTFA_FlashConfig_BACKKEY7_OFFSET 00000004

Symbol: FTFA_FlashConfig_BACKKEY7_OFFSET
   Definitions
      At line 955 in file ..\lab8\MKL05Z4.s
   Uses
      At line 969 in file ..\lab8\MKL05Z4.s
Comment: FTFA_FlashConfig_BACKKEY7_OFFSET used once
FTFA_FlashConfig_BASE 00000400

Symbol: FTFA_FlashConfig_BASE
   Definitions
      At line 950 in file ..\lab8\MKL05Z4.s
   Uses
      At line 965 in file ..\lab8\MKL05Z4.s
      At line 966 in file ..\lab8\MKL05Z4.s
      At line 967 in file ..\lab8\MKL05Z4.s
      At line 968 in file ..\lab8\MKL05Z4.s



ARM Macro Assembler    Page 55 Alphabetic symbol ordering
Absolute symbols

      At line 969 in file ..\lab8\MKL05Z4.s
      At line 970 in file ..\lab8\MKL05Z4.s
      At line 971 in file ..\lab8\MKL05Z4.s
      At line 972 in file ..\lab8\MKL05Z4.s
      At line 973 in file ..\lab8\MKL05Z4.s
      At line 974 in file ..\lab8\MKL05Z4.s
      At line 975 in file ..\lab8\MKL05Z4.s
      At line 976 in file ..\lab8\MKL05Z4.s
      At line 977 in file ..\lab8\MKL05Z4.s
      At line 978 in file ..\lab8\MKL05Z4.s

FTFA_FlashConfig_FOPT 0000040D

Symbol: FTFA_FlashConfig_FOPT
   Definitions
      At line 978 in file ..\lab8\MKL05Z4.s
   Uses
      None
Comment: FTFA_FlashConfig_FOPT unused
FTFA_FlashConfig_FOPT_FAST_INIT_MASK 00000020

Symbol: FTFA_FlashConfig_FOPT_FAST_INIT_MASK
   Definitions
      At line 1059 in file ..\lab8\MKL05Z4.s
   Uses
      None
Comment: FTFA_FlashConfig_FOPT_FAST_INIT_MASK unused
FTFA_FlashConfig_FOPT_FAST_INIT_SHIFT 00000005

Symbol: FTFA_FlashConfig_FOPT_FAST_INIT_SHIFT
   Definitions
      At line 1060 in file ..\lab8\MKL05Z4.s
   Uses
      None
Comment: FTFA_FlashConfig_FOPT_FAST_INIT_SHIFT unused
FTFA_FlashConfig_FOPT_LPBOOT0_MASK 00000001

Symbol: FTFA_FlashConfig_FOPT_LPBOOT0_MASK
   Definitions
      At line 1051 in file ..\lab8\MKL05Z4.s
   Uses
      None
Comment: FTFA_FlashConfig_FOPT_LPBOOT0_MASK unused
FTFA_FlashConfig_FOPT_LPBOOT0_SHIFT 00000000

Symbol: FTFA_FlashConfig_FOPT_LPBOOT0_SHIFT
   Definitions
      At line 1052 in file ..\lab8\MKL05Z4.s
   Uses
      None
Comment: FTFA_FlashConfig_FOPT_LPBOOT0_SHIFT unused
FTFA_FlashConfig_FOPT_LPBOOT1_MASK 00000010

Symbol: FTFA_FlashConfig_FOPT_LPBOOT1_MASK
   Definitions
      At line 1057 in file ..\lab8\MKL05Z4.s
   Uses
      None
Comment: FTFA_FlashConfig_FOPT_LPBOOT1_MASK unused



ARM Macro Assembler    Page 56 Alphabetic symbol ordering
Absolute symbols

FTFA_FlashConfig_FOPT_LPBOOT1_SHIFT 00000004

Symbol: FTFA_FlashConfig_FOPT_LPBOOT1_SHIFT
   Definitions
      At line 1058 in file ..\lab8\MKL05Z4.s
   Uses
      None
Comment: FTFA_FlashConfig_FOPT_LPBOOT1_SHIFT unused
FTFA_FlashConfig_FOPT_NMI_DIS_MASK 00000004

Symbol: FTFA_FlashConfig_FOPT_NMI_DIS_MASK
   Definitions
      At line 1053 in file ..\lab8\MKL05Z4.s
   Uses
      None
Comment: FTFA_FlashConfig_FOPT_NMI_DIS_MASK unused
FTFA_FlashConfig_FOPT_NMI_DIS_SHIFT 00000002

Symbol: FTFA_FlashConfig_FOPT_NMI_DIS_SHIFT
   Definitions
      At line 1054 in file ..\lab8\MKL05Z4.s
   Uses
      None
Comment: FTFA_FlashConfig_FOPT_NMI_DIS_SHIFT unused
FTFA_FlashConfig_FOPT_OFFSET 0000000D

Symbol: FTFA_FlashConfig_FOPT_OFFSET
   Definitions
      At line 964 in file ..\lab8\MKL05Z4.s
   Uses
      At line 978 in file ..\lab8\MKL05Z4.s
Comment: FTFA_FlashConfig_FOPT_OFFSET used once
FTFA_FlashConfig_FOPT_RESET_PIN_CFG_MASK 00000008

Symbol: FTFA_FlashConfig_FOPT_RESET_PIN_CFG_MASK
   Definitions
      At line 1055 in file ..\lab8\MKL05Z4.s
   Uses
      None
Comment: FTFA_FlashConfig_FOPT_RESET_PIN_CFG_MASK unused
FTFA_FlashConfig_FOPT_RESET_PIN_CFG_SHIFT 00000003

Symbol: FTFA_FlashConfig_FOPT_RESET_PIN_CFG_SHIFT
   Definitions
      At line 1056 in file ..\lab8\MKL05Z4.s
   Uses
      None
Comment: FTFA_FlashConfig_FOPT_RESET_PIN_CFG_SHIFT unused
FTFA_FlashConfig_FPROT0 0000040B

Symbol: FTFA_FlashConfig_FPROT0
   Definitions
      At line 976 in file ..\lab8\MKL05Z4.s
   Uses
      None
Comment: FTFA_FlashConfig_FPROT0 unused
FTFA_FlashConfig_FPROT0_OFFSET 0000000B

Symbol: FTFA_FlashConfig_FPROT0_OFFSET



ARM Macro Assembler    Page 57 Alphabetic symbol ordering
Absolute symbols

   Definitions
      At line 962 in file ..\lab8\MKL05Z4.s
   Uses
      At line 976 in file ..\lab8\MKL05Z4.s
Comment: FTFA_FlashConfig_FPROT0_OFFSET used once
FTFA_FlashConfig_FPROT0_PROT_MASK 000000FF

Symbol: FTFA_FlashConfig_FPROT0_PROT_MASK
   Definitions
      At line 1025 in file ..\lab8\MKL05Z4.s
   Uses
      None
Comment: FTFA_FlashConfig_FPROT0_PROT_MASK unused
FTFA_FlashConfig_FPROT0_PROT_SHIFT 00000000

Symbol: FTFA_FlashConfig_FPROT0_PROT_SHIFT
   Definitions
      At line 1026 in file ..\lab8\MKL05Z4.s
   Uses
      None
Comment: FTFA_FlashConfig_FPROT0_PROT_SHIFT unused
FTFA_FlashConfig_FPROT1 0000040A

Symbol: FTFA_FlashConfig_FPROT1
   Definitions
      At line 975 in file ..\lab8\MKL05Z4.s
   Uses
      None
Comment: FTFA_FlashConfig_FPROT1 unused
FTFA_FlashConfig_FPROT1_OFFSET 0000000A

Symbol: FTFA_FlashConfig_FPROT1_OFFSET
   Definitions
      At line 961 in file ..\lab8\MKL05Z4.s
   Uses
      At line 975 in file ..\lab8\MKL05Z4.s
Comment: FTFA_FlashConfig_FPROT1_OFFSET used once
FTFA_FlashConfig_FPROT1_PROT_MASK 000000FF

Symbol: FTFA_FlashConfig_FPROT1_PROT_MASK
   Definitions
      At line 1021 in file ..\lab8\MKL05Z4.s
   Uses
      None
Comment: FTFA_FlashConfig_FPROT1_PROT_MASK unused
FTFA_FlashConfig_FPROT1_PROT_SHIFT 00000000

Symbol: FTFA_FlashConfig_FPROT1_PROT_SHIFT
   Definitions
      At line 1022 in file ..\lab8\MKL05Z4.s
   Uses
      None
Comment: FTFA_FlashConfig_FPROT1_PROT_SHIFT unused
FTFA_FlashConfig_FPROT2 00000409

Symbol: FTFA_FlashConfig_FPROT2
   Definitions
      At line 974 in file ..\lab8\MKL05Z4.s
   Uses



ARM Macro Assembler    Page 58 Alphabetic symbol ordering
Absolute symbols

      None
Comment: FTFA_FlashConfig_FPROT2 unused
FTFA_FlashConfig_FPROT2_OFFSET 00000009

Symbol: FTFA_FlashConfig_FPROT2_OFFSET
   Definitions
      At line 960 in file ..\lab8\MKL05Z4.s
   Uses
      At line 974 in file ..\lab8\MKL05Z4.s
Comment: FTFA_FlashConfig_FPROT2_OFFSET used once
FTFA_FlashConfig_FPROT2_PROT_MASK 000000FF

Symbol: FTFA_FlashConfig_FPROT2_PROT_MASK
   Definitions
      At line 1017 in file ..\lab8\MKL05Z4.s
   Uses
      None
Comment: FTFA_FlashConfig_FPROT2_PROT_MASK unused
FTFA_FlashConfig_FPROT2_PROT_SHIFT 00000000

Symbol: FTFA_FlashConfig_FPROT2_PROT_SHIFT
   Definitions
      At line 1018 in file ..\lab8\MKL05Z4.s
   Uses
      None
Comment: FTFA_FlashConfig_FPROT2_PROT_SHIFT unused
FTFA_FlashConfig_FPROT3 00000408

Symbol: FTFA_FlashConfig_FPROT3
   Definitions
      At line 973 in file ..\lab8\MKL05Z4.s
   Uses
      None
Comment: FTFA_FlashConfig_FPROT3 unused
FTFA_FlashConfig_FPROT3_OFFSET 00000008

Symbol: FTFA_FlashConfig_FPROT3_OFFSET
   Definitions
      At line 959 in file ..\lab8\MKL05Z4.s
   Uses
      At line 973 in file ..\lab8\MKL05Z4.s
Comment: FTFA_FlashConfig_FPROT3_OFFSET used once
FTFA_FlashConfig_FPROT3_PROT_MASK 000000FF

Symbol: FTFA_FlashConfig_FPROT3_PROT_MASK
   Definitions
      At line 1013 in file ..\lab8\MKL05Z4.s
   Uses
      None
Comment: FTFA_FlashConfig_FPROT3_PROT_MASK unused
FTFA_FlashConfig_FPROT3_PROT_SHIFT 00000000

Symbol: FTFA_FlashConfig_FPROT3_PROT_SHIFT
   Definitions
      At line 1014 in file ..\lab8\MKL05Z4.s
   Uses
      None
Comment: FTFA_FlashConfig_FPROT3_PROT_SHIFT unused
FTFA_FlashConfig_FSEC 0000040C



ARM Macro Assembler    Page 59 Alphabetic symbol ordering
Absolute symbols


Symbol: FTFA_FlashConfig_FSEC
   Definitions
      At line 977 in file ..\lab8\MKL05Z4.s
   Uses
      None
Comment: FTFA_FlashConfig_FSEC unused
FTFA_FlashConfig_FSEC_FSLACC_MASK 0000000C

Symbol: FTFA_FlashConfig_FSEC_FSLACC_MASK
   Definitions
      At line 1043 in file ..\lab8\MKL05Z4.s
   Uses
      None
Comment: FTFA_FlashConfig_FSEC_FSLACC_MASK unused
FTFA_FlashConfig_FSEC_FSLACC_SHIFT 00000002

Symbol: FTFA_FlashConfig_FSEC_FSLACC_SHIFT
   Definitions
      At line 1044 in file ..\lab8\MKL05Z4.s
   Uses
      None
Comment: FTFA_FlashConfig_FSEC_FSLACC_SHIFT unused
FTFA_FlashConfig_FSEC_KEYEN_MASK 000000C0

Symbol: FTFA_FlashConfig_FSEC_KEYEN_MASK
   Definitions
      At line 1047 in file ..\lab8\MKL05Z4.s
   Uses
      None
Comment: FTFA_FlashConfig_FSEC_KEYEN_MASK unused
FTFA_FlashConfig_FSEC_KEYEN_SHIFT 00000006

Symbol: FTFA_FlashConfig_FSEC_KEYEN_SHIFT
   Definitions
      At line 1048 in file ..\lab8\MKL05Z4.s
   Uses
      None
Comment: FTFA_FlashConfig_FSEC_KEYEN_SHIFT unused
FTFA_FlashConfig_FSEC_MEEN_MASK 00000030

Symbol: FTFA_FlashConfig_FSEC_MEEN_MASK
   Definitions
      At line 1045 in file ..\lab8\MKL05Z4.s
   Uses
      None
Comment: FTFA_FlashConfig_FSEC_MEEN_MASK unused
FTFA_FlashConfig_FSEC_MEEN_SHIFT 00000004

Symbol: FTFA_FlashConfig_FSEC_MEEN_SHIFT
   Definitions
      At line 1046 in file ..\lab8\MKL05Z4.s
   Uses
      None
Comment: FTFA_FlashConfig_FSEC_MEEN_SHIFT unused
FTFA_FlashConfig_FSEC_OFFSET 0000000C

Symbol: FTFA_FlashConfig_FSEC_OFFSET
   Definitions



ARM Macro Assembler    Page 60 Alphabetic symbol ordering
Absolute symbols

      At line 963 in file ..\lab8\MKL05Z4.s
   Uses
      At line 977 in file ..\lab8\MKL05Z4.s
Comment: FTFA_FlashConfig_FSEC_OFFSET used once
FTFA_FlashConfig_FSEC_SEC_MASK 00000003

Symbol: FTFA_FlashConfig_FSEC_SEC_MASK
   Definitions
      At line 1041 in file ..\lab8\MKL05Z4.s
   Uses
      None
Comment: FTFA_FlashConfig_FSEC_SEC_MASK unused
FTFA_FlashConfig_FSEC_SEC_SHIFT 00000000

Symbol: FTFA_FlashConfig_FSEC_SEC_SHIFT
   Definitions
      At line 1042 in file ..\lab8\MKL05Z4.s
   Uses
      None
Comment: FTFA_FlashConfig_FSEC_SEC_SHIFT unused
FTFA_IPR E000E404

Symbol: FTFA_IPR
   Definitions
      At line 1443 in file ..\lab8\MKL05Z4.s
   Uses
      None
Comment: FTFA_IPR unused
FTFA_IRQ_MASK 00000020

Symbol: FTFA_IRQ_MASK
   Definitions
      At line 1513 in file ..\lab8\MKL05Z4.s
   Uses
      None
Comment: FTFA_IRQ_MASK unused
FTFA_IRQn 00000005

Symbol: FTFA_IRQn
   Definitions
      At line 162 in file ..\lab8\MKL05Z4.s
   Uses
      At line 1513 in file ..\lab8\MKL05Z4.s
Comment: FTFA_IRQn used once
FTFA_PRI_POS 0000000E

Symbol: FTFA_PRI_POS
   Definitions
      At line 1479 in file ..\lab8\MKL05Z4.s
   Uses
      None
Comment: FTFA_PRI_POS unused
FTFA_Vector 00000015

Symbol: FTFA_Vector
   Definitions
      At line 1564 in file ..\lab8\MKL05Z4.s
   Uses
      None



ARM Macro Assembler    Page 61 Alphabetic symbol ordering
Absolute symbols

Comment: FTFA_Vector unused
GPIOA_BASE 400FF000

Symbol: GPIOA_BASE
   Definitions
      At line 1088 in file ..\lab8\MKL05Z4.s
   Uses
      At line 1089 in file ..\lab8\MKL05Z4.s
      At line 1090 in file ..\lab8\MKL05Z4.s
      At line 1091 in file ..\lab8\MKL05Z4.s
      At line 1092 in file ..\lab8\MKL05Z4.s
      At line 1093 in file ..\lab8\MKL05Z4.s
      At line 1094 in file ..\lab8\MKL05Z4.s

GPIOA_OFFSET 00000000

Symbol: GPIOA_OFFSET
   Definitions
      At line 1085 in file ..\lab8\MKL05Z4.s
   Uses
      None
Comment: GPIOA_OFFSET unused
GPIOA_PCOR 400FF008

Symbol: GPIOA_PCOR
   Definitions
      At line 1091 in file ..\lab8\MKL05Z4.s
   Uses
      None
Comment: GPIOA_PCOR unused
GPIOA_PDDR 400FF014

Symbol: GPIOA_PDDR
   Definitions
      At line 1094 in file ..\lab8\MKL05Z4.s
   Uses
      None
Comment: GPIOA_PDDR unused
GPIOA_PDIR 400FF010

Symbol: GPIOA_PDIR
   Definitions
      At line 1093 in file ..\lab8\MKL05Z4.s
   Uses
      None
Comment: GPIOA_PDIR unused
GPIOA_PDOR 400FF000

Symbol: GPIOA_PDOR
   Definitions
      At line 1089 in file ..\lab8\MKL05Z4.s
   Uses
      None
Comment: GPIOA_PDOR unused
GPIOA_PSOR 400FF004

Symbol: GPIOA_PSOR
   Definitions
      At line 1090 in file ..\lab8\MKL05Z4.s



ARM Macro Assembler    Page 62 Alphabetic symbol ordering
Absolute symbols

   Uses
      None
Comment: GPIOA_PSOR unused
GPIOA_PTOR 400FF00C

Symbol: GPIOA_PTOR
   Definitions
      At line 1092 in file ..\lab8\MKL05Z4.s
   Uses
      None
Comment: GPIOA_PTOR unused
GPIOB_BASE 400FF040

Symbol: GPIOB_BASE
   Definitions
      At line 1096 in file ..\lab8\MKL05Z4.s
   Uses
      At line 1097 in file ..\lab8\MKL05Z4.s
      At line 1098 in file ..\lab8\MKL05Z4.s
      At line 1099 in file ..\lab8\MKL05Z4.s
      At line 1100 in file ..\lab8\MKL05Z4.s
      At line 1101 in file ..\lab8\MKL05Z4.s
      At line 1102 in file ..\lab8\MKL05Z4.s

GPIOB_OFFSET 00000040

Symbol: GPIOB_OFFSET
   Definitions
      At line 1086 in file ..\lab8\MKL05Z4.s
   Uses
      None
Comment: GPIOB_OFFSET unused
GPIOB_PCOR 400FF048

Symbol: GPIOB_PCOR
   Definitions
      At line 1099 in file ..\lab8\MKL05Z4.s
   Uses
      None
Comment: GPIOB_PCOR unused
GPIOB_PDDR 400FF054

Symbol: GPIOB_PDDR
   Definitions
      At line 1102 in file ..\lab8\MKL05Z4.s
   Uses
      None
Comment: GPIOB_PDDR unused
GPIOB_PDIR 400FF050

Symbol: GPIOB_PDIR
   Definitions
      At line 1101 in file ..\lab8\MKL05Z4.s
   Uses
      None
Comment: GPIOB_PDIR unused
GPIOB_PDOR 400FF040

Symbol: GPIOB_PDOR



ARM Macro Assembler    Page 63 Alphabetic symbol ordering
Absolute symbols

   Definitions
      At line 1097 in file ..\lab8\MKL05Z4.s
   Uses
      None
Comment: GPIOB_PDOR unused
GPIOB_PSOR 400FF044

Symbol: GPIOB_PSOR
   Definitions
      At line 1098 in file ..\lab8\MKL05Z4.s
   Uses
      None
Comment: GPIOB_PSOR unused
GPIOB_PTOR 400FF04C

Symbol: GPIOB_PTOR
   Definitions
      At line 1100 in file ..\lab8\MKL05Z4.s
   Uses
      None
Comment: GPIOB_PTOR unused
GPIO_BASE 400FF000

Symbol: GPIO_BASE
   Definitions
      At line 1076 in file ..\lab8\MKL05Z4.s
   Uses
      None
Comment: GPIO_BASE unused
GPIO_PCOR_OFFSET 00000008

Symbol: GPIO_PCOR_OFFSET
   Definitions
      At line 1079 in file ..\lab8\MKL05Z4.s
   Uses
      At line 891 in file ..\lab8\MKL05Z4.s
      At line 899 in file ..\lab8\MKL05Z4.s
      At line 1091 in file ..\lab8\MKL05Z4.s
      At line 1099 in file ..\lab8\MKL05Z4.s

GPIO_PDDR_OFFSET 00000014

Symbol: GPIO_PDDR_OFFSET
   Definitions
      At line 1082 in file ..\lab8\MKL05Z4.s
   Uses
      At line 894 in file ..\lab8\MKL05Z4.s
      At line 902 in file ..\lab8\MKL05Z4.s
      At line 1094 in file ..\lab8\MKL05Z4.s
      At line 1102 in file ..\lab8\MKL05Z4.s

GPIO_PDIR_OFFSET 00000010

Symbol: GPIO_PDIR_OFFSET
   Definitions
      At line 1081 in file ..\lab8\MKL05Z4.s
   Uses
      At line 893 in file ..\lab8\MKL05Z4.s
      At line 901 in file ..\lab8\MKL05Z4.s



ARM Macro Assembler    Page 64 Alphabetic symbol ordering
Absolute symbols

      At line 1093 in file ..\lab8\MKL05Z4.s
      At line 1101 in file ..\lab8\MKL05Z4.s

GPIO_PDOR_OFFSET 00000000

Symbol: GPIO_PDOR_OFFSET
   Definitions
      At line 1077 in file ..\lab8\MKL05Z4.s
   Uses
      At line 889 in file ..\lab8\MKL05Z4.s
      At line 897 in file ..\lab8\MKL05Z4.s
      At line 1089 in file ..\lab8\MKL05Z4.s
      At line 1097 in file ..\lab8\MKL05Z4.s

GPIO_PSOR_OFFSET 00000004

Symbol: GPIO_PSOR_OFFSET
   Definitions
      At line 1078 in file ..\lab8\MKL05Z4.s
   Uses
      At line 890 in file ..\lab8\MKL05Z4.s
      At line 898 in file ..\lab8\MKL05Z4.s
      At line 1090 in file ..\lab8\MKL05Z4.s
      At line 1098 in file ..\lab8\MKL05Z4.s

GPIO_PTOR_OFFSET 0000000C

Symbol: GPIO_PTOR_OFFSET
   Definitions
      At line 1080 in file ..\lab8\MKL05Z4.s
   Uses
      At line 892 in file ..\lab8\MKL05Z4.s
      At line 900 in file ..\lab8\MKL05Z4.s
      At line 1092 in file ..\lab8\MKL05Z4.s
      At line 1100 in file ..\lab8\MKL05Z4.s

HALFWORD_MASK 0000FFFF

Symbol: HALFWORD_MASK
   Definitions
      At line 42 in file ..\lab8\MKL05Z4.s
   Uses
      None
Comment: HALFWORD_MASK unused
HALFWORD_SIZE 00000002

Symbol: HALFWORD_SIZE
   Definitions
      At line 40 in file ..\lab8\MKL05Z4.s
   Uses
      None
Comment: HALFWORD_SIZE unused
HardFault_IRQn FFFFFFF3

Symbol: HardFault_IRQn
   Definitions
      At line 150 in file ..\lab8\MKL05Z4.s
   Uses
      None



ARM Macro Assembler    Page 65 Alphabetic symbol ordering
Absolute symbols

Comment: HardFault_IRQn unused
Hard_Fault_Vector 00000003

Symbol: Hard_Fault_Vector
   Definitions
      At line 1545 in file ..\lab8\MKL05Z4.s
   Uses
      None
Comment: Hard_Fault_Vector unused
I2C0_IPR E000E408

Symbol: I2C0_IPR
   Definitions
      At line 1446 in file ..\lab8\MKL05Z4.s
   Uses
      None
Comment: I2C0_IPR unused
I2C0_IRQ_MASK 00000100

Symbol: I2C0_IRQ_MASK
   Definitions
      At line 1516 in file ..\lab8\MKL05Z4.s
   Uses
      None
Comment: I2C0_IRQ_MASK unused
I2C0_IRQn 00000008

Symbol: I2C0_IRQn
   Definitions
      At line 165 in file ..\lab8\MKL05Z4.s
   Uses
      At line 1516 in file ..\lab8\MKL05Z4.s
Comment: I2C0_IRQn used once
I2C0_PRI_POS 00000006

Symbol: I2C0_PRI_POS
   Definitions
      At line 1482 in file ..\lab8\MKL05Z4.s
   Uses
      None
Comment: I2C0_PRI_POS unused
I2C0_Vector 00000018

Symbol: I2C0_Vector
   Definitions
      At line 1567 in file ..\lab8\MKL05Z4.s
   Uses
      None
Comment: I2C0_Vector unused
IPSR_EXCEPTION_MASK 0000003F

Symbol: IPSR_EXCEPTION_MASK
   Definitions
      At line 122 in file ..\lab8\MKL05Z4.s
   Uses
      At line 135 in file ..\lab8\MKL05Z4.s
Comment: IPSR_EXCEPTION_MASK used once
IPSR_EXCEPTION_SHIFT 00000000




ARM Macro Assembler    Page 66 Alphabetic symbol ordering
Absolute symbols

Symbol: IPSR_EXCEPTION_SHIFT
   Definitions
      At line 123 in file ..\lab8\MKL05Z4.s
   Uses
      At line 136 in file ..\lab8\MKL05Z4.s
Comment: IPSR_EXCEPTION_SHIFT used once
IPSR_MASK 0000003F

Symbol: IPSR_MASK
   Definitions
      At line 120 in file ..\lab8\MKL05Z4.s
   Uses
      None
Comment: IPSR_MASK unused
IPSR_SHIFT 00000000

Symbol: IPSR_SHIFT
   Definitions
      At line 121 in file ..\lab8\MKL05Z4.s
   Uses
      None
Comment: IPSR_SHIFT unused
Init_SP_Vector 00000000

Symbol: Init_SP_Vector
   Definitions
      At line 1542 in file ..\lab8\MKL05Z4.s
   Uses
      None
Comment: Init_SP_Vector unused
LLW_IPR E000E404

Symbol: LLW_IPR
   Definitions
      At line 1445 in file ..\lab8\MKL05Z4.s
   Uses
      None
Comment: LLW_IPR unused
LLW_IRQ_MASK 00000080

Symbol: LLW_IRQ_MASK
   Definitions
      At line 1515 in file ..\lab8\MKL05Z4.s
   Uses
      None
Comment: LLW_IRQ_MASK unused
LLW_IRQn 00000007

Symbol: LLW_IRQn
   Definitions
      At line 164 in file ..\lab8\MKL05Z4.s
   Uses
      At line 1515 in file ..\lab8\MKL05Z4.s
Comment: LLW_IRQn used once
LLW_PRI_POS 0000001E

Symbol: LLW_PRI_POS
   Definitions
      At line 1481 in file ..\lab8\MKL05Z4.s



ARM Macro Assembler    Page 67 Alphabetic symbol ordering
Absolute symbols

   Uses
      None
Comment: LLW_PRI_POS unused
LLW_Vector 00000017

Symbol: LLW_Vector
   Definitions
      At line 1566 in file ..\lab8\MKL05Z4.s
   Uses
      None
Comment: LLW_Vector unused
LPTimer_IPR E000E41C

Symbol: LPTimer_IPR
   Definitions
      At line 1466 in file ..\lab8\MKL05Z4.s
   Uses
      None
Comment: LPTimer_IPR unused
LPTimer_IRQ_MASK 10000000

Symbol: LPTimer_IRQ_MASK
   Definitions
      At line 1536 in file ..\lab8\MKL05Z4.s
   Uses
      None
Comment: LPTimer_IRQ_MASK unused
LPTimer_IRQn 0000001C

Symbol: LPTimer_IRQn
   Definitions
      At line 185 in file ..\lab8\MKL05Z4.s
   Uses
      At line 1536 in file ..\lab8\MKL05Z4.s
Comment: LPTimer_IRQn used once
LPTimer_PRI_POS 00000006

Symbol: LPTimer_PRI_POS
   Definitions
      At line 1502 in file ..\lab8\MKL05Z4.s
   Uses
      None
Comment: LPTimer_PRI_POS unused
LPTimer_Vector 0000002C

Symbol: LPTimer_Vector
   Definitions
      At line 1587 in file ..\lab8\MKL05Z4.s
   Uses
      None
Comment: LPTimer_Vector unused
LVD_LVW_IPR E000E404

Symbol: LVD_LVW_IPR
   Definitions
      At line 1444 in file ..\lab8\MKL05Z4.s
   Uses
      None
Comment: LVD_LVW_IPR unused



ARM Macro Assembler    Page 68 Alphabetic symbol ordering
Absolute symbols

LVD_LVW_IRQ_MASK 00000040

Symbol: LVD_LVW_IRQ_MASK
   Definitions
      At line 1514 in file ..\lab8\MKL05Z4.s
   Uses
      None
Comment: LVD_LVW_IRQ_MASK unused
LVD_LVW_IRQn 00000006

Symbol: LVD_LVW_IRQn
   Definitions
      At line 163 in file ..\lab8\MKL05Z4.s
   Uses
      At line 1514 in file ..\lab8\MKL05Z4.s
Comment: LVD_LVW_IRQn used once
LVD_LVW_PRI_POS 00000016

Symbol: LVD_LVW_PRI_POS
   Definitions
      At line 1480 in file ..\lab8\MKL05Z4.s
   Uses
      None
Comment: LVD_LVW_PRI_POS unused
LVD_LVW_Vector 00000016

Symbol: LVD_LVW_Vector
   Definitions
      At line 1565 in file ..\lab8\MKL05Z4.s
   Uses
      None
Comment: LVD_LVW_Vector unused
MCG_ATCVH 4006400A

Symbol: MCG_ATCVH
   Definitions
      At line 1125 in file ..\lab8\MKL05Z4.s
   Uses
      None
Comment: MCG_ATCVH unused
MCG_ATCVH_ATCVH_MASK 000000FF

Symbol: MCG_ATCVH_ATCVH_MASK
   Definitions
      At line 1286 in file ..\lab8\MKL05Z4.s
   Uses
      None
Comment: MCG_ATCVH_ATCVH_MASK unused
MCG_ATCVH_ATCVH_SHIFT 00000000

Symbol: MCG_ATCVH_ATCVH_SHIFT
   Definitions
      At line 1287 in file ..\lab8\MKL05Z4.s
   Uses
      None
Comment: MCG_ATCVH_ATCVH_SHIFT unused
MCG_ATCVH_OFFSET 0000000A

Symbol: MCG_ATCVH_OFFSET



ARM Macro Assembler    Page 69 Alphabetic symbol ordering
Absolute symbols

   Definitions
      At line 1116 in file ..\lab8\MKL05Z4.s
   Uses
      At line 1125 in file ..\lab8\MKL05Z4.s
Comment: MCG_ATCVH_OFFSET used once
MCG_ATCVL 4006400B

Symbol: MCG_ATCVL
   Definitions
      At line 1126 in file ..\lab8\MKL05Z4.s
   Uses
      None
Comment: MCG_ATCVL unused
MCG_ATCVL_ATCVL_MASK 000000FF

Symbol: MCG_ATCVL_ATCVL_MASK
   Definitions
      At line 1291 in file ..\lab8\MKL05Z4.s
   Uses
      None
Comment: MCG_ATCVL_ATCVL_MASK unused
MCG_ATCVL_ATCVL_SHIFT 00000000

Symbol: MCG_ATCVL_ATCVL_SHIFT
   Definitions
      At line 1292 in file ..\lab8\MKL05Z4.s
   Uses
      None
Comment: MCG_ATCVL_ATCVL_SHIFT unused
MCG_ATCVL_OFFSET 0000000B

Symbol: MCG_ATCVL_OFFSET
   Definitions
      At line 1117 in file ..\lab8\MKL05Z4.s
   Uses
      At line 1126 in file ..\lab8\MKL05Z4.s
Comment: MCG_ATCVL_OFFSET used once
MCG_BASE 40064000

Symbol: MCG_BASE
   Definitions
      At line 1108 in file ..\lab8\MKL05Z4.s
   Uses
      At line 1118 in file ..\lab8\MKL05Z4.s
      At line 1119 in file ..\lab8\MKL05Z4.s
      At line 1120 in file ..\lab8\MKL05Z4.s
      At line 1121 in file ..\lab8\MKL05Z4.s
      At line 1122 in file ..\lab8\MKL05Z4.s
      At line 1123 in file ..\lab8\MKL05Z4.s
      At line 1124 in file ..\lab8\MKL05Z4.s
      At line 1125 in file ..\lab8\MKL05Z4.s
      At line 1126 in file ..\lab8\MKL05Z4.s
      At line 227 in file ..\lab8\Start.s

MCG_C1 40064000

Symbol: MCG_C1
   Definitions
      At line 1118 in file ..\lab8\MKL05Z4.s



ARM Macro Assembler    Page 70 Alphabetic symbol ordering
Absolute symbols

   Uses
      None
Comment: MCG_C1 unused
MCG_C1_CLKS_MASK 000000C0

Symbol: MCG_C1_CLKS_MASK
   Definitions
      At line 1151 in file ..\lab8\MKL05Z4.s
   Uses
      None
Comment: MCG_C1_CLKS_MASK unused
MCG_C1_CLKS_SHIFT 00000006

Symbol: MCG_C1_CLKS_SHIFT
   Definitions
      At line 1152 in file ..\lab8\MKL05Z4.s
   Uses
      None
Comment: MCG_C1_CLKS_SHIFT unused
MCG_C1_FLL_DIV1_IRCLKEXTSTOP 00000002

Symbol: MCG_C1_FLL_DIV1_IRCLKEXTSTOP
   Definitions
      At line 49 in file ..\lab8\Start.s
   Uses
      At line 245 in file ..\lab8\Start.s
Comment: MCG_C1_FLL_DIV1_IRCLKEXTSTOP used once
MCG_C1_FRDIV_MASK 00000038

Symbol: MCG_C1_FRDIV_MASK
   Definitions
      At line 1153 in file ..\lab8\MKL05Z4.s
   Uses
      None
Comment: MCG_C1_FRDIV_MASK unused
MCG_C1_FRDIV_SHIFT 00000003

Symbol: MCG_C1_FRDIV_SHIFT
   Definitions
      At line 1154 in file ..\lab8\MKL05Z4.s
   Uses
      None
Comment: MCG_C1_FRDIV_SHIFT unused
MCG_C1_IRCLKEN_MASK 00000002

Symbol: MCG_C1_IRCLKEN_MASK
   Definitions
      At line 1157 in file ..\lab8\MKL05Z4.s
   Uses
      At line 49 in file ..\lab8\Start.s
Comment: MCG_C1_IRCLKEN_MASK used once
MCG_C1_IRCLKEN_SHIFT 00000001

Symbol: MCG_C1_IRCLKEN_SHIFT
   Definitions
      At line 1158 in file ..\lab8\MKL05Z4.s
   Uses
      None
Comment: MCG_C1_IRCLKEN_SHIFT unused



ARM Macro Assembler    Page 71 Alphabetic symbol ordering
Absolute symbols

MCG_C1_IREFSTEN_MASK 00000001

Symbol: MCG_C1_IREFSTEN_MASK
   Definitions
      At line 1159 in file ..\lab8\MKL05Z4.s
   Uses
      None
Comment: MCG_C1_IREFSTEN_MASK unused
MCG_C1_IREFSTEN_SHIFT 00000000

Symbol: MCG_C1_IREFSTEN_SHIFT
   Definitions
      At line 1160 in file ..\lab8\MKL05Z4.s
   Uses
      None
Comment: MCG_C1_IREFSTEN_SHIFT unused
MCG_C1_IREFS_MASK 00000004

Symbol: MCG_C1_IREFS_MASK
   Definitions
      At line 1155 in file ..\lab8\MKL05Z4.s
   Uses
      None
Comment: MCG_C1_IREFS_MASK unused
MCG_C1_IREFS_SHIFT 00000002

Symbol: MCG_C1_IREFS_SHIFT
   Definitions
      At line 1156 in file ..\lab8\MKL05Z4.s
   Uses
      None
Comment: MCG_C1_IREFS_SHIFT unused
MCG_C1_OFFSET 00000000

Symbol: MCG_C1_OFFSET
   Definitions
      At line 1109 in file ..\lab8\MKL05Z4.s
   Uses
      At line 1118 in file ..\lab8\MKL05Z4.s
      At line 246 in file ..\lab8\Start.s

MCG_C2 40064001

Symbol: MCG_C2
   Definitions
      At line 1119 in file ..\lab8\MKL05Z4.s
   Uses
      None
Comment: MCG_C2 unused
MCG_C2_EREFS0_MASK 00000004

Symbol: MCG_C2_EREFS0_MASK
   Definitions
      At line 1189 in file ..\lab8\MKL05Z4.s
   Uses
      At line 58 in file ..\lab8\Start.s
Comment: MCG_C2_EREFS0_MASK used once
MCG_C2_EREFS0_SHIFT 00000002




ARM Macro Assembler    Page 72 Alphabetic symbol ordering
Absolute symbols

Symbol: MCG_C2_EREFS0_SHIFT
   Definitions
      At line 1190 in file ..\lab8\MKL05Z4.s
   Uses
      None
Comment: MCG_C2_EREFS0_SHIFT unused
MCG_C2_HGO0_MASK 00000008

Symbol: MCG_C2_HGO0_MASK
   Definitions
      At line 1187 in file ..\lab8\MKL05Z4.s
   Uses
      None
Comment: MCG_C2_HGO0_MASK unused
MCG_C2_HGO0_SHIFT 00000003

Symbol: MCG_C2_HGO0_SHIFT
   Definitions
      At line 1188 in file ..\lab8\MKL05Z4.s
   Uses
      None
Comment: MCG_C2_HGO0_SHIFT unused
MCG_C2_IRCS_MASK 00000001

Symbol: MCG_C2_IRCS_MASK
   Definitions
      At line 1193 in file ..\lab8\MKL05Z4.s
   Uses
      None
Comment: MCG_C2_IRCS_MASK unused
MCG_C2_IRCS_SHIFT 00000000

Symbol: MCG_C2_IRCS_SHIFT
   Definitions
      At line 1194 in file ..\lab8\MKL05Z4.s
   Uses
      None
Comment: MCG_C2_IRCS_SHIFT unused
MCG_C2_LF_EREFOSC 00000004

Symbol: MCG_C2_LF_EREFOSC
   Definitions
      At line 58 in file ..\lab8\Start.s
   Uses
      At line 228 in file ..\lab8\Start.s
Comment: MCG_C2_LF_EREFOSC used once
MCG_C2_LOCRE0_MASK 00000080

Symbol: MCG_C2_LOCRE0_MASK
   Definitions
      At line 1183 in file ..\lab8\MKL05Z4.s
   Uses
      None
Comment: MCG_C2_LOCRE0_MASK unused
MCG_C2_LOCRE0_SHIFT 00000007

Symbol: MCG_C2_LOCRE0_SHIFT
   Definitions
      At line 1184 in file ..\lab8\MKL05Z4.s



ARM Macro Assembler    Page 73 Alphabetic symbol ordering
Absolute symbols

   Uses
      None
Comment: MCG_C2_LOCRE0_SHIFT unused
MCG_C2_LP_MASK 00000002

Symbol: MCG_C2_LP_MASK
   Definitions
      At line 1191 in file ..\lab8\MKL05Z4.s
   Uses
      None
Comment: MCG_C2_LP_MASK unused
MCG_C2_LP_SHIFT 00000001

Symbol: MCG_C2_LP_SHIFT
   Definitions
      At line 1192 in file ..\lab8\MKL05Z4.s
   Uses
      None
Comment: MCG_C2_LP_SHIFT unused
MCG_C2_OFFSET 00000001

Symbol: MCG_C2_OFFSET
   Definitions
      At line 1110 in file ..\lab8\MKL05Z4.s
   Uses
      At line 1119 in file ..\lab8\MKL05Z4.s
      At line 229 in file ..\lab8\Start.s

MCG_C2_RANGE0_MASK 00000030

Symbol: MCG_C2_RANGE0_MASK
   Definitions
      At line 1185 in file ..\lab8\MKL05Z4.s
   Uses
      None
Comment: MCG_C2_RANGE0_MASK unused
MCG_C2_RANGE0_SHIFT 00000004

Symbol: MCG_C2_RANGE0_SHIFT
   Definitions
      At line 1186 in file ..\lab8\MKL05Z4.s
   Uses
      None
Comment: MCG_C2_RANGE0_SHIFT unused
MCG_C3 40064002

Symbol: MCG_C3
   Definitions
      At line 1120 in file ..\lab8\MKL05Z4.s
   Uses
      None
Comment: MCG_C3 unused
MCG_C3_OFFSET 00000002

Symbol: MCG_C3_OFFSET
   Definitions
      At line 1111 in file ..\lab8\MKL05Z4.s
   Uses
      At line 1120 in file ..\lab8\MKL05Z4.s



ARM Macro Assembler    Page 74 Alphabetic symbol ordering
Absolute symbols

Comment: MCG_C3_OFFSET used once
MCG_C3_SCTRIM_MASK 000000FF

Symbol: MCG_C3_SCTRIM_MASK
   Definitions
      At line 1199 in file ..\lab8\MKL05Z4.s
   Uses
      None
Comment: MCG_C3_SCTRIM_MASK unused
MCG_C3_SCTRIM_SHIFT 00000000

Symbol: MCG_C3_SCTRIM_SHIFT
   Definitions
      At line 1200 in file ..\lab8\MKL05Z4.s
   Uses
      None
Comment: MCG_C3_SCTRIM_SHIFT unused
MCG_C4 40064003

Symbol: MCG_C4
   Definitions
      At line 1121 in file ..\lab8\MKL05Z4.s
   Uses
      None
Comment: MCG_C4 unused
MCG_C4_DCO_25PMAX_MID 000000A0

Symbol: MCG_C4_DCO_25PMAX_MID
   Definitions
      At line 67 in file ..\lab8\Start.s
   Uses
      At line 273 in file ..\lab8\Start.s
Comment: MCG_C4_DCO_25PMAX_MID used once
MCG_C4_DMX32_MASK 00000080

Symbol: MCG_C4_DMX32_MASK
   Definitions
      At line 1215 in file ..\lab8\MKL05Z4.s
   Uses
      At line 67 in file ..\lab8\Start.s
Comment: MCG_C4_DMX32_MASK used once
MCG_C4_DMX32_SHIFT 00000007

Symbol: MCG_C4_DMX32_SHIFT
   Definitions
      At line 1216 in file ..\lab8\MKL05Z4.s
   Uses
      None
Comment: MCG_C4_DMX32_SHIFT unused
MCG_C4_DRST_DRS_MASK 00000060

Symbol: MCG_C4_DRST_DRS_MASK
   Definitions
      At line 1217 in file ..\lab8\MKL05Z4.s
   Uses
      At line 272 in file ..\lab8\Start.s
Comment: MCG_C4_DRST_DRS_MASK used once
MCG_C4_DRST_DRS_SHIFT 00000005




ARM Macro Assembler    Page 75 Alphabetic symbol ordering
Absolute symbols

Symbol: MCG_C4_DRST_DRS_SHIFT
   Definitions
      At line 1218 in file ..\lab8\MKL05Z4.s
   Uses
      At line 67 in file ..\lab8\Start.s
Comment: MCG_C4_DRST_DRS_SHIFT used once
MCG_C4_FCTRIM_MASK 0000001E

Symbol: MCG_C4_FCTRIM_MASK
   Definitions
      At line 1219 in file ..\lab8\MKL05Z4.s
   Uses
      None
Comment: MCG_C4_FCTRIM_MASK unused
MCG_C4_FCTRIM_SHIFT 00000001

Symbol: MCG_C4_FCTRIM_SHIFT
   Definitions
      At line 1220 in file ..\lab8\MKL05Z4.s
   Uses
      None
Comment: MCG_C4_FCTRIM_SHIFT unused
MCG_C4_OFFSET 00000003

Symbol: MCG_C4_OFFSET
   Definitions
      At line 1112 in file ..\lab8\MKL05Z4.s
   Uses
      At line 1121 in file ..\lab8\MKL05Z4.s
      At line 271 in file ..\lab8\Start.s
      At line 276 in file ..\lab8\Start.s

MCG_C4_SCFTRIM_MASK 00000001

Symbol: MCG_C4_SCFTRIM_MASK
   Definitions
      At line 1221 in file ..\lab8\MKL05Z4.s
   Uses
      None
Comment: MCG_C4_SCFTRIM_MASK unused
MCG_C4_SCFTRIM_SHIFT 00000000

Symbol: MCG_C4_SCFTRIM_SHIFT
   Definitions
      At line 1222 in file ..\lab8\MKL05Z4.s
   Uses
      None
Comment: MCG_C4_SCFTRIM_SHIFT unused
MCG_C6 40064005

Symbol: MCG_C6
   Definitions
      At line 1122 in file ..\lab8\MKL05Z4.s
   Uses
      None
Comment: MCG_C6 unused
MCG_C6_CME_MASK 00000020

Symbol: MCG_C6_CME_MASK



ARM Macro Assembler    Page 76 Alphabetic symbol ordering
Absolute symbols

   Definitions
      At line 1228 in file ..\lab8\MKL05Z4.s
   Uses
      None
Comment: MCG_C6_CME_MASK unused
MCG_C6_CME_SHIFT 00000005

Symbol: MCG_C6_CME_SHIFT
   Definitions
      At line 1229 in file ..\lab8\MKL05Z4.s
   Uses
      None
Comment: MCG_C6_CME_SHIFT unused
MCG_C6_OFFSET 00000005

Symbol: MCG_C6_OFFSET
   Definitions
      At line 1113 in file ..\lab8\MKL05Z4.s
   Uses
      At line 1122 in file ..\lab8\MKL05Z4.s
Comment: MCG_C6_OFFSET used once
MCG_IPR E000E418

Symbol: MCG_IPR
   Definitions
      At line 1465 in file ..\lab8\MKL05Z4.s
   Uses
      None
Comment: MCG_IPR unused
MCG_IRQ_MASK 08000000

Symbol: MCG_IRQ_MASK
   Definitions
      At line 1535 in file ..\lab8\MKL05Z4.s
   Uses
      None
Comment: MCG_IRQ_MASK unused
MCG_IRQn 0000001B

Symbol: MCG_IRQn
   Definitions
      At line 184 in file ..\lab8\MKL05Z4.s
   Uses
      At line 1535 in file ..\lab8\MKL05Z4.s
Comment: MCG_IRQn used once
MCG_PRI_POS 0000001E

Symbol: MCG_PRI_POS
   Definitions
      At line 1501 in file ..\lab8\MKL05Z4.s
   Uses
      None
Comment: MCG_PRI_POS unused
MCG_S 40064006

Symbol: MCG_S
   Definitions
      At line 1123 in file ..\lab8\MKL05Z4.s
   Uses



ARM Macro Assembler    Page 77 Alphabetic symbol ordering
Absolute symbols

      None
Comment: MCG_S unused
MCG_SC 40064008

Symbol: MCG_SC
   Definitions
      At line 1124 in file ..\lab8\MKL05Z4.s
   Uses
      None
Comment: MCG_SC unused
MCG_SC_ATME_MASK 00000080

Symbol: MCG_SC_ATME_MASK
   Definitions
      At line 1271 in file ..\lab8\MKL05Z4.s
   Uses
      None
Comment: MCG_SC_ATME_MASK unused
MCG_SC_ATME_SHIFT 00000007

Symbol: MCG_SC_ATME_SHIFT
   Definitions
      At line 1272 in file ..\lab8\MKL05Z4.s
   Uses
      None
Comment: MCG_SC_ATME_SHIFT unused
MCG_SC_ATMF_MASK 00000020

Symbol: MCG_SC_ATMF_MASK
   Definitions
      At line 1275 in file ..\lab8\MKL05Z4.s
   Uses
      None
Comment: MCG_SC_ATMF_MASK unused
MCG_SC_ATMF_SHIFT 00000005

Symbol: MCG_SC_ATMF_SHIFT
   Definitions
      At line 1276 in file ..\lab8\MKL05Z4.s
   Uses
      None
Comment: MCG_SC_ATMF_SHIFT unused
MCG_SC_ATMS_MASK 00000040

Symbol: MCG_SC_ATMS_MASK
   Definitions
      At line 1273 in file ..\lab8\MKL05Z4.s
   Uses
      None
Comment: MCG_SC_ATMS_MASK unused
MCG_SC_ATMS_SHIFT 00000006

Symbol: MCG_SC_ATMS_SHIFT
   Definitions
      At line 1274 in file ..\lab8\MKL05Z4.s
   Uses
      None
Comment: MCG_SC_ATMS_SHIFT unused
MCG_SC_FCRDIV_MASK 0000000E



ARM Macro Assembler    Page 78 Alphabetic symbol ordering
Absolute symbols


Symbol: MCG_SC_FCRDIV_MASK
   Definitions
      At line 1279 in file ..\lab8\MKL05Z4.s
   Uses
      None
Comment: MCG_SC_FCRDIV_MASK unused
MCG_SC_FCRDIV_SHIFT 00000001

Symbol: MCG_SC_FCRDIV_SHIFT
   Definitions
      At line 1280 in file ..\lab8\MKL05Z4.s
   Uses
      None
Comment: MCG_SC_FCRDIV_SHIFT unused
MCG_SC_FLTPRSRV_MASK 00000010

Symbol: MCG_SC_FLTPRSRV_MASK
   Definitions
      At line 1277 in file ..\lab8\MKL05Z4.s
   Uses
      None
Comment: MCG_SC_FLTPRSRV_MASK unused
MCG_SC_FLTPRSRV_SHIFT 00000004

Symbol: MCG_SC_FLTPRSRV_SHIFT
   Definitions
      At line 1278 in file ..\lab8\MKL05Z4.s
   Uses
      None
Comment: MCG_SC_FLTPRSRV_SHIFT unused
MCG_SC_LOCS0_MASK 00000001

Symbol: MCG_SC_LOCS0_MASK
   Definitions
      At line 1281 in file ..\lab8\MKL05Z4.s
   Uses
      None
Comment: MCG_SC_LOCS0_MASK unused
MCG_SC_LOCS0_SHIFT 00000000

Symbol: MCG_SC_LOCS0_SHIFT
   Definitions
      At line 1282 in file ..\lab8\MKL05Z4.s
   Uses
      None
Comment: MCG_SC_LOCS0_SHIFT unused
MCG_SC_OFFSET 00000008

Symbol: MCG_SC_OFFSET
   Definitions
      At line 1115 in file ..\lab8\MKL05Z4.s
   Uses
      At line 1124 in file ..\lab8\MKL05Z4.s
Comment: MCG_SC_OFFSET used once
MCG_S_CLKST_MASK 0000000C

Symbol: MCG_S_CLKST_MASK
   Definitions



ARM Macro Assembler    Page 79 Alphabetic symbol ordering
Absolute symbols

      At line 1247 in file ..\lab8\MKL05Z4.s
   Uses
      At line 278 in file ..\lab8\Start.s
Comment: MCG_S_CLKST_MASK used once
MCG_S_CLKST_SHIFT 00000002

Symbol: MCG_S_CLKST_SHIFT
   Definitions
      At line 1248 in file ..\lab8\MKL05Z4.s
   Uses
      None
Comment: MCG_S_CLKST_SHIFT unused
MCG_S_IRCST_MASK 00000001

Symbol: MCG_S_IRCST_MASK
   Definitions
      At line 1251 in file ..\lab8\MKL05Z4.s
   Uses
      None
Comment: MCG_S_IRCST_MASK unused
MCG_S_IRCST_SHIFT 00000000

Symbol: MCG_S_IRCST_SHIFT
   Definitions
      At line 1252 in file ..\lab8\MKL05Z4.s
   Uses
      None
Comment: MCG_S_IRCST_SHIFT unused
MCG_S_IREFST_MASK 00000010

Symbol: MCG_S_IREFST_MASK
   Definitions
      At line 1245 in file ..\lab8\MKL05Z4.s
   Uses
      At line 261 in file ..\lab8\Start.s
Comment: MCG_S_IREFST_MASK used once
MCG_S_IREFST_SHIFT 00000004

Symbol: MCG_S_IREFST_SHIFT
   Definitions
      At line 1246 in file ..\lab8\MKL05Z4.s
   Uses
      None
Comment: MCG_S_IREFST_SHIFT unused
MCG_S_OFFSET 00000006

Symbol: MCG_S_OFFSET
   Definitions
      At line 1114 in file ..\lab8\MKL05Z4.s
   Uses
      At line 1123 in file ..\lab8\MKL05Z4.s
      At line 253 in file ..\lab8\Start.s
      At line 263 in file ..\lab8\Start.s
      At line 280 in file ..\lab8\Start.s

MCG_S_OSCINIT0_MASK 00000002

Symbol: MCG_S_OSCINIT0_MASK
   Definitions



ARM Macro Assembler    Page 80 Alphabetic symbol ordering
Absolute symbols

      At line 1249 in file ..\lab8\MKL05Z4.s
   Uses
      At line 251 in file ..\lab8\Start.s
Comment: MCG_S_OSCINIT0_MASK used once
MCG_S_OSCINIT0_SHIFT 00000001

Symbol: MCG_S_OSCINIT0_SHIFT
   Definitions
      At line 1250 in file ..\lab8\MKL05Z4.s
   Uses
      None
Comment: MCG_S_OSCINIT0_SHIFT unused
MCG_Vector 0000002B

Symbol: MCG_Vector
   Definitions
      At line 1586 in file ..\lab8\MKL05Z4.s
   Uses
      None
Comment: MCG_Vector unused
MCU_MEM_MAP_VERSION 00000100

Symbol: MCU_MEM_MAP_VERSION
   Definitions
      At line 192 in file ..\lab8\MKL05Z4.s
   Uses
      None
Comment: MCU_MEM_MAP_VERSION unused
MCU_MEM_MAP_VERSION_MINOR 00000006

Symbol: MCU_MEM_MAP_VERSION_MINOR
   Definitions
      At line 194 in file ..\lab8\MKL05Z4.s
   Uses
      None
Comment: MCU_MEM_MAP_VERSION_MINOR unused
NIBBLE_BITS 00000004

Symbol: NIBBLE_BITS
   Definitions
      At line 37 in file ..\lab8\MKL05Z4.s
   Uses
      None
Comment: NIBBLE_BITS unused
NIBBLE_MASK 0000000F

Symbol: NIBBLE_MASK
   Definitions
      At line 34 in file ..\lab8\MKL05Z4.s
   Uses
      None
Comment: NIBBLE_MASK unused
NMI_Vector 00000002

Symbol: NMI_Vector
   Definitions
      At line 1544 in file ..\lab8\MKL05Z4.s
   Uses
      None



ARM Macro Assembler    Page 81 Alphabetic symbol ordering
Absolute symbols

Comment: NMI_Vector unused
NVIC_BASE E000E100

Symbol: NVIC_BASE
   Definitions
      At line 1411 in file ..\lab8\MKL05Z4.s
   Uses
      At line 1424 in file ..\lab8\MKL05Z4.s
      At line 1425 in file ..\lab8\MKL05Z4.s
      At line 1426 in file ..\lab8\MKL05Z4.s
      At line 1427 in file ..\lab8\MKL05Z4.s
      At line 1428 in file ..\lab8\MKL05Z4.s
      At line 1429 in file ..\lab8\MKL05Z4.s
      At line 1430 in file ..\lab8\MKL05Z4.s
      At line 1431 in file ..\lab8\MKL05Z4.s
      At line 1432 in file ..\lab8\MKL05Z4.s
      At line 1433 in file ..\lab8\MKL05Z4.s
      At line 1434 in file ..\lab8\MKL05Z4.s
      At line 1435 in file ..\lab8\MKL05Z4.s

NVIC_ICER E000E180

Symbol: NVIC_ICER
   Definitions
      At line 1425 in file ..\lab8\MKL05Z4.s
   Uses
      None
Comment: NVIC_ICER unused
NVIC_ICER_OFFSET 00000080

Symbol: NVIC_ICER_OFFSET
   Definitions
      At line 1413 in file ..\lab8\MKL05Z4.s
   Uses
      At line 1425 in file ..\lab8\MKL05Z4.s
Comment: NVIC_ICER_OFFSET used once
NVIC_ICPR E000E280

Symbol: NVIC_ICPR
   Definitions
      At line 1427 in file ..\lab8\MKL05Z4.s
   Uses
      None
Comment: NVIC_ICPR unused
NVIC_ICPR_OFFSET 00000180

Symbol: NVIC_ICPR_OFFSET
   Definitions
      At line 1415 in file ..\lab8\MKL05Z4.s
   Uses
      At line 1427 in file ..\lab8\MKL05Z4.s
Comment: NVIC_ICPR_OFFSET used once
NVIC_IPR0 E000E400

Symbol: NVIC_IPR0
   Definitions
      At line 1428 in file ..\lab8\MKL05Z4.s
   Uses
      At line 1438 in file ..\lab8\MKL05Z4.s



ARM Macro Assembler    Page 82 Alphabetic symbol ordering
Absolute symbols

      At line 1439 in file ..\lab8\MKL05Z4.s
      At line 1440 in file ..\lab8\MKL05Z4.s
      At line 1441 in file ..\lab8\MKL05Z4.s

NVIC_IPR0_OFFSET 00000300

Symbol: NVIC_IPR0_OFFSET
   Definitions
      At line 1416 in file ..\lab8\MKL05Z4.s
   Uses
      At line 1428 in file ..\lab8\MKL05Z4.s
Comment: NVIC_IPR0_OFFSET used once
NVIC_IPR1 E000E404

Symbol: NVIC_IPR1
   Definitions
      At line 1429 in file ..\lab8\MKL05Z4.s
   Uses
      At line 1442 in file ..\lab8\MKL05Z4.s
      At line 1443 in file ..\lab8\MKL05Z4.s
      At line 1444 in file ..\lab8\MKL05Z4.s
      At line 1445 in file ..\lab8\MKL05Z4.s

NVIC_IPR1_OFFSET 00000304

Symbol: NVIC_IPR1_OFFSET
   Definitions
      At line 1417 in file ..\lab8\MKL05Z4.s
   Uses
      At line 1429 in file ..\lab8\MKL05Z4.s
Comment: NVIC_IPR1_OFFSET used once
NVIC_IPR2 E000E408

Symbol: NVIC_IPR2
   Definitions
      At line 1430 in file ..\lab8\MKL05Z4.s
   Uses
      At line 1446 in file ..\lab8\MKL05Z4.s
      At line 1447 in file ..\lab8\MKL05Z4.s
      At line 1448 in file ..\lab8\MKL05Z4.s
      At line 1449 in file ..\lab8\MKL05Z4.s

NVIC_IPR2_OFFSET 00000308

Symbol: NVIC_IPR2_OFFSET
   Definitions
      At line 1418 in file ..\lab8\MKL05Z4.s
   Uses
      At line 1430 in file ..\lab8\MKL05Z4.s
Comment: NVIC_IPR2_OFFSET used once
NVIC_IPR3 E000E40C

Symbol: NVIC_IPR3
   Definitions
      At line 1431 in file ..\lab8\MKL05Z4.s
   Uses
      At line 1450 in file ..\lab8\MKL05Z4.s
      At line 1451 in file ..\lab8\MKL05Z4.s
      At line 1452 in file ..\lab8\MKL05Z4.s



ARM Macro Assembler    Page 83 Alphabetic symbol ordering
Absolute symbols

      At line 1453 in file ..\lab8\MKL05Z4.s

NVIC_IPR3_OFFSET 0000030C

Symbol: NVIC_IPR3_OFFSET
   Definitions
      At line 1419 in file ..\lab8\MKL05Z4.s
   Uses
      At line 1431 in file ..\lab8\MKL05Z4.s
Comment: NVIC_IPR3_OFFSET used once
NVIC_IPR4 E000E410

Symbol: NVIC_IPR4
   Definitions
      At line 1432 in file ..\lab8\MKL05Z4.s
   Uses
      At line 1454 in file ..\lab8\MKL05Z4.s
      At line 1455 in file ..\lab8\MKL05Z4.s
      At line 1456 in file ..\lab8\MKL05Z4.s
      At line 1457 in file ..\lab8\MKL05Z4.s

NVIC_IPR4_OFFSET 00000310

Symbol: NVIC_IPR4_OFFSET
   Definitions
      At line 1420 in file ..\lab8\MKL05Z4.s
   Uses
      At line 1432 in file ..\lab8\MKL05Z4.s
Comment: NVIC_IPR4_OFFSET used once
NVIC_IPR5 E000E414

Symbol: NVIC_IPR5
   Definitions
      At line 1433 in file ..\lab8\MKL05Z4.s
   Uses
      At line 1458 in file ..\lab8\MKL05Z4.s
      At line 1459 in file ..\lab8\MKL05Z4.s
      At line 1460 in file ..\lab8\MKL05Z4.s
      At line 1461 in file ..\lab8\MKL05Z4.s

NVIC_IPR5_OFFSET 00000314

Symbol: NVIC_IPR5_OFFSET
   Definitions
      At line 1421 in file ..\lab8\MKL05Z4.s
   Uses
      At line 1433 in file ..\lab8\MKL05Z4.s
Comment: NVIC_IPR5_OFFSET used once
NVIC_IPR6 E000E418

Symbol: NVIC_IPR6
   Definitions
      At line 1434 in file ..\lab8\MKL05Z4.s
   Uses
      At line 1462 in file ..\lab8\MKL05Z4.s
      At line 1463 in file ..\lab8\MKL05Z4.s
      At line 1464 in file ..\lab8\MKL05Z4.s
      At line 1465 in file ..\lab8\MKL05Z4.s




ARM Macro Assembler    Page 84 Alphabetic symbol ordering
Absolute symbols

NVIC_IPR6_OFFSET 00000318

Symbol: NVIC_IPR6_OFFSET
   Definitions
      At line 1422 in file ..\lab8\MKL05Z4.s
   Uses
      At line 1434 in file ..\lab8\MKL05Z4.s
Comment: NVIC_IPR6_OFFSET used once
NVIC_IPR7 E000E41C

Symbol: NVIC_IPR7
   Definitions
      At line 1435 in file ..\lab8\MKL05Z4.s
   Uses
      At line 1466 in file ..\lab8\MKL05Z4.s
      At line 1467 in file ..\lab8\MKL05Z4.s
      At line 1468 in file ..\lab8\MKL05Z4.s
      At line 1469 in file ..\lab8\MKL05Z4.s

NVIC_IPR7_OFFSET 0000031C

Symbol: NVIC_IPR7_OFFSET
   Definitions
      At line 1423 in file ..\lab8\MKL05Z4.s
   Uses
      At line 1435 in file ..\lab8\MKL05Z4.s
Comment: NVIC_IPR7_OFFSET used once
NVIC_ISER E000E100

Symbol: NVIC_ISER
   Definitions
      At line 1424 in file ..\lab8\MKL05Z4.s
   Uses
      None
Comment: NVIC_ISER unused
NVIC_ISER_OFFSET 00000000

Symbol: NVIC_ISER_OFFSET
   Definitions
      At line 1412 in file ..\lab8\MKL05Z4.s
   Uses
      At line 1424 in file ..\lab8\MKL05Z4.s
Comment: NVIC_ISER_OFFSET used once
NVIC_ISPR E000E200

Symbol: NVIC_ISPR
   Definitions
      At line 1426 in file ..\lab8\MKL05Z4.s
   Uses
      None
Comment: NVIC_ISPR unused
NVIC_ISPR_OFFSET 00000100

Symbol: NVIC_ISPR_OFFSET
   Definitions
      At line 1414 in file ..\lab8\MKL05Z4.s
   Uses
      At line 1426 in file ..\lab8\MKL05Z4.s
Comment: NVIC_ISPR_OFFSET used once



ARM Macro Assembler    Page 85 Alphabetic symbol ordering
Absolute symbols

NV_BACKKEY0 00000403

Symbol: NV_BACKKEY0
   Definitions
      At line 1315 in file ..\lab8\MKL05Z4.s
   Uses
      None
Comment: NV_BACKKEY0 unused
NV_BACKKEY0_KEY_MASK 000000FF

Symbol: NV_BACKKEY0_KEY_MASK
   Definitions
      At line 1340 in file ..\lab8\MKL05Z4.s
   Uses
      None
Comment: NV_BACKKEY0_KEY_MASK unused
NV_BACKKEY0_KEY_SHIFT 00000000

Symbol: NV_BACKKEY0_KEY_SHIFT
   Definitions
      At line 1341 in file ..\lab8\MKL05Z4.s
   Uses
      None
Comment: NV_BACKKEY0_KEY_SHIFT unused
NV_BACKKEY0_OFFSET 00000003

Symbol: NV_BACKKEY0_OFFSET
   Definitions
      At line 1301 in file ..\lab8\MKL05Z4.s
   Uses
      At line 1315 in file ..\lab8\MKL05Z4.s
Comment: NV_BACKKEY0_OFFSET used once
NV_BACKKEY1 00000402

Symbol: NV_BACKKEY1
   Definitions
      At line 1314 in file ..\lab8\MKL05Z4.s
   Uses
      None
Comment: NV_BACKKEY1 unused
NV_BACKKEY1_KEY_MASK 000000FF

Symbol: NV_BACKKEY1_KEY_MASK
   Definitions
      At line 1336 in file ..\lab8\MKL05Z4.s
   Uses
      None
Comment: NV_BACKKEY1_KEY_MASK unused
NV_BACKKEY1_KEY_SHIFT 00000000

Symbol: NV_BACKKEY1_KEY_SHIFT
   Definitions
      At line 1337 in file ..\lab8\MKL05Z4.s
   Uses
      None
Comment: NV_BACKKEY1_KEY_SHIFT unused
NV_BACKKEY1_OFFSET 00000002

Symbol: NV_BACKKEY1_OFFSET



ARM Macro Assembler    Page 86 Alphabetic symbol ordering
Absolute symbols

   Definitions
      At line 1300 in file ..\lab8\MKL05Z4.s
   Uses
      At line 1314 in file ..\lab8\MKL05Z4.s
Comment: NV_BACKKEY1_OFFSET used once
NV_BACKKEY2 00000401

Symbol: NV_BACKKEY2
   Definitions
      At line 1313 in file ..\lab8\MKL05Z4.s
   Uses
      None
Comment: NV_BACKKEY2 unused
NV_BACKKEY2_KEY_MASK 000000FF

Symbol: NV_BACKKEY2_KEY_MASK
   Definitions
      At line 1332 in file ..\lab8\MKL05Z4.s
   Uses
      None
Comment: NV_BACKKEY2_KEY_MASK unused
NV_BACKKEY2_KEY_SHIFT 00000000

Symbol: NV_BACKKEY2_KEY_SHIFT
   Definitions
      At line 1333 in file ..\lab8\MKL05Z4.s
   Uses
      None
Comment: NV_BACKKEY2_KEY_SHIFT unused
NV_BACKKEY2_OFFSET 00000001

Symbol: NV_BACKKEY2_OFFSET
   Definitions
      At line 1299 in file ..\lab8\MKL05Z4.s
   Uses
      At line 1313 in file ..\lab8\MKL05Z4.s
Comment: NV_BACKKEY2_OFFSET used once
NV_BACKKEY3 00000400

Symbol: NV_BACKKEY3
   Definitions
      At line 1312 in file ..\lab8\MKL05Z4.s
   Uses
      None
Comment: NV_BACKKEY3 unused
NV_BACKKEY3_KEY_MASK 000000FF

Symbol: NV_BACKKEY3_KEY_MASK
   Definitions
      At line 1328 in file ..\lab8\MKL05Z4.s
   Uses
      None
Comment: NV_BACKKEY3_KEY_MASK unused
NV_BACKKEY3_KEY_SHIFT 00000000

Symbol: NV_BACKKEY3_KEY_SHIFT
   Definitions
      At line 1329 in file ..\lab8\MKL05Z4.s
   Uses



ARM Macro Assembler    Page 87 Alphabetic symbol ordering
Absolute symbols

      None
Comment: NV_BACKKEY3_KEY_SHIFT unused
NV_BACKKEY3_OFFSET 00000000

Symbol: NV_BACKKEY3_OFFSET
   Definitions
      At line 1298 in file ..\lab8\MKL05Z4.s
   Uses
      At line 1312 in file ..\lab8\MKL05Z4.s
Comment: NV_BACKKEY3_OFFSET used once
NV_BACKKEY4 00000407

Symbol: NV_BACKKEY4
   Definitions
      At line 1319 in file ..\lab8\MKL05Z4.s
   Uses
      None
Comment: NV_BACKKEY4 unused
NV_BACKKEY4_KEY_MASK 000000FF

Symbol: NV_BACKKEY4_KEY_MASK
   Definitions
      At line 1356 in file ..\lab8\MKL05Z4.s
   Uses
      None
Comment: NV_BACKKEY4_KEY_MASK unused
NV_BACKKEY4_KEY_SHIFT 00000000

Symbol: NV_BACKKEY4_KEY_SHIFT
   Definitions
      At line 1357 in file ..\lab8\MKL05Z4.s
   Uses
      None
Comment: NV_BACKKEY4_KEY_SHIFT unused
NV_BACKKEY4_OFFSET 00000007

Symbol: NV_BACKKEY4_OFFSET
   Definitions
      At line 1305 in file ..\lab8\MKL05Z4.s
   Uses
      At line 1319 in file ..\lab8\MKL05Z4.s
Comment: NV_BACKKEY4_OFFSET used once
NV_BACKKEY5 00000406

Symbol: NV_BACKKEY5
   Definitions
      At line 1318 in file ..\lab8\MKL05Z4.s
   Uses
      None
Comment: NV_BACKKEY5 unused
NV_BACKKEY5_KEY_MASK 000000FF

Symbol: NV_BACKKEY5_KEY_MASK
   Definitions
      At line 1352 in file ..\lab8\MKL05Z4.s
   Uses
      None
Comment: NV_BACKKEY5_KEY_MASK unused
NV_BACKKEY5_KEY_SHIFT 00000000



ARM Macro Assembler    Page 88 Alphabetic symbol ordering
Absolute symbols


Symbol: NV_BACKKEY5_KEY_SHIFT
   Definitions
      At line 1353 in file ..\lab8\MKL05Z4.s
   Uses
      None
Comment: NV_BACKKEY5_KEY_SHIFT unused
NV_BACKKEY5_OFFSET 00000006

Symbol: NV_BACKKEY5_OFFSET
   Definitions
      At line 1304 in file ..\lab8\MKL05Z4.s
   Uses
      At line 1318 in file ..\lab8\MKL05Z4.s
Comment: NV_BACKKEY5_OFFSET used once
NV_BACKKEY6 00000405

Symbol: NV_BACKKEY6
   Definitions
      At line 1317 in file ..\lab8\MKL05Z4.s
   Uses
      None
Comment: NV_BACKKEY6 unused
NV_BACKKEY6_KEY_MASK 000000FF

Symbol: NV_BACKKEY6_KEY_MASK
   Definitions
      At line 1348 in file ..\lab8\MKL05Z4.s
   Uses
      None
Comment: NV_BACKKEY6_KEY_MASK unused
NV_BACKKEY6_KEY_SHIFT 00000000

Symbol: NV_BACKKEY6_KEY_SHIFT
   Definitions
      At line 1349 in file ..\lab8\MKL05Z4.s
   Uses
      None
Comment: NV_BACKKEY6_KEY_SHIFT unused
NV_BACKKEY6_OFFSET 00000005

Symbol: NV_BACKKEY6_OFFSET
   Definitions
      At line 1303 in file ..\lab8\MKL05Z4.s
   Uses
      At line 1317 in file ..\lab8\MKL05Z4.s
Comment: NV_BACKKEY6_OFFSET used once
NV_BACKKEY7 00000404

Symbol: NV_BACKKEY7
   Definitions
      At line 1316 in file ..\lab8\MKL05Z4.s
   Uses
      None
Comment: NV_BACKKEY7 unused
NV_BACKKEY7_KEY_MASK 000000FF

Symbol: NV_BACKKEY7_KEY_MASK
   Definitions



ARM Macro Assembler    Page 89 Alphabetic symbol ordering
Absolute symbols

      At line 1344 in file ..\lab8\MKL05Z4.s
   Uses
      None
Comment: NV_BACKKEY7_KEY_MASK unused
NV_BACKKEY7_KEY_SHIFT 00000000

Symbol: NV_BACKKEY7_KEY_SHIFT
   Definitions
      At line 1345 in file ..\lab8\MKL05Z4.s
   Uses
      None
Comment: NV_BACKKEY7_KEY_SHIFT unused
NV_BACKKEY7_OFFSET 00000004

Symbol: NV_BACKKEY7_OFFSET
   Definitions
      At line 1302 in file ..\lab8\MKL05Z4.s
   Uses
      At line 1316 in file ..\lab8\MKL05Z4.s
Comment: NV_BACKKEY7_OFFSET used once
NV_BASE 00000400

Symbol: NV_BASE
   Definitions
      At line 1297 in file ..\lab8\MKL05Z4.s
   Uses
      At line 1312 in file ..\lab8\MKL05Z4.s
      At line 1313 in file ..\lab8\MKL05Z4.s
      At line 1314 in file ..\lab8\MKL05Z4.s
      At line 1315 in file ..\lab8\MKL05Z4.s
      At line 1316 in file ..\lab8\MKL05Z4.s
      At line 1317 in file ..\lab8\MKL05Z4.s
      At line 1318 in file ..\lab8\MKL05Z4.s
      At line 1319 in file ..\lab8\MKL05Z4.s
      At line 1320 in file ..\lab8\MKL05Z4.s
      At line 1321 in file ..\lab8\MKL05Z4.s
      At line 1322 in file ..\lab8\MKL05Z4.s
      At line 1323 in file ..\lab8\MKL05Z4.s
      At line 1324 in file ..\lab8\MKL05Z4.s
      At line 1325 in file ..\lab8\MKL05Z4.s

NV_FOPT 0000040D

Symbol: NV_FOPT
   Definitions
      At line 1325 in file ..\lab8\MKL05Z4.s
   Uses
      None
Comment: NV_FOPT unused
NV_FOPT_FAST_INIT_MASK 00000020

Symbol: NV_FOPT_FAST_INIT_MASK
   Definitions
      At line 1406 in file ..\lab8\MKL05Z4.s
   Uses
      None
Comment: NV_FOPT_FAST_INIT_MASK unused
NV_FOPT_FAST_INIT_SHIFT 00000005




ARM Macro Assembler    Page 90 Alphabetic symbol ordering
Absolute symbols

Symbol: NV_FOPT_FAST_INIT_SHIFT
   Definitions
      At line 1407 in file ..\lab8\MKL05Z4.s
   Uses
      None
Comment: NV_FOPT_FAST_INIT_SHIFT unused
NV_FOPT_LPBOOT0_MASK 00000001

Symbol: NV_FOPT_LPBOOT0_MASK
   Definitions
      At line 1398 in file ..\lab8\MKL05Z4.s
   Uses
      None
Comment: NV_FOPT_LPBOOT0_MASK unused
NV_FOPT_LPBOOT0_SHIFT 00000000

Symbol: NV_FOPT_LPBOOT0_SHIFT
   Definitions
      At line 1399 in file ..\lab8\MKL05Z4.s
   Uses
      None
Comment: NV_FOPT_LPBOOT0_SHIFT unused
NV_FOPT_LPBOOT1_MASK 00000010

Symbol: NV_FOPT_LPBOOT1_MASK
   Definitions
      At line 1404 in file ..\lab8\MKL05Z4.s
   Uses
      None
Comment: NV_FOPT_LPBOOT1_MASK unused
NV_FOPT_LPBOOT1_SHIFT 00000004

Symbol: NV_FOPT_LPBOOT1_SHIFT
   Definitions
      At line 1405 in file ..\lab8\MKL05Z4.s
   Uses
      None
Comment: NV_FOPT_LPBOOT1_SHIFT unused
NV_FOPT_NMI_DIS_MASK 00000004

Symbol: NV_FOPT_NMI_DIS_MASK
   Definitions
      At line 1400 in file ..\lab8\MKL05Z4.s
   Uses
      None
Comment: NV_FOPT_NMI_DIS_MASK unused
NV_FOPT_NMI_DIS_SHIFT 00000002

Symbol: NV_FOPT_NMI_DIS_SHIFT
   Definitions
      At line 1401 in file ..\lab8\MKL05Z4.s
   Uses
      None
Comment: NV_FOPT_NMI_DIS_SHIFT unused
NV_FOPT_OFFSET 0000000D

Symbol: NV_FOPT_OFFSET
   Definitions
      At line 1311 in file ..\lab8\MKL05Z4.s



ARM Macro Assembler    Page 91 Alphabetic symbol ordering
Absolute symbols

   Uses
      At line 1325 in file ..\lab8\MKL05Z4.s
Comment: NV_FOPT_OFFSET used once
NV_FOPT_RESET_PIN_CFG_MASK 00000008

Symbol: NV_FOPT_RESET_PIN_CFG_MASK
   Definitions
      At line 1402 in file ..\lab8\MKL05Z4.s
   Uses
      None
Comment: NV_FOPT_RESET_PIN_CFG_MASK unused
NV_FOPT_RESET_PIN_CFG_SHIFT 00000003

Symbol: NV_FOPT_RESET_PIN_CFG_SHIFT
   Definitions
      At line 1403 in file ..\lab8\MKL05Z4.s
   Uses
      None
Comment: NV_FOPT_RESET_PIN_CFG_SHIFT unused
NV_FPROT0 0000040B

Symbol: NV_FPROT0
   Definitions
      At line 1323 in file ..\lab8\MKL05Z4.s
   Uses
      None
Comment: NV_FPROT0 unused
NV_FPROT0_OFFSET 0000000B

Symbol: NV_FPROT0_OFFSET
   Definitions
      At line 1309 in file ..\lab8\MKL05Z4.s
   Uses
      At line 1323 in file ..\lab8\MKL05Z4.s
Comment: NV_FPROT0_OFFSET used once
NV_FPROT0_PROT_MASK 000000FF

Symbol: NV_FPROT0_PROT_MASK
   Definitions
      At line 1372 in file ..\lab8\MKL05Z4.s
   Uses
      None
Comment: NV_FPROT0_PROT_MASK unused
NV_FPROT0_PROT_SHIFT 00000000

Symbol: NV_FPROT0_PROT_SHIFT
   Definitions
      At line 1373 in file ..\lab8\MKL05Z4.s
   Uses
      None
Comment: NV_FPROT0_PROT_SHIFT unused
NV_FPROT1 0000040A

Symbol: NV_FPROT1
   Definitions
      At line 1322 in file ..\lab8\MKL05Z4.s
   Uses
      None
Comment: NV_FPROT1 unused



ARM Macro Assembler    Page 92 Alphabetic symbol ordering
Absolute symbols

NV_FPROT1_OFFSET 0000000A

Symbol: NV_FPROT1_OFFSET
   Definitions
      At line 1308 in file ..\lab8\MKL05Z4.s
   Uses
      At line 1322 in file ..\lab8\MKL05Z4.s
Comment: NV_FPROT1_OFFSET used once
NV_FPROT1_PROT_MASK 000000FF

Symbol: NV_FPROT1_PROT_MASK
   Definitions
      At line 1368 in file ..\lab8\MKL05Z4.s
   Uses
      None
Comment: NV_FPROT1_PROT_MASK unused
NV_FPROT1_PROT_SHIFT 00000000

Symbol: NV_FPROT1_PROT_SHIFT
   Definitions
      At line 1369 in file ..\lab8\MKL05Z4.s
   Uses
      None
Comment: NV_FPROT1_PROT_SHIFT unused
NV_FPROT2 00000409

Symbol: NV_FPROT2
   Definitions
      At line 1321 in file ..\lab8\MKL05Z4.s
   Uses
      None
Comment: NV_FPROT2 unused
NV_FPROT2_OFFSET 00000009

Symbol: NV_FPROT2_OFFSET
   Definitions
      At line 1307 in file ..\lab8\MKL05Z4.s
   Uses
      At line 1321 in file ..\lab8\MKL05Z4.s
Comment: NV_FPROT2_OFFSET used once
NV_FPROT2_PROT_MASK 000000FF

Symbol: NV_FPROT2_PROT_MASK
   Definitions
      At line 1364 in file ..\lab8\MKL05Z4.s
   Uses
      None
Comment: NV_FPROT2_PROT_MASK unused
NV_FPROT2_PROT_SHIFT 00000000

Symbol: NV_FPROT2_PROT_SHIFT
   Definitions
      At line 1365 in file ..\lab8\MKL05Z4.s
   Uses
      None
Comment: NV_FPROT2_PROT_SHIFT unused
NV_FPROT3 00000408

Symbol: NV_FPROT3



ARM Macro Assembler    Page 93 Alphabetic symbol ordering
Absolute symbols

   Definitions
      At line 1320 in file ..\lab8\MKL05Z4.s
   Uses
      None
Comment: NV_FPROT3 unused
NV_FPROT3_OFFSET 00000008

Symbol: NV_FPROT3_OFFSET
   Definitions
      At line 1306 in file ..\lab8\MKL05Z4.s
   Uses
      At line 1320 in file ..\lab8\MKL05Z4.s
Comment: NV_FPROT3_OFFSET used once
NV_FPROT3_PROT_MASK 000000FF

Symbol: NV_FPROT3_PROT_MASK
   Definitions
      At line 1360 in file ..\lab8\MKL05Z4.s
   Uses
      None
Comment: NV_FPROT3_PROT_MASK unused
NV_FPROT3_PROT_SHIFT 00000000

Symbol: NV_FPROT3_PROT_SHIFT
   Definitions
      At line 1361 in file ..\lab8\MKL05Z4.s
   Uses
      None
Comment: NV_FPROT3_PROT_SHIFT unused
NV_FSEC 0000040C

Symbol: NV_FSEC
   Definitions
      At line 1324 in file ..\lab8\MKL05Z4.s
   Uses
      None
Comment: NV_FSEC unused
NV_FSEC_FSLACC_MASK 0000000C

Symbol: NV_FSEC_FSLACC_MASK
   Definitions
      At line 1390 in file ..\lab8\MKL05Z4.s
   Uses
      None
Comment: NV_FSEC_FSLACC_MASK unused
NV_FSEC_FSLACC_SHIFT 00000002

Symbol: NV_FSEC_FSLACC_SHIFT
   Definitions
      At line 1391 in file ..\lab8\MKL05Z4.s
   Uses
      None
Comment: NV_FSEC_FSLACC_SHIFT unused
NV_FSEC_KEYEN_MASK 000000C0

Symbol: NV_FSEC_KEYEN_MASK
   Definitions
      At line 1394 in file ..\lab8\MKL05Z4.s
   Uses



ARM Macro Assembler    Page 94 Alphabetic symbol ordering
Absolute symbols

      None
Comment: NV_FSEC_KEYEN_MASK unused
NV_FSEC_KEYEN_SHIFT 00000006

Symbol: NV_FSEC_KEYEN_SHIFT
   Definitions
      At line 1395 in file ..\lab8\MKL05Z4.s
   Uses
      None
Comment: NV_FSEC_KEYEN_SHIFT unused
NV_FSEC_MEEN_MASK 00000030

Symbol: NV_FSEC_MEEN_MASK
   Definitions
      At line 1392 in file ..\lab8\MKL05Z4.s
   Uses
      None
Comment: NV_FSEC_MEEN_MASK unused
NV_FSEC_MEEN_SHIFT 00000004

Symbol: NV_FSEC_MEEN_SHIFT
   Definitions
      At line 1393 in file ..\lab8\MKL05Z4.s
   Uses
      None
Comment: NV_FSEC_MEEN_SHIFT unused
NV_FSEC_OFFSET 0000000C

Symbol: NV_FSEC_OFFSET
   Definitions
      At line 1310 in file ..\lab8\MKL05Z4.s
   Uses
      At line 1324 in file ..\lab8\MKL05Z4.s
Comment: NV_FSEC_OFFSET used once
NV_FSEC_SEC_MASK 00000003

Symbol: NV_FSEC_SEC_MASK
   Definitions
      At line 1388 in file ..\lab8\MKL05Z4.s
   Uses
      None
Comment: NV_FSEC_SEC_MASK unused
NV_FSEC_SEC_SHIFT 00000000

Symbol: NV_FSEC_SEC_SHIFT
   Definitions
      At line 1389 in file ..\lab8\MKL05Z4.s
   Uses
      None
Comment: NV_FSEC_SEC_SHIFT unused
NonMaskableInt_IRQn FFFFFFF2

Symbol: NonMaskableInt_IRQn
   Definitions
      At line 149 in file ..\lab8\MKL05Z4.s
   Uses
      None
Comment: NonMaskableInt_IRQn unused
OSC0_BASE 40065000



ARM Macro Assembler    Page 95 Alphabetic symbol ordering
Absolute symbols


Symbol: OSC0_BASE
   Definitions
      At line 1593 in file ..\lab8\MKL05Z4.s
   Uses
      At line 1595 in file ..\lab8\MKL05Z4.s
Comment: OSC0_BASE used once
OSC0_CR 40065000

Symbol: OSC0_CR
   Definitions
      At line 1595 in file ..\lab8\MKL05Z4.s
   Uses
      At line 232 in file ..\lab8\Start.s
Comment: OSC0_CR used once
OSC0_CR_ERCLK_STOP_NOLOAD 00000080

Symbol: OSC0_CR_ERCLK_STOP_NOLOAD
   Definitions
      At line 82 in file ..\lab8\Start.s
   Uses
      At line 233 in file ..\lab8\Start.s
Comment: OSC0_CR_ERCLK_STOP_NOLOAD used once
OSC0_CR_OFFSET 00000000

Symbol: OSC0_CR_OFFSET
   Definitions
      At line 1594 in file ..\lab8\MKL05Z4.s
   Uses
      At line 1595 in file ..\lab8\MKL05Z4.s
Comment: OSC0_CR_OFFSET used once
OSC_CR_ERCLKEN_MASK 00000080

Symbol: OSC_CR_ERCLKEN_MASK
   Definitions
      At line 1616 in file ..\lab8\MKL05Z4.s
   Uses
      At line 82 in file ..\lab8\Start.s
Comment: OSC_CR_ERCLKEN_MASK used once
OSC_CR_ERCLKEN_SHIFT 00000007

Symbol: OSC_CR_ERCLKEN_SHIFT
   Definitions
      At line 1617 in file ..\lab8\MKL05Z4.s
   Uses
      None
Comment: OSC_CR_ERCLKEN_SHIFT unused
OSC_CR_EREFSTEN_MASK 00000020

Symbol: OSC_CR_EREFSTEN_MASK
   Definitions
      At line 1614 in file ..\lab8\MKL05Z4.s
   Uses
      None
Comment: OSC_CR_EREFSTEN_MASK unused
OSC_CR_EREFSTEN_SHIFT 00000005

Symbol: OSC_CR_EREFSTEN_SHIFT
   Definitions



ARM Macro Assembler    Page 96 Alphabetic symbol ordering
Absolute symbols

      At line 1615 in file ..\lab8\MKL05Z4.s
   Uses
      None
Comment: OSC_CR_EREFSTEN_SHIFT unused
OSC_CR_SC16P_MASK 00000001

Symbol: OSC_CR_SC16P_MASK
   Definitions
      At line 1606 in file ..\lab8\MKL05Z4.s
   Uses
      None
Comment: OSC_CR_SC16P_MASK unused
OSC_CR_SC16P_SHIFT 00000000

Symbol: OSC_CR_SC16P_SHIFT
   Definitions
      At line 1607 in file ..\lab8\MKL05Z4.s
   Uses
      None
Comment: OSC_CR_SC16P_SHIFT unused
OSC_CR_SC2P_MASK 00000008

Symbol: OSC_CR_SC2P_MASK
   Definitions
      At line 1612 in file ..\lab8\MKL05Z4.s
   Uses
      None
Comment: OSC_CR_SC2P_MASK unused
OSC_CR_SC2P_SHIFT 00000003

Symbol: OSC_CR_SC2P_SHIFT
   Definitions
      At line 1613 in file ..\lab8\MKL05Z4.s
   Uses
      None
Comment: OSC_CR_SC2P_SHIFT unused
OSC_CR_SC4P_MASK 00000004

Symbol: OSC_CR_SC4P_MASK
   Definitions
      At line 1610 in file ..\lab8\MKL05Z4.s
   Uses
      None
Comment: OSC_CR_SC4P_MASK unused
OSC_CR_SC4P_SHIFT 00000002

Symbol: OSC_CR_SC4P_SHIFT
   Definitions
      At line 1611 in file ..\lab8\MKL05Z4.s
   Uses
      None
Comment: OSC_CR_SC4P_SHIFT unused
OSC_CR_SC8P_MASK 00000002

Symbol: OSC_CR_SC8P_MASK
   Definitions
      At line 1608 in file ..\lab8\MKL05Z4.s
   Uses
      None



ARM Macro Assembler    Page 97 Alphabetic symbol ordering
Absolute symbols

Comment: OSC_CR_SC8P_MASK unused
OSC_CR_SC8P_SHIFT 00000001

Symbol: OSC_CR_SC8P_SHIFT
   Definitions
      At line 1609 in file ..\lab8\MKL05Z4.s
   Uses
      None
Comment: OSC_CR_SC8P_SHIFT unused
PIT_BASE 40037000

Symbol: PIT_BASE
   Definitions
      At line 1620 in file ..\lab8\MKL05Z4.s
   Uses
      At line 1638 in file ..\lab8\MKL05Z4.s
      At line 1639 in file ..\lab8\MKL05Z4.s
      At line 1640 in file ..\lab8\MKL05Z4.s
      At line 1641 in file ..\lab8\MKL05Z4.s
      At line 1642 in file ..\lab8\MKL05Z4.s
      At line 1643 in file ..\lab8\MKL05Z4.s
      At line 1644 in file ..\lab8\MKL05Z4.s
      At line 1645 in file ..\lab8\MKL05Z4.s
      At line 1646 in file ..\lab8\MKL05Z4.s
      At line 1647 in file ..\lab8\MKL05Z4.s
      At line 1648 in file ..\lab8\MKL05Z4.s

PIT_CH0_BASE 40037100

Symbol: PIT_CH0_BASE
   Definitions
      At line 1621 in file ..\lab8\MKL05Z4.s
   Uses
      None
Comment: PIT_CH0_BASE unused
PIT_CH1_BASE 40037110

Symbol: PIT_CH1_BASE
   Definitions
      At line 1622 in file ..\lab8\MKL05Z4.s
   Uses
      None
Comment: PIT_CH1_BASE unused
PIT_CVAL0 40037104

Symbol: PIT_CVAL0
   Definitions
      At line 1642 in file ..\lab8\MKL05Z4.s
   Uses
      None
Comment: PIT_CVAL0 unused
PIT_CVAL0_OFFSET 00000104

Symbol: PIT_CVAL0_OFFSET
   Definitions
      At line 1631 in file ..\lab8\MKL05Z4.s
   Uses
      At line 1642 in file ..\lab8\MKL05Z4.s
Comment: PIT_CVAL0_OFFSET used once



ARM Macro Assembler    Page 98 Alphabetic symbol ordering
Absolute symbols

PIT_CVAL1 40037114

Symbol: PIT_CVAL1
   Definitions
      At line 1646 in file ..\lab8\MKL05Z4.s
   Uses
      None
Comment: PIT_CVAL1 unused
PIT_CVAL1_OFFSET 00000114

Symbol: PIT_CVAL1_OFFSET
   Definitions
      At line 1635 in file ..\lab8\MKL05Z4.s
   Uses
      At line 1646 in file ..\lab8\MKL05Z4.s
Comment: PIT_CVAL1_OFFSET used once
PIT_CVAL_OFFSET 00000004

Symbol: PIT_CVAL_OFFSET
   Definitions
      At line 1624 in file ..\lab8\MKL05Z4.s
   Uses
      None
Comment: PIT_CVAL_OFFSET unused
PIT_IPR E000E414

Symbol: PIT_IPR
   Definitions
      At line 1460 in file ..\lab8\MKL05Z4.s
   Uses
      None
Comment: PIT_IPR unused
PIT_IRQ_MASK 00400000

Symbol: PIT_IRQ_MASK
   Definitions
      At line 1530 in file ..\lab8\MKL05Z4.s
   Uses
      None
Comment: PIT_IRQ_MASK unused
PIT_IRQn 00000016

Symbol: PIT_IRQn
   Definitions
      At line 179 in file ..\lab8\MKL05Z4.s
   Uses
      At line 1530 in file ..\lab8\MKL05Z4.s
Comment: PIT_IRQn used once
PIT_LDVAL0 40037100

Symbol: PIT_LDVAL0
   Definitions
      At line 1641 in file ..\lab8\MKL05Z4.s
   Uses
      None
Comment: PIT_LDVAL0 unused
PIT_LDVAL0_OFFSET 00000100

Symbol: PIT_LDVAL0_OFFSET



ARM Macro Assembler    Page 99 Alphabetic symbol ordering
Absolute symbols

   Definitions
      At line 1630 in file ..\lab8\MKL05Z4.s
   Uses
      At line 1641 in file ..\lab8\MKL05Z4.s
Comment: PIT_LDVAL0_OFFSET used once
PIT_LDVAL1 40037110

Symbol: PIT_LDVAL1
   Definitions
      At line 1645 in file ..\lab8\MKL05Z4.s
   Uses
      None
Comment: PIT_LDVAL1 unused
PIT_LDVAL1_OFFSET 00000110

Symbol: PIT_LDVAL1_OFFSET
   Definitions
      At line 1634 in file ..\lab8\MKL05Z4.s
   Uses
      At line 1645 in file ..\lab8\MKL05Z4.s
Comment: PIT_LDVAL1_OFFSET used once
PIT_LDVAL_OFFSET 00000000

Symbol: PIT_LDVAL_OFFSET
   Definitions
      At line 1623 in file ..\lab8\MKL05Z4.s
   Uses
      None
Comment: PIT_LDVAL_OFFSET unused
PIT_LTMR64H 400370E0

Symbol: PIT_LTMR64H
   Definitions
      At line 1639 in file ..\lab8\MKL05Z4.s
   Uses
      None
Comment: PIT_LTMR64H unused
PIT_LTMR64H_OFFSET 000000E0

Symbol: PIT_LTMR64H_OFFSET
   Definitions
      At line 1628 in file ..\lab8\MKL05Z4.s
   Uses
      At line 1639 in file ..\lab8\MKL05Z4.s
Comment: PIT_LTMR64H_OFFSET used once
PIT_LTMR64L 400370E4

Symbol: PIT_LTMR64L
   Definitions
      At line 1640 in file ..\lab8\MKL05Z4.s
   Uses
      None
Comment: PIT_LTMR64L unused
PIT_LTMR64L_OFFSET 000000E4

Symbol: PIT_LTMR64L_OFFSET
   Definitions
      At line 1629 in file ..\lab8\MKL05Z4.s
   Uses



ARM Macro Assembler    Page 100 Alphabetic symbol ordering
Absolute symbols

      At line 1640 in file ..\lab8\MKL05Z4.s
Comment: PIT_LTMR64L_OFFSET used once
PIT_MCR 40037000

Symbol: PIT_MCR
   Definitions
      At line 1638 in file ..\lab8\MKL05Z4.s
   Uses
      None
Comment: PIT_MCR unused
PIT_MCR_FRZ_MASK 00000001

Symbol: PIT_MCR_FRZ_MASK
   Definitions
      At line 1677 in file ..\lab8\MKL05Z4.s
   Uses
      None
Comment: PIT_MCR_FRZ_MASK unused
PIT_MCR_FRZ_SHIFT 00000000

Symbol: PIT_MCR_FRZ_SHIFT
   Definitions
      At line 1678 in file ..\lab8\MKL05Z4.s
   Uses
      None
Comment: PIT_MCR_FRZ_SHIFT unused
PIT_MCR_MDIS_MASK 00000002

Symbol: PIT_MCR_MDIS_MASK
   Definitions
      At line 1675 in file ..\lab8\MKL05Z4.s
   Uses
      None
Comment: PIT_MCR_MDIS_MASK unused
PIT_MCR_MDIS_SHIFT 00000001

Symbol: PIT_MCR_MDIS_SHIFT
   Definitions
      At line 1676 in file ..\lab8\MKL05Z4.s
   Uses
      None
Comment: PIT_MCR_MDIS_SHIFT unused
PIT_MCR_OFFSET 00000000

Symbol: PIT_MCR_OFFSET
   Definitions
      At line 1627 in file ..\lab8\MKL05Z4.s
   Uses
      At line 1638 in file ..\lab8\MKL05Z4.s
Comment: PIT_MCR_OFFSET used once
PIT_PRI_POS 00000016

Symbol: PIT_PRI_POS
   Definitions
      At line 1496 in file ..\lab8\MKL05Z4.s
   Uses
      None
Comment: PIT_PRI_POS unused
PIT_TCTRL0 40037108



ARM Macro Assembler    Page 101 Alphabetic symbol ordering
Absolute symbols


Symbol: PIT_TCTRL0
   Definitions
      At line 1643 in file ..\lab8\MKL05Z4.s
   Uses
      None
Comment: PIT_TCTRL0 unused
PIT_TCTRL0_OFFSET 00000108

Symbol: PIT_TCTRL0_OFFSET
   Definitions
      At line 1632 in file ..\lab8\MKL05Z4.s
   Uses
      At line 1643 in file ..\lab8\MKL05Z4.s
Comment: PIT_TCTRL0_OFFSET used once
PIT_TCTRL1 40037118

Symbol: PIT_TCTRL1
   Definitions
      At line 1647 in file ..\lab8\MKL05Z4.s
   Uses
      None
Comment: PIT_TCTRL1 unused
PIT_TCTRL1_OFFSET 00000118

Symbol: PIT_TCTRL1_OFFSET
   Definitions
      At line 1636 in file ..\lab8\MKL05Z4.s
   Uses
      At line 1647 in file ..\lab8\MKL05Z4.s
Comment: PIT_TCTRL1_OFFSET used once
PIT_TCTRL_CHN_MASK 00000004

Symbol: PIT_TCTRL_CHN_MASK
   Definitions
      At line 1688 in file ..\lab8\MKL05Z4.s
   Uses
      None
Comment: PIT_TCTRL_CHN_MASK unused
PIT_TCTRL_CHN_SHIFT 00000002

Symbol: PIT_TCTRL_CHN_SHIFT
   Definitions
      At line 1689 in file ..\lab8\MKL05Z4.s
   Uses
      None
Comment: PIT_TCTRL_CHN_SHIFT unused
PIT_TCTRL_OFFSET 00000008

Symbol: PIT_TCTRL_OFFSET
   Definitions
      At line 1625 in file ..\lab8\MKL05Z4.s
   Uses
      None
Comment: PIT_TCTRL_OFFSET unused
PIT_TCTRL_TEN_MASK 00000001

Symbol: PIT_TCTRL_TEN_MASK
   Definitions



ARM Macro Assembler    Page 102 Alphabetic symbol ordering
Absolute symbols

      At line 1692 in file ..\lab8\MKL05Z4.s
   Uses
      None
Comment: PIT_TCTRL_TEN_MASK unused
PIT_TCTRL_TEN_SHIFT 00000000

Symbol: PIT_TCTRL_TEN_SHIFT
   Definitions
      At line 1693 in file ..\lab8\MKL05Z4.s
   Uses
      None
Comment: PIT_TCTRL_TEN_SHIFT unused
PIT_TCTRL_TIE_MASK 00000002

Symbol: PIT_TCTRL_TIE_MASK
   Definitions
      At line 1690 in file ..\lab8\MKL05Z4.s
   Uses
      None
Comment: PIT_TCTRL_TIE_MASK unused
PIT_TCTRL_TIE_SHIFT 00000001

Symbol: PIT_TCTRL_TIE_SHIFT
   Definitions
      At line 1691 in file ..\lab8\MKL05Z4.s
   Uses
      None
Comment: PIT_TCTRL_TIE_SHIFT unused
PIT_TFLG0 4003710C

Symbol: PIT_TFLG0
   Definitions
      At line 1644 in file ..\lab8\MKL05Z4.s
   Uses
      None
Comment: PIT_TFLG0 unused
PIT_TFLG0_OFFSET 0000010C

Symbol: PIT_TFLG0_OFFSET
   Definitions
      At line 1633 in file ..\lab8\MKL05Z4.s
   Uses
      At line 1644 in file ..\lab8\MKL05Z4.s
Comment: PIT_TFLG0_OFFSET used once
PIT_TFLG1 4003711C

Symbol: PIT_TFLG1
   Definitions
      At line 1648 in file ..\lab8\MKL05Z4.s
   Uses
      None
Comment: PIT_TFLG1 unused
PIT_TFLG1_OFFSET 0000011C

Symbol: PIT_TFLG1_OFFSET
   Definitions
      At line 1637 in file ..\lab8\MKL05Z4.s
   Uses
      At line 1648 in file ..\lab8\MKL05Z4.s



ARM Macro Assembler    Page 103 Alphabetic symbol ordering
Absolute symbols

Comment: PIT_TFLG1_OFFSET used once
PIT_TFLG_OFFSET 0000000C

Symbol: PIT_TFLG_OFFSET
   Definitions
      At line 1626 in file ..\lab8\MKL05Z4.s
   Uses
      None
Comment: PIT_TFLG_OFFSET unused
PIT_TFLG_TIF_MASK 00000001

Symbol: PIT_TFLG_TIF_MASK
   Definitions
      At line 1699 in file ..\lab8\MKL05Z4.s
   Uses
      None
Comment: PIT_TFLG_TIF_MASK unused
PIT_TFLG_TIF_SHIFT 00000000

Symbol: PIT_TFLG_TIF_SHIFT
   Definitions
      At line 1700 in file ..\lab8\MKL05Z4.s
   Uses
      None
Comment: PIT_TFLG_TIF_SHIFT unused
PIT_Vector 00000026

Symbol: PIT_Vector
   Definitions
      At line 1581 in file ..\lab8\MKL05Z4.s
   Uses
      None
Comment: PIT_Vector unused
PORTA_BASE 40049000

Symbol: PORTA_BASE
   Definitions
      At line 1703 in file ..\lab8\MKL05Z4.s
   Uses
      At line 1739 in file ..\lab8\MKL05Z4.s
      At line 1740 in file ..\lab8\MKL05Z4.s
      At line 1741 in file ..\lab8\MKL05Z4.s
      At line 1742 in file ..\lab8\MKL05Z4.s
      At line 1743 in file ..\lab8\MKL05Z4.s
      At line 1744 in file ..\lab8\MKL05Z4.s
      At line 1745 in file ..\lab8\MKL05Z4.s
      At line 1746 in file ..\lab8\MKL05Z4.s
      At line 1747 in file ..\lab8\MKL05Z4.s
      At line 1748 in file ..\lab8\MKL05Z4.s
      At line 1749 in file ..\lab8\MKL05Z4.s
      At line 1750 in file ..\lab8\MKL05Z4.s
      At line 1751 in file ..\lab8\MKL05Z4.s
      At line 1752 in file ..\lab8\MKL05Z4.s
      At line 1753 in file ..\lab8\MKL05Z4.s
      At line 1754 in file ..\lab8\MKL05Z4.s
      At line 1755 in file ..\lab8\MKL05Z4.s
      At line 1756 in file ..\lab8\MKL05Z4.s
      At line 1757 in file ..\lab8\MKL05Z4.s
      At line 1758 in file ..\lab8\MKL05Z4.s



ARM Macro Assembler    Page 104 Alphabetic symbol ordering
Absolute symbols

      At line 1759 in file ..\lab8\MKL05Z4.s
      At line 1760 in file ..\lab8\MKL05Z4.s
      At line 1761 in file ..\lab8\MKL05Z4.s
      At line 1762 in file ..\lab8\MKL05Z4.s
      At line 1763 in file ..\lab8\MKL05Z4.s
      At line 1764 in file ..\lab8\MKL05Z4.s
      At line 1765 in file ..\lab8\MKL05Z4.s
      At line 1766 in file ..\lab8\MKL05Z4.s
      At line 1767 in file ..\lab8\MKL05Z4.s
      At line 1768 in file ..\lab8\MKL05Z4.s
      At line 1769 in file ..\lab8\MKL05Z4.s
      At line 1770 in file ..\lab8\MKL05Z4.s
      At line 1771 in file ..\lab8\MKL05Z4.s
      At line 1772 in file ..\lab8\MKL05Z4.s
      At line 1773 in file ..\lab8\MKL05Z4.s
      At line 206 in file ..\lab8\Start.s

PORTA_GPCHR 40049084

Symbol: PORTA_GPCHR
   Definitions
      At line 1772 in file ..\lab8\MKL05Z4.s
   Uses
      None
Comment: PORTA_GPCHR unused
PORTA_GPCHR_OFFSET 00000084

Symbol: PORTA_GPCHR_OFFSET
   Definitions
      At line 1737 in file ..\lab8\MKL05Z4.s
   Uses
      At line 1772 in file ..\lab8\MKL05Z4.s
Comment: PORTA_GPCHR_OFFSET used once
PORTA_GPCLR 40049080

Symbol: PORTA_GPCLR
   Definitions
      At line 1771 in file ..\lab8\MKL05Z4.s
   Uses
      None
Comment: PORTA_GPCLR unused
PORTA_GPCLR_OFFSET 00000080

Symbol: PORTA_GPCLR_OFFSET
   Definitions
      At line 1736 in file ..\lab8\MKL05Z4.s
   Uses
      At line 1771 in file ..\lab8\MKL05Z4.s
Comment: PORTA_GPCLR_OFFSET used once
PORTA_IPR E000E41C

Symbol: PORTA_IPR
   Definitions
      At line 1468 in file ..\lab8\MKL05Z4.s
   Uses
      None
Comment: PORTA_IPR unused
PORTA_IRQ_MASK 40000000




ARM Macro Assembler    Page 105 Alphabetic symbol ordering
Absolute symbols

Symbol: PORTA_IRQ_MASK
   Definitions
      At line 1538 in file ..\lab8\MKL05Z4.s
   Uses
      None
Comment: PORTA_IRQ_MASK unused
PORTA_IRQn 0000001E

Symbol: PORTA_IRQn
   Definitions
      At line 187 in file ..\lab8\MKL05Z4.s
   Uses
      At line 1538 in file ..\lab8\MKL05Z4.s
Comment: PORTA_IRQn used once
PORTA_ISFR 400490A0

Symbol: PORTA_ISFR
   Definitions
      At line 1773 in file ..\lab8\MKL05Z4.s
   Uses
      None
Comment: PORTA_ISFR unused
PORTA_ISFR_OFFSET 000000A0

Symbol: PORTA_ISFR_OFFSET
   Definitions
      At line 1738 in file ..\lab8\MKL05Z4.s
   Uses
      At line 1773 in file ..\lab8\MKL05Z4.s
Comment: PORTA_ISFR_OFFSET used once
PORTA_PCR0 40049000

Symbol: PORTA_PCR0
   Definitions
      At line 1739 in file ..\lab8\MKL05Z4.s
   Uses
      None
Comment: PORTA_PCR0 unused
PORTA_PCR0_OFFSET 00000000

Symbol: PORTA_PCR0_OFFSET
   Definitions
      At line 1704 in file ..\lab8\MKL05Z4.s
   Uses
      At line 1739 in file ..\lab8\MKL05Z4.s
Comment: PORTA_PCR0_OFFSET used once
PORTA_PCR1 40049004

Symbol: PORTA_PCR1
   Definitions
      At line 1740 in file ..\lab8\MKL05Z4.s
   Uses
      None
Comment: PORTA_PCR1 unused
PORTA_PCR10 40049028

Symbol: PORTA_PCR10
   Definitions
      At line 1749 in file ..\lab8\MKL05Z4.s



ARM Macro Assembler    Page 106 Alphabetic symbol ordering
Absolute symbols

   Uses
      None
Comment: PORTA_PCR10 unused
PORTA_PCR10_OFFSET 00000028

Symbol: PORTA_PCR10_OFFSET
   Definitions
      At line 1714 in file ..\lab8\MKL05Z4.s
   Uses
      At line 1749 in file ..\lab8\MKL05Z4.s
Comment: PORTA_PCR10_OFFSET used once
PORTA_PCR11 4004902C

Symbol: PORTA_PCR11
   Definitions
      At line 1750 in file ..\lab8\MKL05Z4.s
   Uses
      None
Comment: PORTA_PCR11 unused
PORTA_PCR11_OFFSET 0000002C

Symbol: PORTA_PCR11_OFFSET
   Definitions
      At line 1715 in file ..\lab8\MKL05Z4.s
   Uses
      At line 1750 in file ..\lab8\MKL05Z4.s
Comment: PORTA_PCR11_OFFSET used once
PORTA_PCR12 40049030

Symbol: PORTA_PCR12
   Definitions
      At line 1751 in file ..\lab8\MKL05Z4.s
   Uses
      None
Comment: PORTA_PCR12 unused
PORTA_PCR12_OFFSET 00000030

Symbol: PORTA_PCR12_OFFSET
   Definitions
      At line 1716 in file ..\lab8\MKL05Z4.s
   Uses
      At line 1751 in file ..\lab8\MKL05Z4.s
Comment: PORTA_PCR12_OFFSET used once
PORTA_PCR13 40049034

Symbol: PORTA_PCR13
   Definitions
      At line 1752 in file ..\lab8\MKL05Z4.s
   Uses
      None
Comment: PORTA_PCR13 unused
PORTA_PCR13_OFFSET 00000034

Symbol: PORTA_PCR13_OFFSET
   Definitions
      At line 1717 in file ..\lab8\MKL05Z4.s
   Uses
      At line 1752 in file ..\lab8\MKL05Z4.s
Comment: PORTA_PCR13_OFFSET used once



ARM Macro Assembler    Page 107 Alphabetic symbol ordering
Absolute symbols

PORTA_PCR14 40049038

Symbol: PORTA_PCR14
   Definitions
      At line 1753 in file ..\lab8\MKL05Z4.s
   Uses
      None
Comment: PORTA_PCR14 unused
PORTA_PCR14_OFFSET 00000038

Symbol: PORTA_PCR14_OFFSET
   Definitions
      At line 1718 in file ..\lab8\MKL05Z4.s
   Uses
      At line 1753 in file ..\lab8\MKL05Z4.s
Comment: PORTA_PCR14_OFFSET used once
PORTA_PCR15 4004903C

Symbol: PORTA_PCR15
   Definitions
      At line 1754 in file ..\lab8\MKL05Z4.s
   Uses
      None
Comment: PORTA_PCR15 unused
PORTA_PCR15_OFFSET 0000003C

Symbol: PORTA_PCR15_OFFSET
   Definitions
      At line 1719 in file ..\lab8\MKL05Z4.s
   Uses
      At line 1754 in file ..\lab8\MKL05Z4.s
Comment: PORTA_PCR15_OFFSET used once
PORTA_PCR16 40049040

Symbol: PORTA_PCR16
   Definitions
      At line 1755 in file ..\lab8\MKL05Z4.s
   Uses
      None
Comment: PORTA_PCR16 unused
PORTA_PCR16_OFFSET 00000040

Symbol: PORTA_PCR16_OFFSET
   Definitions
      At line 1720 in file ..\lab8\MKL05Z4.s
   Uses
      At line 1755 in file ..\lab8\MKL05Z4.s
Comment: PORTA_PCR16_OFFSET used once
PORTA_PCR17 40049044

Symbol: PORTA_PCR17
   Definitions
      At line 1756 in file ..\lab8\MKL05Z4.s
   Uses
      None
Comment: PORTA_PCR17 unused
PORTA_PCR17_OFFSET 00000044

Symbol: PORTA_PCR17_OFFSET



ARM Macro Assembler    Page 108 Alphabetic symbol ordering
Absolute symbols

   Definitions
      At line 1721 in file ..\lab8\MKL05Z4.s
   Uses
      At line 1756 in file ..\lab8\MKL05Z4.s
Comment: PORTA_PCR17_OFFSET used once
PORTA_PCR18 40049048

Symbol: PORTA_PCR18
   Definitions
      At line 1757 in file ..\lab8\MKL05Z4.s
   Uses
      None
Comment: PORTA_PCR18 unused
PORTA_PCR18_OFFSET 00000048

Symbol: PORTA_PCR18_OFFSET
   Definitions
      At line 1722 in file ..\lab8\MKL05Z4.s
   Uses
      At line 1757 in file ..\lab8\MKL05Z4.s
Comment: PORTA_PCR18_OFFSET used once
PORTA_PCR19 4004904C

Symbol: PORTA_PCR19
   Definitions
      At line 1758 in file ..\lab8\MKL05Z4.s
   Uses
      None
Comment: PORTA_PCR19 unused
PORTA_PCR19_OFFSET 0000004C

Symbol: PORTA_PCR19_OFFSET
   Definitions
      At line 1723 in file ..\lab8\MKL05Z4.s
   Uses
      At line 1758 in file ..\lab8\MKL05Z4.s
Comment: PORTA_PCR19_OFFSET used once
PORTA_PCR1_OFFSET 00000004

Symbol: PORTA_PCR1_OFFSET
   Definitions
      At line 1705 in file ..\lab8\MKL05Z4.s
   Uses
      At line 1740 in file ..\lab8\MKL05Z4.s
Comment: PORTA_PCR1_OFFSET used once
PORTA_PCR2 40049008

Symbol: PORTA_PCR2
   Definitions
      At line 1741 in file ..\lab8\MKL05Z4.s
   Uses
      None
Comment: PORTA_PCR2 unused
PORTA_PCR20 40049050

Symbol: PORTA_PCR20
   Definitions
      At line 1759 in file ..\lab8\MKL05Z4.s
   Uses



ARM Macro Assembler    Page 109 Alphabetic symbol ordering
Absolute symbols

      None
Comment: PORTA_PCR20 unused
PORTA_PCR20_OFFSET 00000050

Symbol: PORTA_PCR20_OFFSET
   Definitions
      At line 1724 in file ..\lab8\MKL05Z4.s
   Uses
      At line 1759 in file ..\lab8\MKL05Z4.s
Comment: PORTA_PCR20_OFFSET used once
PORTA_PCR21 40049054

Symbol: PORTA_PCR21
   Definitions
      At line 1760 in file ..\lab8\MKL05Z4.s
   Uses
      None
Comment: PORTA_PCR21 unused
PORTA_PCR21_OFFSET 00000054

Symbol: PORTA_PCR21_OFFSET
   Definitions
      At line 1725 in file ..\lab8\MKL05Z4.s
   Uses
      At line 1760 in file ..\lab8\MKL05Z4.s
Comment: PORTA_PCR21_OFFSET used once
PORTA_PCR22 40049058

Symbol: PORTA_PCR22
   Definitions
      At line 1761 in file ..\lab8\MKL05Z4.s
   Uses
      None
Comment: PORTA_PCR22 unused
PORTA_PCR22_OFFSET 00000058

Symbol: PORTA_PCR22_OFFSET
   Definitions
      At line 1726 in file ..\lab8\MKL05Z4.s
   Uses
      At line 1761 in file ..\lab8\MKL05Z4.s
Comment: PORTA_PCR22_OFFSET used once
PORTA_PCR23 4004905C

Symbol: PORTA_PCR23
   Definitions
      At line 1762 in file ..\lab8\MKL05Z4.s
   Uses
      None
Comment: PORTA_PCR23 unused
PORTA_PCR23_OFFSET 0000005C

Symbol: PORTA_PCR23_OFFSET
   Definitions
      At line 1727 in file ..\lab8\MKL05Z4.s
   Uses
      At line 1762 in file ..\lab8\MKL05Z4.s
Comment: PORTA_PCR23_OFFSET used once
PORTA_PCR24 40049060



ARM Macro Assembler    Page 110 Alphabetic symbol ordering
Absolute symbols


Symbol: PORTA_PCR24
   Definitions
      At line 1763 in file ..\lab8\MKL05Z4.s
   Uses
      None
Comment: PORTA_PCR24 unused
PORTA_PCR24_OFFSET 00000060

Symbol: PORTA_PCR24_OFFSET
   Definitions
      At line 1728 in file ..\lab8\MKL05Z4.s
   Uses
      At line 1763 in file ..\lab8\MKL05Z4.s
Comment: PORTA_PCR24_OFFSET used once
PORTA_PCR25 40049064

Symbol: PORTA_PCR25
   Definitions
      At line 1764 in file ..\lab8\MKL05Z4.s
   Uses
      None
Comment: PORTA_PCR25 unused
PORTA_PCR25_OFFSET 00000064

Symbol: PORTA_PCR25_OFFSET
   Definitions
      At line 1729 in file ..\lab8\MKL05Z4.s
   Uses
      At line 1764 in file ..\lab8\MKL05Z4.s
Comment: PORTA_PCR25_OFFSET used once
PORTA_PCR26 40049068

Symbol: PORTA_PCR26
   Definitions
      At line 1765 in file ..\lab8\MKL05Z4.s
   Uses
      None
Comment: PORTA_PCR26 unused
PORTA_PCR26_OFFSET 00000068

Symbol: PORTA_PCR26_OFFSET
   Definitions
      At line 1730 in file ..\lab8\MKL05Z4.s
   Uses
      At line 1765 in file ..\lab8\MKL05Z4.s
Comment: PORTA_PCR26_OFFSET used once
PORTA_PCR27 4004906C

Symbol: PORTA_PCR27
   Definitions
      At line 1766 in file ..\lab8\MKL05Z4.s
   Uses
      None
Comment: PORTA_PCR27 unused
PORTA_PCR27_OFFSET 0000006C

Symbol: PORTA_PCR27_OFFSET
   Definitions



ARM Macro Assembler    Page 111 Alphabetic symbol ordering
Absolute symbols

      At line 1731 in file ..\lab8\MKL05Z4.s
   Uses
      At line 1766 in file ..\lab8\MKL05Z4.s
Comment: PORTA_PCR27_OFFSET used once
PORTA_PCR28 40049070

Symbol: PORTA_PCR28
   Definitions
      At line 1767 in file ..\lab8\MKL05Z4.s
   Uses
      None
Comment: PORTA_PCR28 unused
PORTA_PCR28_OFFSET 00000070

Symbol: PORTA_PCR28_OFFSET
   Definitions
      At line 1732 in file ..\lab8\MKL05Z4.s
   Uses
      At line 1767 in file ..\lab8\MKL05Z4.s
Comment: PORTA_PCR28_OFFSET used once
PORTA_PCR29 40049074

Symbol: PORTA_PCR29
   Definitions
      At line 1768 in file ..\lab8\MKL05Z4.s
   Uses
      None
Comment: PORTA_PCR29 unused
PORTA_PCR29_OFFSET 00000074

Symbol: PORTA_PCR29_OFFSET
   Definitions
      At line 1733 in file ..\lab8\MKL05Z4.s
   Uses
      At line 1768 in file ..\lab8\MKL05Z4.s
Comment: PORTA_PCR29_OFFSET used once
PORTA_PCR2_OFFSET 00000008

Symbol: PORTA_PCR2_OFFSET
   Definitions
      At line 1706 in file ..\lab8\MKL05Z4.s
   Uses
      At line 1741 in file ..\lab8\MKL05Z4.s
Comment: PORTA_PCR2_OFFSET used once
PORTA_PCR3 4004900C

Symbol: PORTA_PCR3
   Definitions
      At line 1742 in file ..\lab8\MKL05Z4.s
   Uses
      None
Comment: PORTA_PCR3 unused
PORTA_PCR30 40049078

Symbol: PORTA_PCR30
   Definitions
      At line 1769 in file ..\lab8\MKL05Z4.s
   Uses
      None



ARM Macro Assembler    Page 112 Alphabetic symbol ordering
Absolute symbols

Comment: PORTA_PCR30 unused
PORTA_PCR30_OFFSET 00000078

Symbol: PORTA_PCR30_OFFSET
   Definitions
      At line 1734 in file ..\lab8\MKL05Z4.s
   Uses
      At line 1769 in file ..\lab8\MKL05Z4.s
Comment: PORTA_PCR30_OFFSET used once
PORTA_PCR31 4004907C

Symbol: PORTA_PCR31
   Definitions
      At line 1770 in file ..\lab8\MKL05Z4.s
   Uses
      None
Comment: PORTA_PCR31 unused
PORTA_PCR31_OFFSET 0000007C

Symbol: PORTA_PCR31_OFFSET
   Definitions
      At line 1735 in file ..\lab8\MKL05Z4.s
   Uses
      At line 1770 in file ..\lab8\MKL05Z4.s
Comment: PORTA_PCR31_OFFSET used once
PORTA_PCR3_OFFSET 0000000C

Symbol: PORTA_PCR3_OFFSET
   Definitions
      At line 1707 in file ..\lab8\MKL05Z4.s
   Uses
      At line 1742 in file ..\lab8\MKL05Z4.s
      At line 208 in file ..\lab8\Start.s

PORTA_PCR4 40049010

Symbol: PORTA_PCR4
   Definitions
      At line 1743 in file ..\lab8\MKL05Z4.s
   Uses
      None
Comment: PORTA_PCR4 unused
PORTA_PCR4_OFFSET 00000010

Symbol: PORTA_PCR4_OFFSET
   Definitions
      At line 1708 in file ..\lab8\MKL05Z4.s
   Uses
      At line 1743 in file ..\lab8\MKL05Z4.s
      At line 212 in file ..\lab8\Start.s

PORTA_PCR5 40049014

Symbol: PORTA_PCR5
   Definitions
      At line 1744 in file ..\lab8\MKL05Z4.s
   Uses
      None
Comment: PORTA_PCR5 unused



ARM Macro Assembler    Page 113 Alphabetic symbol ordering
Absolute symbols

PORTA_PCR5_OFFSET 00000014

Symbol: PORTA_PCR5_OFFSET
   Definitions
      At line 1709 in file ..\lab8\MKL05Z4.s
   Uses
      At line 1744 in file ..\lab8\MKL05Z4.s
Comment: PORTA_PCR5_OFFSET used once
PORTA_PCR6 40049018

Symbol: PORTA_PCR6
   Definitions
      At line 1745 in file ..\lab8\MKL05Z4.s
   Uses
      None
Comment: PORTA_PCR6 unused
PORTA_PCR6_OFFSET 00000018

Symbol: PORTA_PCR6_OFFSET
   Definitions
      At line 1710 in file ..\lab8\MKL05Z4.s
   Uses
      At line 1745 in file ..\lab8\MKL05Z4.s
Comment: PORTA_PCR6_OFFSET used once
PORTA_PCR7 4004901C

Symbol: PORTA_PCR7
   Definitions
      At line 1746 in file ..\lab8\MKL05Z4.s
   Uses
      None
Comment: PORTA_PCR7 unused
PORTA_PCR7_OFFSET 0000001C

Symbol: PORTA_PCR7_OFFSET
   Definitions
      At line 1711 in file ..\lab8\MKL05Z4.s
   Uses
      At line 1746 in file ..\lab8\MKL05Z4.s
Comment: PORTA_PCR7_OFFSET used once
PORTA_PCR8 40049020

Symbol: PORTA_PCR8
   Definitions
      At line 1747 in file ..\lab8\MKL05Z4.s
   Uses
      None
Comment: PORTA_PCR8 unused
PORTA_PCR8_OFFSET 00000020

Symbol: PORTA_PCR8_OFFSET
   Definitions
      At line 1712 in file ..\lab8\MKL05Z4.s
   Uses
      At line 1747 in file ..\lab8\MKL05Z4.s
Comment: PORTA_PCR8_OFFSET used once
PORTA_PCR9 40049024

Symbol: PORTA_PCR9



ARM Macro Assembler    Page 114 Alphabetic symbol ordering
Absolute symbols

   Definitions
      At line 1748 in file ..\lab8\MKL05Z4.s
   Uses
      None
Comment: PORTA_PCR9 unused
PORTA_PCR9_OFFSET 00000024

Symbol: PORTA_PCR9_OFFSET
   Definitions
      At line 1713 in file ..\lab8\MKL05Z4.s
   Uses
      At line 1748 in file ..\lab8\MKL05Z4.s
Comment: PORTA_PCR9_OFFSET used once
PORTA_PRI_POS 00000016

Symbol: PORTA_PRI_POS
   Definitions
      At line 1504 in file ..\lab8\MKL05Z4.s
   Uses
      None
Comment: PORTA_PRI_POS unused
PORTA_Vector 0000002E

Symbol: PORTA_Vector
   Definitions
      At line 1589 in file ..\lab8\MKL05Z4.s
   Uses
      None
Comment: PORTA_Vector unused
PORTB_BASE 4004A000

Symbol: PORTB_BASE
   Definitions
      At line 1776 in file ..\lab8\MKL05Z4.s
   Uses
      At line 1812 in file ..\lab8\MKL05Z4.s
      At line 1813 in file ..\lab8\MKL05Z4.s
      At line 1814 in file ..\lab8\MKL05Z4.s
      At line 1815 in file ..\lab8\MKL05Z4.s
      At line 1816 in file ..\lab8\MKL05Z4.s
      At line 1817 in file ..\lab8\MKL05Z4.s
      At line 1818 in file ..\lab8\MKL05Z4.s
      At line 1819 in file ..\lab8\MKL05Z4.s
      At line 1820 in file ..\lab8\MKL05Z4.s
      At line 1821 in file ..\lab8\MKL05Z4.s
      At line 1822 in file ..\lab8\MKL05Z4.s
      At line 1823 in file ..\lab8\MKL05Z4.s
      At line 1824 in file ..\lab8\MKL05Z4.s
      At line 1825 in file ..\lab8\MKL05Z4.s
      At line 1826 in file ..\lab8\MKL05Z4.s
      At line 1827 in file ..\lab8\MKL05Z4.s
      At line 1828 in file ..\lab8\MKL05Z4.s
      At line 1829 in file ..\lab8\MKL05Z4.s
      At line 1830 in file ..\lab8\MKL05Z4.s
      At line 1831 in file ..\lab8\MKL05Z4.s
      At line 1832 in file ..\lab8\MKL05Z4.s
      At line 1833 in file ..\lab8\MKL05Z4.s
      At line 1834 in file ..\lab8\MKL05Z4.s
      At line 1835 in file ..\lab8\MKL05Z4.s



ARM Macro Assembler    Page 115 Alphabetic symbol ordering
Absolute symbols

      At line 1836 in file ..\lab8\MKL05Z4.s
      At line 1837 in file ..\lab8\MKL05Z4.s
      At line 1838 in file ..\lab8\MKL05Z4.s
      At line 1839 in file ..\lab8\MKL05Z4.s
      At line 1840 in file ..\lab8\MKL05Z4.s
      At line 1841 in file ..\lab8\MKL05Z4.s
      At line 1842 in file ..\lab8\MKL05Z4.s
      At line 1843 in file ..\lab8\MKL05Z4.s
      At line 1844 in file ..\lab8\MKL05Z4.s
      At line 1845 in file ..\lab8\MKL05Z4.s
      At line 1846 in file ..\lab8\MKL05Z4.s

PORTB_GPCHR 4004A084

Symbol: PORTB_GPCHR
   Definitions
      At line 1845 in file ..\lab8\MKL05Z4.s
   Uses
      None
Comment: PORTB_GPCHR unused
PORTB_GPCHR_OFFSET 00000084

Symbol: PORTB_GPCHR_OFFSET
   Definitions
      At line 1810 in file ..\lab8\MKL05Z4.s
   Uses
      At line 1845 in file ..\lab8\MKL05Z4.s
Comment: PORTB_GPCHR_OFFSET used once
PORTB_GPCLR 4004A080

Symbol: PORTB_GPCLR
   Definitions
      At line 1844 in file ..\lab8\MKL05Z4.s
   Uses
      None
Comment: PORTB_GPCLR unused
PORTB_GPCLR_OFFSET 00000080

Symbol: PORTB_GPCLR_OFFSET
   Definitions
      At line 1809 in file ..\lab8\MKL05Z4.s
   Uses
      At line 1844 in file ..\lab8\MKL05Z4.s
Comment: PORTB_GPCLR_OFFSET used once
PORTB_IPR E000E41C

Symbol: PORTB_IPR
   Definitions
      At line 1469 in file ..\lab8\MKL05Z4.s
   Uses
      None
Comment: PORTB_IPR unused
PORTB_IRQ_MASK 80000000

Symbol: PORTB_IRQ_MASK
   Definitions
      At line 1539 in file ..\lab8\MKL05Z4.s
   Uses
      None



ARM Macro Assembler    Page 116 Alphabetic symbol ordering
Absolute symbols

Comment: PORTB_IRQ_MASK unused
PORTB_IRQn 0000001F

Symbol: PORTB_IRQn
   Definitions
      At line 188 in file ..\lab8\MKL05Z4.s
   Uses
      At line 1539 in file ..\lab8\MKL05Z4.s
Comment: PORTB_IRQn used once
PORTB_ISFR 4004A0A0

Symbol: PORTB_ISFR
   Definitions
      At line 1846 in file ..\lab8\MKL05Z4.s
   Uses
      None
Comment: PORTB_ISFR unused
PORTB_ISFR_OFFSET 000000A0

Symbol: PORTB_ISFR_OFFSET
   Definitions
      At line 1811 in file ..\lab8\MKL05Z4.s
   Uses
      At line 1846 in file ..\lab8\MKL05Z4.s
Comment: PORTB_ISFR_OFFSET used once
PORTB_PCR0 4004A000

Symbol: PORTB_PCR0
   Definitions
      At line 1812 in file ..\lab8\MKL05Z4.s
   Uses
      None
Comment: PORTB_PCR0 unused
PORTB_PCR0_OFFSET 00000000

Symbol: PORTB_PCR0_OFFSET
   Definitions
      At line 1777 in file ..\lab8\MKL05Z4.s
   Uses
      At line 1812 in file ..\lab8\MKL05Z4.s
Comment: PORTB_PCR0_OFFSET used once
PORTB_PCR1 4004A004

Symbol: PORTB_PCR1
   Definitions
      At line 1813 in file ..\lab8\MKL05Z4.s
   Uses
      None
Comment: PORTB_PCR1 unused
PORTB_PCR10 4004A028

Symbol: PORTB_PCR10
   Definitions
      At line 1822 in file ..\lab8\MKL05Z4.s
   Uses
      None
Comment: PORTB_PCR10 unused
PORTB_PCR10_OFFSET 00000028




ARM Macro Assembler    Page 117 Alphabetic symbol ordering
Absolute symbols

Symbol: PORTB_PCR10_OFFSET
   Definitions
      At line 1787 in file ..\lab8\MKL05Z4.s
   Uses
      At line 1822 in file ..\lab8\MKL05Z4.s
Comment: PORTB_PCR10_OFFSET used once
PORTB_PCR11 4004A02C

Symbol: PORTB_PCR11
   Definitions
      At line 1823 in file ..\lab8\MKL05Z4.s
   Uses
      None
Comment: PORTB_PCR11 unused
PORTB_PCR11_OFFSET 0000002C

Symbol: PORTB_PCR11_OFFSET
   Definitions
      At line 1788 in file ..\lab8\MKL05Z4.s
   Uses
      At line 1823 in file ..\lab8\MKL05Z4.s
Comment: PORTB_PCR11_OFFSET used once
PORTB_PCR12 4004A030

Symbol: PORTB_PCR12
   Definitions
      At line 1824 in file ..\lab8\MKL05Z4.s
   Uses
      None
Comment: PORTB_PCR12 unused
PORTB_PCR12_OFFSET 00000030

Symbol: PORTB_PCR12_OFFSET
   Definitions
      At line 1789 in file ..\lab8\MKL05Z4.s
   Uses
      At line 1824 in file ..\lab8\MKL05Z4.s
Comment: PORTB_PCR12_OFFSET used once
PORTB_PCR13 4004A034

Symbol: PORTB_PCR13
   Definitions
      At line 1825 in file ..\lab8\MKL05Z4.s
   Uses
      None
Comment: PORTB_PCR13 unused
PORTB_PCR13_OFFSET 00000034

Symbol: PORTB_PCR13_OFFSET
   Definitions
      At line 1790 in file ..\lab8\MKL05Z4.s
   Uses
      At line 1825 in file ..\lab8\MKL05Z4.s
Comment: PORTB_PCR13_OFFSET used once
PORTB_PCR14 4004A038

Symbol: PORTB_PCR14
   Definitions
      At line 1826 in file ..\lab8\MKL05Z4.s



ARM Macro Assembler    Page 118 Alphabetic symbol ordering
Absolute symbols

   Uses
      None
Comment: PORTB_PCR14 unused
PORTB_PCR14_OFFSET 00000038

Symbol: PORTB_PCR14_OFFSET
   Definitions
      At line 1791 in file ..\lab8\MKL05Z4.s
   Uses
      At line 1826 in file ..\lab8\MKL05Z4.s
Comment: PORTB_PCR14_OFFSET used once
PORTB_PCR15 4004A03C

Symbol: PORTB_PCR15
   Definitions
      At line 1827 in file ..\lab8\MKL05Z4.s
   Uses
      None
Comment: PORTB_PCR15 unused
PORTB_PCR15_OFFSET 0000003C

Symbol: PORTB_PCR15_OFFSET
   Definitions
      At line 1792 in file ..\lab8\MKL05Z4.s
   Uses
      At line 1827 in file ..\lab8\MKL05Z4.s
Comment: PORTB_PCR15_OFFSET used once
PORTB_PCR16 4004A040

Symbol: PORTB_PCR16
   Definitions
      At line 1828 in file ..\lab8\MKL05Z4.s
   Uses
      None
Comment: PORTB_PCR16 unused
PORTB_PCR16_OFFSET 00000040

Symbol: PORTB_PCR16_OFFSET
   Definitions
      At line 1793 in file ..\lab8\MKL05Z4.s
   Uses
      At line 1828 in file ..\lab8\MKL05Z4.s
Comment: PORTB_PCR16_OFFSET used once
PORTB_PCR17 4004A044

Symbol: PORTB_PCR17
   Definitions
      At line 1829 in file ..\lab8\MKL05Z4.s
   Uses
      None
Comment: PORTB_PCR17 unused
PORTB_PCR17_OFFSET 00000044

Symbol: PORTB_PCR17_OFFSET
   Definitions
      At line 1794 in file ..\lab8\MKL05Z4.s
   Uses
      At line 1829 in file ..\lab8\MKL05Z4.s
Comment: PORTB_PCR17_OFFSET used once



ARM Macro Assembler    Page 119 Alphabetic symbol ordering
Absolute symbols

PORTB_PCR18 4004A048

Symbol: PORTB_PCR18
   Definitions
      At line 1830 in file ..\lab8\MKL05Z4.s
   Uses
      None
Comment: PORTB_PCR18 unused
PORTB_PCR18_OFFSET 00000048

Symbol: PORTB_PCR18_OFFSET
   Definitions
      At line 1795 in file ..\lab8\MKL05Z4.s
   Uses
      At line 1830 in file ..\lab8\MKL05Z4.s
Comment: PORTB_PCR18_OFFSET used once
PORTB_PCR19 4004A04C

Symbol: PORTB_PCR19
   Definitions
      At line 1831 in file ..\lab8\MKL05Z4.s
   Uses
      None
Comment: PORTB_PCR19 unused
PORTB_PCR19_OFFSET 0000004C

Symbol: PORTB_PCR19_OFFSET
   Definitions
      At line 1796 in file ..\lab8\MKL05Z4.s
   Uses
      At line 1831 in file ..\lab8\MKL05Z4.s
Comment: PORTB_PCR19_OFFSET used once
PORTB_PCR1_OFFSET 00000004

Symbol: PORTB_PCR1_OFFSET
   Definitions
      At line 1778 in file ..\lab8\MKL05Z4.s
   Uses
      At line 1813 in file ..\lab8\MKL05Z4.s
Comment: PORTB_PCR1_OFFSET used once
PORTB_PCR2 4004A008

Symbol: PORTB_PCR2
   Definitions
      At line 1814 in file ..\lab8\MKL05Z4.s
   Uses
      None
Comment: PORTB_PCR2 unused
PORTB_PCR20 4004A050

Symbol: PORTB_PCR20
   Definitions
      At line 1832 in file ..\lab8\MKL05Z4.s
   Uses
      None
Comment: PORTB_PCR20 unused
PORTB_PCR20_OFFSET 00000050

Symbol: PORTB_PCR20_OFFSET



ARM Macro Assembler    Page 120 Alphabetic symbol ordering
Absolute symbols

   Definitions
      At line 1797 in file ..\lab8\MKL05Z4.s
   Uses
      At line 1832 in file ..\lab8\MKL05Z4.s
Comment: PORTB_PCR20_OFFSET used once
PORTB_PCR21 4004A054

Symbol: PORTB_PCR21
   Definitions
      At line 1833 in file ..\lab8\MKL05Z4.s
   Uses
      None
Comment: PORTB_PCR21 unused
PORTB_PCR21_OFFSET 00000054

Symbol: PORTB_PCR21_OFFSET
   Definitions
      At line 1798 in file ..\lab8\MKL05Z4.s
   Uses
      At line 1833 in file ..\lab8\MKL05Z4.s
Comment: PORTB_PCR21_OFFSET used once
PORTB_PCR22 4004A058

Symbol: PORTB_PCR22
   Definitions
      At line 1834 in file ..\lab8\MKL05Z4.s
   Uses
      None
Comment: PORTB_PCR22 unused
PORTB_PCR22_OFFSET 00000058

Symbol: PORTB_PCR22_OFFSET
   Definitions
      At line 1799 in file ..\lab8\MKL05Z4.s
   Uses
      At line 1834 in file ..\lab8\MKL05Z4.s
Comment: PORTB_PCR22_OFFSET used once
PORTB_PCR23 4004A05C

Symbol: PORTB_PCR23
   Definitions
      At line 1835 in file ..\lab8\MKL05Z4.s
   Uses
      None
Comment: PORTB_PCR23 unused
PORTB_PCR23_OFFSET 0000005C

Symbol: PORTB_PCR23_OFFSET
   Definitions
      At line 1800 in file ..\lab8\MKL05Z4.s
   Uses
      At line 1835 in file ..\lab8\MKL05Z4.s
Comment: PORTB_PCR23_OFFSET used once
PORTB_PCR24 4004A060

Symbol: PORTB_PCR24
   Definitions
      At line 1836 in file ..\lab8\MKL05Z4.s
   Uses



ARM Macro Assembler    Page 121 Alphabetic symbol ordering
Absolute symbols

      None
Comment: PORTB_PCR24 unused
PORTB_PCR24_OFFSET 00000060

Symbol: PORTB_PCR24_OFFSET
   Definitions
      At line 1801 in file ..\lab8\MKL05Z4.s
   Uses
      At line 1836 in file ..\lab8\MKL05Z4.s
Comment: PORTB_PCR24_OFFSET used once
PORTB_PCR25 4004A064

Symbol: PORTB_PCR25
   Definitions
      At line 1837 in file ..\lab8\MKL05Z4.s
   Uses
      None
Comment: PORTB_PCR25 unused
PORTB_PCR25_OFFSET 00000064

Symbol: PORTB_PCR25_OFFSET
   Definitions
      At line 1802 in file ..\lab8\MKL05Z4.s
   Uses
      At line 1837 in file ..\lab8\MKL05Z4.s
Comment: PORTB_PCR25_OFFSET used once
PORTB_PCR26 4004A068

Symbol: PORTB_PCR26
   Definitions
      At line 1838 in file ..\lab8\MKL05Z4.s
   Uses
      None
Comment: PORTB_PCR26 unused
PORTB_PCR26_OFFSET 00000068

Symbol: PORTB_PCR26_OFFSET
   Definitions
      At line 1803 in file ..\lab8\MKL05Z4.s
   Uses
      At line 1838 in file ..\lab8\MKL05Z4.s
Comment: PORTB_PCR26_OFFSET used once
PORTB_PCR27 4004A06C

Symbol: PORTB_PCR27
   Definitions
      At line 1839 in file ..\lab8\MKL05Z4.s
   Uses
      None
Comment: PORTB_PCR27 unused
PORTB_PCR27_OFFSET 0000006C

Symbol: PORTB_PCR27_OFFSET
   Definitions
      At line 1804 in file ..\lab8\MKL05Z4.s
   Uses
      At line 1839 in file ..\lab8\MKL05Z4.s
Comment: PORTB_PCR27_OFFSET used once
PORTB_PCR28 4004A070



ARM Macro Assembler    Page 122 Alphabetic symbol ordering
Absolute symbols


Symbol: PORTB_PCR28
   Definitions
      At line 1840 in file ..\lab8\MKL05Z4.s
   Uses
      None
Comment: PORTB_PCR28 unused
PORTB_PCR28_OFFSET 00000070

Symbol: PORTB_PCR28_OFFSET
   Definitions
      At line 1805 in file ..\lab8\MKL05Z4.s
   Uses
      At line 1840 in file ..\lab8\MKL05Z4.s
Comment: PORTB_PCR28_OFFSET used once
PORTB_PCR29 4004A074

Symbol: PORTB_PCR29
   Definitions
      At line 1841 in file ..\lab8\MKL05Z4.s
   Uses
      None
Comment: PORTB_PCR29 unused
PORTB_PCR29_OFFSET 00000074

Symbol: PORTB_PCR29_OFFSET
   Definitions
      At line 1806 in file ..\lab8\MKL05Z4.s
   Uses
      At line 1841 in file ..\lab8\MKL05Z4.s
Comment: PORTB_PCR29_OFFSET used once
PORTB_PCR2_OFFSET 00000008

Symbol: PORTB_PCR2_OFFSET
   Definitions
      At line 1779 in file ..\lab8\MKL05Z4.s
   Uses
      At line 1814 in file ..\lab8\MKL05Z4.s
Comment: PORTB_PCR2_OFFSET used once
PORTB_PCR3 4004A00C

Symbol: PORTB_PCR3
   Definitions
      At line 1815 in file ..\lab8\MKL05Z4.s
   Uses
      None
Comment: PORTB_PCR3 unused
PORTB_PCR30 4004A078

Symbol: PORTB_PCR30
   Definitions
      At line 1842 in file ..\lab8\MKL05Z4.s
   Uses
      None
Comment: PORTB_PCR30 unused
PORTB_PCR30_OFFSET 00000078

Symbol: PORTB_PCR30_OFFSET
   Definitions



ARM Macro Assembler    Page 123 Alphabetic symbol ordering
Absolute symbols

      At line 1807 in file ..\lab8\MKL05Z4.s
   Uses
      At line 1842 in file ..\lab8\MKL05Z4.s
Comment: PORTB_PCR30_OFFSET used once
PORTB_PCR31 4004A07C

Symbol: PORTB_PCR31
   Definitions
      At line 1843 in file ..\lab8\MKL05Z4.s
   Uses
      None
Comment: PORTB_PCR31 unused
PORTB_PCR31_OFFSET 0000007C

Symbol: PORTB_PCR31_OFFSET
   Definitions
      At line 1808 in file ..\lab8\MKL05Z4.s
   Uses
      At line 1843 in file ..\lab8\MKL05Z4.s
Comment: PORTB_PCR31_OFFSET used once
PORTB_PCR3_OFFSET 0000000C

Symbol: PORTB_PCR3_OFFSET
   Definitions
      At line 1780 in file ..\lab8\MKL05Z4.s
   Uses
      At line 1815 in file ..\lab8\MKL05Z4.s
Comment: PORTB_PCR3_OFFSET used once
PORTB_PCR4 4004A010

Symbol: PORTB_PCR4
   Definitions
      At line 1816 in file ..\lab8\MKL05Z4.s
   Uses
      None
Comment: PORTB_PCR4 unused
PORTB_PCR4_OFFSET 00000010

Symbol: PORTB_PCR4_OFFSET
   Definitions
      At line 1781 in file ..\lab8\MKL05Z4.s
   Uses
      At line 1816 in file ..\lab8\MKL05Z4.s
Comment: PORTB_PCR4_OFFSET used once
PORTB_PCR5 4004A014

Symbol: PORTB_PCR5
   Definitions
      At line 1817 in file ..\lab8\MKL05Z4.s
   Uses
      None
Comment: PORTB_PCR5 unused
PORTB_PCR5_OFFSET 00000014

Symbol: PORTB_PCR5_OFFSET
   Definitions
      At line 1782 in file ..\lab8\MKL05Z4.s
   Uses
      At line 1817 in file ..\lab8\MKL05Z4.s



ARM Macro Assembler    Page 124 Alphabetic symbol ordering
Absolute symbols

Comment: PORTB_PCR5_OFFSET used once
PORTB_PCR6 4004A018

Symbol: PORTB_PCR6
   Definitions
      At line 1818 in file ..\lab8\MKL05Z4.s
   Uses
      None
Comment: PORTB_PCR6 unused
PORTB_PCR6_OFFSET 00000018

Symbol: PORTB_PCR6_OFFSET
   Definitions
      At line 1783 in file ..\lab8\MKL05Z4.s
   Uses
      At line 1818 in file ..\lab8\MKL05Z4.s
Comment: PORTB_PCR6_OFFSET used once
PORTB_PCR7 4004A01C

Symbol: PORTB_PCR7
   Definitions
      At line 1819 in file ..\lab8\MKL05Z4.s
   Uses
      None
Comment: PORTB_PCR7 unused
PORTB_PCR7_OFFSET 0000001C

Symbol: PORTB_PCR7_OFFSET
   Definitions
      At line 1784 in file ..\lab8\MKL05Z4.s
   Uses
      At line 1819 in file ..\lab8\MKL05Z4.s
Comment: PORTB_PCR7_OFFSET used once
PORTB_PCR8 4004A020

Symbol: PORTB_PCR8
   Definitions
      At line 1820 in file ..\lab8\MKL05Z4.s
   Uses
      None
Comment: PORTB_PCR8 unused
PORTB_PCR8_OFFSET 00000020

Symbol: PORTB_PCR8_OFFSET
   Definitions
      At line 1785 in file ..\lab8\MKL05Z4.s
   Uses
      At line 1820 in file ..\lab8\MKL05Z4.s
Comment: PORTB_PCR8_OFFSET used once
PORTB_PCR9 4004A024

Symbol: PORTB_PCR9
   Definitions
      At line 1821 in file ..\lab8\MKL05Z4.s
   Uses
      None
Comment: PORTB_PCR9 unused
PORTB_PCR9_OFFSET 00000024




ARM Macro Assembler    Page 125 Alphabetic symbol ordering
Absolute symbols

Symbol: PORTB_PCR9_OFFSET
   Definitions
      At line 1786 in file ..\lab8\MKL05Z4.s
   Uses
      At line 1821 in file ..\lab8\MKL05Z4.s
Comment: PORTB_PCR9_OFFSET used once
PORTB_PRI_POS 0000001E

Symbol: PORTB_PRI_POS
   Definitions
      At line 1505 in file ..\lab8\MKL05Z4.s
   Uses
      None
Comment: PORTB_PRI_POS unused
PORTB_Vector 0000002F

Symbol: PORTB_Vector
   Definitions
      At line 1590 in file ..\lab8\MKL05Z4.s
   Uses
      None
Comment: PORTB_Vector unused
PORT_GPCHR_GPWD_MASK 0000FFFF

Symbol: PORT_GPCHR_GPWD_MASK
   Definitions
      At line 1928 in file ..\lab8\MKL05Z4.s
   Uses
      None
Comment: PORT_GPCHR_GPWD_MASK unused
PORT_GPCHR_GPWD_SHIFT 00000000

Symbol: PORT_GPCHR_GPWD_SHIFT
   Definitions
      At line 1929 in file ..\lab8\MKL05Z4.s
   Uses
      None
Comment: PORT_GPCHR_GPWD_SHIFT unused
PORT_GPCHR_GPWE_MASK FFFF0000

Symbol: PORT_GPCHR_GPWE_MASK
   Definitions
      At line 1926 in file ..\lab8\MKL05Z4.s
   Uses
      None
Comment: PORT_GPCHR_GPWE_MASK unused
PORT_GPCHR_GPWE_SHIFT 00000010

Symbol: PORT_GPCHR_GPWE_SHIFT
   Definitions
      At line 1927 in file ..\lab8\MKL05Z4.s
   Uses
      None
Comment: PORT_GPCHR_GPWE_SHIFT unused
PORT_GPCLR_GPWD_MASK 0000FFFF

Symbol: PORT_GPCLR_GPWD_MASK
   Definitions
      At line 1916 in file ..\lab8\MKL05Z4.s



ARM Macro Assembler    Page 126 Alphabetic symbol ordering
Absolute symbols

   Uses
      None
Comment: PORT_GPCLR_GPWD_MASK unused
PORT_GPCLR_GPWD_SHIFT 00000000

Symbol: PORT_GPCLR_GPWD_SHIFT
   Definitions
      At line 1917 in file ..\lab8\MKL05Z4.s
   Uses
      None
Comment: PORT_GPCLR_GPWD_SHIFT unused
PORT_GPCLR_GPWE_MASK FFFF0000

Symbol: PORT_GPCLR_GPWE_MASK
   Definitions
      At line 1914 in file ..\lab8\MKL05Z4.s
   Uses
      None
Comment: PORT_GPCLR_GPWE_MASK unused
PORT_GPCLR_GPWE_SHIFT 00000010

Symbol: PORT_GPCLR_GPWE_SHIFT
   Definitions
      At line 1915 in file ..\lab8\MKL05Z4.s
   Uses
      None
Comment: PORT_GPCLR_GPWE_SHIFT unused
PORT_ISFR_ISF_MASK FFFFFFFF

Symbol: PORT_ISFR_ISF_MASK
   Definitions
      At line 1943 in file ..\lab8\MKL05Z4.s
   Uses
      None
Comment: PORT_ISFR_ISF_MASK unused
PORT_ISFR_ISF_SHIFT 00000000

Symbol: PORT_ISFR_ISF_SHIFT
   Definitions
      At line 1944 in file ..\lab8\MKL05Z4.s
   Uses
      None
Comment: PORT_ISFR_ISF_SHIFT unused
PORT_PCR_DSE_MASK 00000040

Symbol: PORT_PCR_DSE_MASK
   Definitions
      At line 1888 in file ..\lab8\MKL05Z4.s
   Uses
      None
Comment: PORT_PCR_DSE_MASK unused
PORT_PCR_DSE_SHIFT 00000006

Symbol: PORT_PCR_DSE_SHIFT
   Definitions
      At line 1889 in file ..\lab8\MKL05Z4.s
   Uses
      None
Comment: PORT_PCR_DSE_SHIFT unused



ARM Macro Assembler    Page 127 Alphabetic symbol ordering
Absolute symbols

PORT_PCR_IRCQ_MASK 000F0000

Symbol: PORT_PCR_IRCQ_MASK
   Definitions
      At line 1884 in file ..\lab8\MKL05Z4.s
   Uses
      None
Comment: PORT_PCR_IRCQ_MASK unused
PORT_PCR_IRCQ_SHIFT 00000010

Symbol: PORT_PCR_IRCQ_SHIFT
   Definitions
      At line 1885 in file ..\lab8\MKL05Z4.s
   Uses
      None
Comment: PORT_PCR_IRCQ_SHIFT unused
PORT_PCR_ISF_MASK 01000000

Symbol: PORT_PCR_ISF_MASK
   Definitions
      At line 1882 in file ..\lab8\MKL05Z4.s
   Uses
      At line 71 in file ..\lab8\Start.s
      At line 73 in file ..\lab8\Start.s

PORT_PCR_ISF_SHIFT 00000018

Symbol: PORT_PCR_ISF_SHIFT
   Definitions
      At line 1883 in file ..\lab8\MKL05Z4.s
   Uses
      None
Comment: PORT_PCR_ISF_SHIFT unused
PORT_PCR_MUX_MASK 00000700

Symbol: PORT_PCR_MUX_MASK
   Definitions
      At line 1886 in file ..\lab8\MKL05Z4.s
   Uses
      None
Comment: PORT_PCR_MUX_MASK unused
PORT_PCR_MUX_SELECT_0_MASK 00000000

Symbol: PORT_PCR_MUX_SELECT_0_MASK
   Definitions
      At line 1898 in file ..\lab8\MKL05Z4.s
   Uses
      At line 71 in file ..\lab8\Start.s
      At line 73 in file ..\lab8\Start.s

PORT_PCR_MUX_SELECT_1_MASK 00000100

Symbol: PORT_PCR_MUX_SELECT_1_MASK
   Definitions
      At line 1899 in file ..\lab8\MKL05Z4.s
   Uses
      None
Comment: PORT_PCR_MUX_SELECT_1_MASK unused
PORT_PCR_MUX_SELECT_2_MASK 00000200



ARM Macro Assembler    Page 128 Alphabetic symbol ordering
Absolute symbols


Symbol: PORT_PCR_MUX_SELECT_2_MASK
   Definitions
      At line 1900 in file ..\lab8\MKL05Z4.s
   Uses
      None
Comment: PORT_PCR_MUX_SELECT_2_MASK unused
PORT_PCR_MUX_SELECT_3_MASK 00000300

Symbol: PORT_PCR_MUX_SELECT_3_MASK
   Definitions
      At line 1901 in file ..\lab8\MKL05Z4.s
   Uses
      None
Comment: PORT_PCR_MUX_SELECT_3_MASK unused
PORT_PCR_MUX_SELECT_4_MASK 00000400

Symbol: PORT_PCR_MUX_SELECT_4_MASK
   Definitions
      At line 1902 in file ..\lab8\MKL05Z4.s
   Uses
      None
Comment: PORT_PCR_MUX_SELECT_4_MASK unused
PORT_PCR_MUX_SELECT_5_MASK 00000500

Symbol: PORT_PCR_MUX_SELECT_5_MASK
   Definitions
      At line 1903 in file ..\lab8\MKL05Z4.s
   Uses
      None
Comment: PORT_PCR_MUX_SELECT_5_MASK unused
PORT_PCR_MUX_SELECT_6_MASK 00000600

Symbol: PORT_PCR_MUX_SELECT_6_MASK
   Definitions
      At line 1904 in file ..\lab8\MKL05Z4.s
   Uses
      None
Comment: PORT_PCR_MUX_SELECT_6_MASK unused
PORT_PCR_MUX_SELECT_7_MASK 00000700

Symbol: PORT_PCR_MUX_SELECT_7_MASK
   Definitions
      At line 1905 in file ..\lab8\MKL05Z4.s
   Uses
      None
Comment: PORT_PCR_MUX_SELECT_7_MASK unused
PORT_PCR_MUX_SHIFT 00000008

Symbol: PORT_PCR_MUX_SHIFT
   Definitions
      At line 1887 in file ..\lab8\MKL05Z4.s
   Uses
      None
Comment: PORT_PCR_MUX_SHIFT unused
PORT_PCR_PE_MASK 00000002

Symbol: PORT_PCR_PE_MASK
   Definitions



ARM Macro Assembler    Page 129 Alphabetic symbol ordering
Absolute symbols

      At line 1894 in file ..\lab8\MKL05Z4.s
   Uses
      None
Comment: PORT_PCR_PE_MASK unused
PORT_PCR_PE_SHIFT 00000001

Symbol: PORT_PCR_PE_SHIFT
   Definitions
      At line 1895 in file ..\lab8\MKL05Z4.s
   Uses
      None
Comment: PORT_PCR_PE_SHIFT unused
PORT_PCR_PFE_MASK 00000010

Symbol: PORT_PCR_PFE_MASK
   Definitions
      At line 1890 in file ..\lab8\MKL05Z4.s
   Uses
      None
Comment: PORT_PCR_PFE_MASK unused
PORT_PCR_PFE_SHIFT 00000004

Symbol: PORT_PCR_PFE_SHIFT
   Definitions
      At line 1891 in file ..\lab8\MKL05Z4.s
   Uses
      None
Comment: PORT_PCR_PFE_SHIFT unused
PORT_PCR_PS_MASK 00000001

Symbol: PORT_PCR_PS_MASK
   Definitions
      At line 1896 in file ..\lab8\MKL05Z4.s
   Uses
      None
Comment: PORT_PCR_PS_MASK unused
PORT_PCR_PS_SHIFT 00000000

Symbol: PORT_PCR_PS_SHIFT
   Definitions
      At line 1897 in file ..\lab8\MKL05Z4.s
   Uses
      None
Comment: PORT_PCR_PS_SHIFT unused
PORT_PCR_SET_PTA3_EXTAL 01000000

Symbol: PORT_PCR_SET_PTA3_EXTAL
   Definitions
      At line 71 in file ..\lab8\Start.s
   Uses
      At line 207 in file ..\lab8\Start.s
Comment: PORT_PCR_SET_PTA3_EXTAL used once
PORT_PCR_SET_PTA4_XTAL 01000000

Symbol: PORT_PCR_SET_PTA4_XTAL
   Definitions
      At line 73 in file ..\lab8\Start.s
   Uses
      None



ARM Macro Assembler    Page 130 Alphabetic symbol ordering
Absolute symbols

Comment: PORT_PCR_SET_PTA4_XTAL unused
PORT_PCR_SRE_MASK 00000004

Symbol: PORT_PCR_SRE_MASK
   Definitions
      At line 1892 in file ..\lab8\MKL05Z4.s
   Uses
      None
Comment: PORT_PCR_SRE_MASK unused
PORT_PCR_SRE_SHIFT 00000002

Symbol: PORT_PCR_SRE_SHIFT
   Definitions
      At line 1893 in file ..\lab8\MKL05Z4.s
   Uses
      None
Comment: PORT_PCR_SRE_SHIFT unused
PRIMASK_PM_MASK 00000001

Symbol: PRIMASK_PM_MASK
   Definitions
      At line 72 in file ..\lab8\MKL05Z4.s
   Uses
      None
Comment: PRIMASK_PM_MASK unused
PRIMASK_PM_SHIFT 00000000

Symbol: PRIMASK_PM_SHIFT
   Definitions
      At line 73 in file ..\lab8\MKL05Z4.s
   Uses
      None
Comment: PRIMASK_PM_SHIFT unused
PSR_C_MASK 20000000

Symbol: PSR_C_MASK
   Definitions
      At line 129 in file ..\lab8\MKL05Z4.s
   Uses
      None
Comment: PSR_C_MASK unused
PSR_C_SHIFT 0000001D

Symbol: PSR_C_SHIFT
   Definitions
      At line 130 in file ..\lab8\MKL05Z4.s
   Uses
      None
Comment: PSR_C_SHIFT unused
PSR_EXCEPTION_MASK 0000003F

Symbol: PSR_EXCEPTION_MASK
   Definitions
      At line 135 in file ..\lab8\MKL05Z4.s
   Uses
      None
Comment: PSR_EXCEPTION_MASK unused
PSR_EXCEPTION_SHIFT 00000000




ARM Macro Assembler    Page 131 Alphabetic symbol ordering
Absolute symbols

Symbol: PSR_EXCEPTION_SHIFT
   Definitions
      At line 136 in file ..\lab8\MKL05Z4.s
   Uses
      None
Comment: PSR_EXCEPTION_SHIFT unused
PSR_N_MASK 80000000

Symbol: PSR_N_MASK
   Definitions
      At line 125 in file ..\lab8\MKL05Z4.s
   Uses
      None
Comment: PSR_N_MASK unused
PSR_N_SHIFT 0000001F

Symbol: PSR_N_SHIFT
   Definitions
      At line 126 in file ..\lab8\MKL05Z4.s
   Uses
      None
Comment: PSR_N_SHIFT unused
PSR_T_MASK 01000000

Symbol: PSR_T_MASK
   Definitions
      At line 133 in file ..\lab8\MKL05Z4.s
   Uses
      None
Comment: PSR_T_MASK unused
PSR_T_SHIFT 00000018

Symbol: PSR_T_SHIFT
   Definitions
      At line 134 in file ..\lab8\MKL05Z4.s
   Uses
      None
Comment: PSR_T_SHIFT unused
PSR_V_MASK 10000000

Symbol: PSR_V_MASK
   Definitions
      At line 131 in file ..\lab8\MKL05Z4.s
   Uses
      None
Comment: PSR_V_MASK unused
PSR_V_SHIFT 0000001C

Symbol: PSR_V_SHIFT
   Definitions
      At line 132 in file ..\lab8\MKL05Z4.s
   Uses
      None
Comment: PSR_V_SHIFT unused
PSR_Z_MASK 40000000

Symbol: PSR_Z_MASK
   Definitions
      At line 127 in file ..\lab8\MKL05Z4.s



ARM Macro Assembler    Page 132 Alphabetic symbol ordering
Absolute symbols

   Uses
      None
Comment: PSR_Z_MASK unused
PSR_Z_SHIFT 0000001E

Symbol: PSR_Z_SHIFT
   Definitions
      At line 128 in file ..\lab8\MKL05Z4.s
   Uses
      None
Comment: PSR_Z_SHIFT unused
PTA_BASE 400FF000

Symbol: PTA_BASE
   Definitions
      At line 1971 in file ..\lab8\MKL05Z4.s
   Uses
      At line 1972 in file ..\lab8\MKL05Z4.s
      At line 1973 in file ..\lab8\MKL05Z4.s
      At line 1974 in file ..\lab8\MKL05Z4.s
      At line 1975 in file ..\lab8\MKL05Z4.s
      At line 1976 in file ..\lab8\MKL05Z4.s
      At line 1977 in file ..\lab8\MKL05Z4.s

PTA_OFFSET 00000000

Symbol: PTA_OFFSET
   Definitions
      At line 1968 in file ..\lab8\MKL05Z4.s
   Uses
      None
Comment: PTA_OFFSET unused
PTA_PCOR 400FF008

Symbol: PTA_PCOR
   Definitions
      At line 1974 in file ..\lab8\MKL05Z4.s
   Uses
      None
Comment: PTA_PCOR unused
PTA_PDDR 400FF014

Symbol: PTA_PDDR
   Definitions
      At line 1977 in file ..\lab8\MKL05Z4.s
   Uses
      None
Comment: PTA_PDDR unused
PTA_PDIR 400FF010

Symbol: PTA_PDIR
   Definitions
      At line 1976 in file ..\lab8\MKL05Z4.s
   Uses
      None
Comment: PTA_PDIR unused
PTA_PDOR 400FF000

Symbol: PTA_PDOR



ARM Macro Assembler    Page 133 Alphabetic symbol ordering
Absolute symbols

   Definitions
      At line 1972 in file ..\lab8\MKL05Z4.s
   Uses
      None
Comment: PTA_PDOR unused
PTA_PSOR 400FF004

Symbol: PTA_PSOR
   Definitions
      At line 1973 in file ..\lab8\MKL05Z4.s
   Uses
      None
Comment: PTA_PSOR unused
PTA_PTOR 400FF00C

Symbol: PTA_PTOR
   Definitions
      At line 1975 in file ..\lab8\MKL05Z4.s
   Uses
      None
Comment: PTA_PTOR unused
PTB_BASE 400FF040

Symbol: PTB_BASE
   Definitions
      At line 1979 in file ..\lab8\MKL05Z4.s
   Uses
      At line 1980 in file ..\lab8\MKL05Z4.s
      At line 1981 in file ..\lab8\MKL05Z4.s
      At line 1982 in file ..\lab8\MKL05Z4.s
      At line 1983 in file ..\lab8\MKL05Z4.s
      At line 1984 in file ..\lab8\MKL05Z4.s
      At line 1985 in file ..\lab8\MKL05Z4.s

PTB_OFFSET 00000040

Symbol: PTB_OFFSET
   Definitions
      At line 1969 in file ..\lab8\MKL05Z4.s
   Uses
      None
Comment: PTB_OFFSET unused
PTB_PCOR 400FF048

Symbol: PTB_PCOR
   Definitions
      At line 1982 in file ..\lab8\MKL05Z4.s
   Uses
      None
Comment: PTB_PCOR unused
PTB_PDDR 400FF054

Symbol: PTB_PDDR
   Definitions
      At line 1985 in file ..\lab8\MKL05Z4.s
   Uses
      None
Comment: PTB_PDDR unused
PTB_PDIR 400FF050



ARM Macro Assembler    Page 134 Alphabetic symbol ordering
Absolute symbols


Symbol: PTB_PDIR
   Definitions
      At line 1984 in file ..\lab8\MKL05Z4.s
   Uses
      None
Comment: PTB_PDIR unused
PTB_PDOR 400FF040

Symbol: PTB_PDOR
   Definitions
      At line 1980 in file ..\lab8\MKL05Z4.s
   Uses
      None
Comment: PTB_PDOR unused
PTB_PSOR 400FF044

Symbol: PTB_PSOR
   Definitions
      At line 1981 in file ..\lab8\MKL05Z4.s
   Uses
      None
Comment: PTB_PSOR unused
PTB_PTOR 400FF04C

Symbol: PTB_PTOR
   Definitions
      At line 1983 in file ..\lab8\MKL05Z4.s
   Uses
      None
Comment: PTB_PTOR unused
PT_BASE 400FF000

Symbol: PT_BASE
   Definitions
      At line 1961 in file ..\lab8\MKL05Z4.s
   Uses
      None
Comment: PT_BASE unused
PT_PCOR_OFFSET 00000008

Symbol: PT_PCOR_OFFSET
   Definitions
      At line 1964 in file ..\lab8\MKL05Z4.s
   Uses
      At line 1974 in file ..\lab8\MKL05Z4.s
      At line 1982 in file ..\lab8\MKL05Z4.s

PT_PDDR_OFFSET 00000014

Symbol: PT_PDDR_OFFSET
   Definitions
      At line 1967 in file ..\lab8\MKL05Z4.s
   Uses
      At line 1977 in file ..\lab8\MKL05Z4.s
      At line 1985 in file ..\lab8\MKL05Z4.s

PT_PDIR_OFFSET 00000010




ARM Macro Assembler    Page 135 Alphabetic symbol ordering
Absolute symbols

Symbol: PT_PDIR_OFFSET
   Definitions
      At line 1966 in file ..\lab8\MKL05Z4.s
   Uses
      At line 1976 in file ..\lab8\MKL05Z4.s
      At line 1984 in file ..\lab8\MKL05Z4.s

PT_PDOR_OFFSET 00000000

Symbol: PT_PDOR_OFFSET
   Definitions
      At line 1962 in file ..\lab8\MKL05Z4.s
   Uses
      At line 1972 in file ..\lab8\MKL05Z4.s
      At line 1980 in file ..\lab8\MKL05Z4.s

PT_PSOR_OFFSET 00000004

Symbol: PT_PSOR_OFFSET
   Definitions
      At line 1963 in file ..\lab8\MKL05Z4.s
   Uses
      At line 1973 in file ..\lab8\MKL05Z4.s
      At line 1981 in file ..\lab8\MKL05Z4.s

PT_PTOR_OFFSET 0000000C

Symbol: PT_PTOR_OFFSET
   Definitions
      At line 1965 in file ..\lab8\MKL05Z4.s
   Uses
      At line 1975 in file ..\lab8\MKL05Z4.s
      At line 1983 in file ..\lab8\MKL05Z4.s

PendSV_IRQn FFFFFFFE

Symbol: PendSV_IRQn
   Definitions
      At line 152 in file ..\lab8\MKL05Z4.s
   Uses
      None
Comment: PendSV_IRQn unused
PendSV_Vector 0000000E

Symbol: PendSV_Vector
   Definitions
      At line 1556 in file ..\lab8\MKL05Z4.s
   Uses
      None
Comment: PendSV_Vector unused
RET_ADDR_T_MASK 00000001

Symbol: RET_ADDR_T_MASK
   Definitions
      At line 44 in file ..\lab8\MKL05Z4.s
   Uses
      None
Comment: RET_ADDR_T_MASK unused
RTC_IPR E000E414



ARM Macro Assembler    Page 136 Alphabetic symbol ordering
Absolute symbols


Symbol: RTC_IPR
   Definitions
      At line 1458 in file ..\lab8\MKL05Z4.s
   Uses
      None
Comment: RTC_IPR unused
RTC_IRQ_MASK 00100000

Symbol: RTC_IRQ_MASK
   Definitions
      At line 1528 in file ..\lab8\MKL05Z4.s
   Uses
      None
Comment: RTC_IRQ_MASK unused
RTC_IRQn 00000014

Symbol: RTC_IRQn
   Definitions
      At line 177 in file ..\lab8\MKL05Z4.s
   Uses
      At line 1528 in file ..\lab8\MKL05Z4.s
Comment: RTC_IRQn used once
RTC_PRI_POS 00000006

Symbol: RTC_PRI_POS
   Definitions
      At line 1494 in file ..\lab8\MKL05Z4.s
   Uses
      None
Comment: RTC_PRI_POS unused
RTC_Seconds_IPR E000E414

Symbol: RTC_Seconds_IPR
   Definitions
      At line 1459 in file ..\lab8\MKL05Z4.s
   Uses
      None
Comment: RTC_Seconds_IPR unused
RTC_Seconds_IRQ_MASK 00200000

Symbol: RTC_Seconds_IRQ_MASK
   Definitions
      At line 1529 in file ..\lab8\MKL05Z4.s
   Uses
      None
Comment: RTC_Seconds_IRQ_MASK unused
RTC_Seconds_IRQn 00000015

Symbol: RTC_Seconds_IRQn
   Definitions
      At line 178 in file ..\lab8\MKL05Z4.s
   Uses
      At line 1529 in file ..\lab8\MKL05Z4.s
Comment: RTC_Seconds_IRQn used once
RTC_Seconds_PRI_POS 0000000E

Symbol: RTC_Seconds_PRI_POS
   Definitions



ARM Macro Assembler    Page 137 Alphabetic symbol ordering
Absolute symbols

      At line 1495 in file ..\lab8\MKL05Z4.s
   Uses
      None
Comment: RTC_Seconds_PRI_POS unused
RTC_Seconds_Vector 00000025

Symbol: RTC_Seconds_Vector
   Definitions
      At line 1580 in file ..\lab8\MKL05Z4.s
   Uses
      None
Comment: RTC_Seconds_Vector unused
RTC_Vector 00000024

Symbol: RTC_Vector
   Definitions
      At line 1579 in file ..\lab8\MKL05Z4.s
   Uses
      None
Comment: RTC_Vector unused
Reserved04_Vector 00000004

Symbol: Reserved04_Vector
   Definitions
      At line 1546 in file ..\lab8\MKL05Z4.s
   Uses
      None
Comment: Reserved04_Vector unused
Reserved05_Vector 00000005

Symbol: Reserved05_Vector
   Definitions
      At line 1547 in file ..\lab8\MKL05Z4.s
   Uses
      None
Comment: Reserved05_Vector unused
Reserved06_Vector 00000006

Symbol: Reserved06_Vector
   Definitions
      At line 1548 in file ..\lab8\MKL05Z4.s
   Uses
      None
Comment: Reserved06_Vector unused
Reserved07_Vector 00000007

Symbol: Reserved07_Vector
   Definitions
      At line 1549 in file ..\lab8\MKL05Z4.s
   Uses
      None
Comment: Reserved07_Vector unused
Reserved08_Vector 00000008

Symbol: Reserved08_Vector
   Definitions
      At line 1550 in file ..\lab8\MKL05Z4.s
   Uses
      None



ARM Macro Assembler    Page 138 Alphabetic symbol ordering
Absolute symbols

Comment: Reserved08_Vector unused
Reserved09_Vector 00000009

Symbol: Reserved09_Vector
   Definitions
      At line 1551 in file ..\lab8\MKL05Z4.s
   Uses
      None
Comment: Reserved09_Vector unused
Reserved10_Vector 0000000A

Symbol: Reserved10_Vector
   Definitions
      At line 1552 in file ..\lab8\MKL05Z4.s
   Uses
      None
Comment: Reserved10_Vector unused
Reserved12_Vector 0000000C

Symbol: Reserved12_Vector
   Definitions
      At line 1554 in file ..\lab8\MKL05Z4.s
   Uses
      None
Comment: Reserved12_Vector unused
Reserved13_Vector 0000000D

Symbol: Reserved13_Vector
   Definitions
      At line 1555 in file ..\lab8\MKL05Z4.s
   Uses
      None
Comment: Reserved13_Vector unused
Reserved20_IPR E000E404

Symbol: Reserved20_IPR
   Definitions
      At line 1442 in file ..\lab8\MKL05Z4.s
   Uses
      None
Comment: Reserved20_IPR unused
Reserved20_IRQ_MASK 00000010

Symbol: Reserved20_IRQ_MASK
   Definitions
      At line 1512 in file ..\lab8\MKL05Z4.s
   Uses
      None
Comment: Reserved20_IRQ_MASK unused
Reserved20_IRQn 00000004

Symbol: Reserved20_IRQn
   Definitions
      At line 161 in file ..\lab8\MKL05Z4.s
   Uses
      At line 1512 in file ..\lab8\MKL05Z4.s
Comment: Reserved20_IRQn used once
Reserved20_PRI_POS 00000006




ARM Macro Assembler    Page 139 Alphabetic symbol ordering
Absolute symbols

Symbol: Reserved20_PRI_POS
   Definitions
      At line 1478 in file ..\lab8\MKL05Z4.s
   Uses
      None
Comment: Reserved20_PRI_POS unused
Reserved20_Vector 00000014

Symbol: Reserved20_Vector
   Definitions
      At line 1563 in file ..\lab8\MKL05Z4.s
   Uses
      None
Comment: Reserved20_Vector unused
Reserved25_IPR E000E408

Symbol: Reserved25_IPR
   Definitions
      At line 1447 in file ..\lab8\MKL05Z4.s
   Uses
      None
Comment: Reserved25_IPR unused
Reserved25_IRQ_MASK 00000200

Symbol: Reserved25_IRQ_MASK
   Definitions
      At line 1517 in file ..\lab8\MKL05Z4.s
   Uses
      None
Comment: Reserved25_IRQ_MASK unused
Reserved25_IRQn 00000009

Symbol: Reserved25_IRQn
   Definitions
      At line 166 in file ..\lab8\MKL05Z4.s
   Uses
      At line 1517 in file ..\lab8\MKL05Z4.s
Comment: Reserved25_IRQn used once
Reserved25_PRI_POS 0000000E

Symbol: Reserved25_PRI_POS
   Definitions
      At line 1483 in file ..\lab8\MKL05Z4.s
   Uses
      None
Comment: Reserved25_PRI_POS unused
Reserved25_Vector 00000019

Symbol: Reserved25_Vector
   Definitions
      At line 1568 in file ..\lab8\MKL05Z4.s
   Uses
      None
Comment: Reserved25_Vector unused
Reserved27_IPR E000E408

Symbol: Reserved27_IPR
   Definitions
      At line 1449 in file ..\lab8\MKL05Z4.s



ARM Macro Assembler    Page 140 Alphabetic symbol ordering
Absolute symbols

   Uses
      None
Comment: Reserved27_IPR unused
Reserved27_IRQ_MASK 00000800

Symbol: Reserved27_IRQ_MASK
   Definitions
      At line 1519 in file ..\lab8\MKL05Z4.s
   Uses
      None
Comment: Reserved27_IRQ_MASK unused
Reserved27_IRQn 0000000B

Symbol: Reserved27_IRQn
   Definitions
      At line 168 in file ..\lab8\MKL05Z4.s
   Uses
      At line 1519 in file ..\lab8\MKL05Z4.s
Comment: Reserved27_IRQn used once
Reserved27_PRI_POS 0000001E

Symbol: Reserved27_PRI_POS
   Definitions
      At line 1485 in file ..\lab8\MKL05Z4.s
   Uses
      None
Comment: Reserved27_PRI_POS unused
Reserved27_Vector 0000001B

Symbol: Reserved27_Vector
   Definitions
      At line 1570 in file ..\lab8\MKL05Z4.s
   Uses
      None
Comment: Reserved27_Vector unused
Reserved29_IPR E000E40C

Symbol: Reserved29_IPR
   Definitions
      At line 1451 in file ..\lab8\MKL05Z4.s
   Uses
      None
Comment: Reserved29_IPR unused
Reserved29_IRQ_MASK 00002000

Symbol: Reserved29_IRQ_MASK
   Definitions
      At line 1521 in file ..\lab8\MKL05Z4.s
   Uses
      None
Comment: Reserved29_IRQ_MASK unused
Reserved29_IRQn 0000000D

Symbol: Reserved29_IRQn
   Definitions
      At line 170 in file ..\lab8\MKL05Z4.s
   Uses
      At line 1521 in file ..\lab8\MKL05Z4.s
Comment: Reserved29_IRQn used once



ARM Macro Assembler    Page 141 Alphabetic symbol ordering
Absolute symbols

Reserved29_PRI_POS 0000000E

Symbol: Reserved29_PRI_POS
   Definitions
      At line 1487 in file ..\lab8\MKL05Z4.s
   Uses
      None
Comment: Reserved29_PRI_POS unused
Reserved29_Vector 0000001D

Symbol: Reserved29_Vector
   Definitions
      At line 1572 in file ..\lab8\MKL05Z4.s
   Uses
      None
Comment: Reserved29_Vector unused
Reserved30_IPR E000E40C

Symbol: Reserved30_IPR
   Definitions
      At line 1452 in file ..\lab8\MKL05Z4.s
   Uses
      None
Comment: Reserved30_IPR unused
Reserved30_IRQ_MASK 00004000

Symbol: Reserved30_IRQ_MASK
   Definitions
      At line 1522 in file ..\lab8\MKL05Z4.s
   Uses
      None
Comment: Reserved30_IRQ_MASK unused
Reserved30_IRQn 0000000E

Symbol: Reserved30_IRQn
   Definitions
      At line 171 in file ..\lab8\MKL05Z4.s
   Uses
      At line 1522 in file ..\lab8\MKL05Z4.s
Comment: Reserved30_IRQn used once
Reserved30_PRI_POS 00000016

Symbol: Reserved30_PRI_POS
   Definitions
      At line 1488 in file ..\lab8\MKL05Z4.s
   Uses
      None
Comment: Reserved30_PRI_POS unused
Reserved30_Vector 0000001E

Symbol: Reserved30_Vector
   Definitions
      At line 1573 in file ..\lab8\MKL05Z4.s
   Uses
      None
Comment: Reserved30_Vector unused
Reserved35_IPR E000E410

Symbol: Reserved35_IPR



ARM Macro Assembler    Page 142 Alphabetic symbol ordering
Absolute symbols

   Definitions
      At line 1457 in file ..\lab8\MKL05Z4.s
   Uses
      None
Comment: Reserved35_IPR unused
Reserved35_IRQ_MASK 00080000

Symbol: Reserved35_IRQ_MASK
   Definitions
      At line 1527 in file ..\lab8\MKL05Z4.s
   Uses
      None
Comment: Reserved35_IRQ_MASK unused
Reserved35_IRQn 00000013

Symbol: Reserved35_IRQn
   Definitions
      At line 176 in file ..\lab8\MKL05Z4.s
   Uses
      At line 1527 in file ..\lab8\MKL05Z4.s
Comment: Reserved35_IRQn used once
Reserved35_PRI_POS 0000001E

Symbol: Reserved35_PRI_POS
   Definitions
      At line 1493 in file ..\lab8\MKL05Z4.s
   Uses
      None
Comment: Reserved35_PRI_POS unused
Reserved35_Vector 00000023

Symbol: Reserved35_Vector
   Definitions
      At line 1578 in file ..\lab8\MKL05Z4.s
   Uses
      None
Comment: Reserved35_Vector unused
Reserved39_IPR E000E414

Symbol: Reserved39_IPR
   Definitions
      At line 1461 in file ..\lab8\MKL05Z4.s
   Uses
      None
Comment: Reserved39_IPR unused
Reserved39_IRQ_MASK 00800000

Symbol: Reserved39_IRQ_MASK
   Definitions
      At line 1531 in file ..\lab8\MKL05Z4.s
   Uses
      None
Comment: Reserved39_IRQ_MASK unused
Reserved39_IRQn 00000017

Symbol: Reserved39_IRQn
   Definitions
      At line 180 in file ..\lab8\MKL05Z4.s
   Uses



ARM Macro Assembler    Page 143 Alphabetic symbol ordering
Absolute symbols

      At line 1531 in file ..\lab8\MKL05Z4.s
Comment: Reserved39_IRQn used once
Reserved39_PRI_POS 0000001E

Symbol: Reserved39_PRI_POS
   Definitions
      At line 1497 in file ..\lab8\MKL05Z4.s
   Uses
      None
Comment: Reserved39_PRI_POS unused
Reserved39_Vector 00000027

Symbol: Reserved39_Vector
   Definitions
      At line 1582 in file ..\lab8\MKL05Z4.s
   Uses
      None
Comment: Reserved39_Vector unused
Reserved40_IPR E000E418

Symbol: Reserved40_IPR
   Definitions
      At line 1462 in file ..\lab8\MKL05Z4.s
   Uses
      None
Comment: Reserved40_IPR unused
Reserved40_IRQ_MASK 01000000

Symbol: Reserved40_IRQ_MASK
   Definitions
      At line 1532 in file ..\lab8\MKL05Z4.s
   Uses
      None
Comment: Reserved40_IRQ_MASK unused
Reserved40_IRQn 00000018

Symbol: Reserved40_IRQn
   Definitions
      At line 181 in file ..\lab8\MKL05Z4.s
   Uses
      At line 1532 in file ..\lab8\MKL05Z4.s
Comment: Reserved40_IRQn used once
Reserved40_PRI_POS 00000006

Symbol: Reserved40_PRI_POS
   Definitions
      At line 1498 in file ..\lab8\MKL05Z4.s
   Uses
      None
Comment: Reserved40_PRI_POS unused
Reserved40_Vector 00000028

Symbol: Reserved40_Vector
   Definitions
      At line 1583 in file ..\lab8\MKL05Z4.s
   Uses
      None
Comment: Reserved40_Vector unused
Reserved45_IPR E000E41C



ARM Macro Assembler    Page 144 Alphabetic symbol ordering
Absolute symbols


Symbol: Reserved45_IPR
   Definitions
      At line 1467 in file ..\lab8\MKL05Z4.s
   Uses
      None
Comment: Reserved45_IPR unused
Reserved45_IRQ_MASK 20000000

Symbol: Reserved45_IRQ_MASK
   Definitions
      At line 1537 in file ..\lab8\MKL05Z4.s
   Uses
      None
Comment: Reserved45_IRQ_MASK unused
Reserved45_IRQn 0000001D

Symbol: Reserved45_IRQn
   Definitions
      At line 186 in file ..\lab8\MKL05Z4.s
   Uses
      At line 1537 in file ..\lab8\MKL05Z4.s
Comment: Reserved45_IRQn used once
Reserved45_PRI_POS 0000000E

Symbol: Reserved45_PRI_POS
   Definitions
      At line 1503 in file ..\lab8\MKL05Z4.s
   Uses
      None
Comment: Reserved45_PRI_POS unused
Reserved45_Vector 0000002D

Symbol: Reserved45_Vector
   Definitions
      At line 1588 in file ..\lab8\MKL05Z4.s
   Uses
      None
Comment: Reserved45_Vector unused
Reset_Vector 00000001

Symbol: Reset_Vector
   Definitions
      At line 1543 in file ..\lab8\MKL05Z4.s
   Uses
      None
Comment: Reset_Vector unused
SIM_BASE 40047000

Symbol: SIM_BASE
   Definitions
      At line 1991 in file ..\lab8\MKL05Z4.s
   Uses
      At line 2011 in file ..\lab8\MKL05Z4.s
      At line 2012 in file ..\lab8\MKL05Z4.s
      At line 2013 in file ..\lab8\MKL05Z4.s
      At line 2014 in file ..\lab8\MKL05Z4.s
      At line 2015 in file ..\lab8\MKL05Z4.s
      At line 2016 in file ..\lab8\MKL05Z4.s



ARM Macro Assembler    Page 145 Alphabetic symbol ordering
Absolute symbols

      At line 2017 in file ..\lab8\MKL05Z4.s
      At line 2018 in file ..\lab8\MKL05Z4.s
      At line 2019 in file ..\lab8\MKL05Z4.s
      At line 2020 in file ..\lab8\MKL05Z4.s
      At line 2021 in file ..\lab8\MKL05Z4.s
      At line 2022 in file ..\lab8\MKL05Z4.s
      At line 2023 in file ..\lab8\MKL05Z4.s
      At line 2024 in file ..\lab8\MKL05Z4.s
      At line 2025 in file ..\lab8\MKL05Z4.s
      At line 2026 in file ..\lab8\MKL05Z4.s
      At line 2027 in file ..\lab8\MKL05Z4.s
      At line 2028 in file ..\lab8\MKL05Z4.s
      At line 2029 in file ..\lab8\MKL05Z4.s

SIM_CLKDIV1 40048044

Symbol: SIM_CLKDIV1
   Definitions
      At line 2011 in file ..\lab8\MKL05Z4.s
   Uses
      At line 215 in file ..\lab8\Start.s
Comment: SIM_CLKDIV1 used once
SIM_CLKDIV1_COREDIV1_BUSDIV2 00010000

Symbol: SIM_CLKDIV1_COREDIV1_BUSDIV2
   Definitions
      At line 93 in file ..\lab8\Start.s
   Uses
      At line 216 in file ..\lab8\Start.s
Comment: SIM_CLKDIV1_COREDIV1_BUSDIV2 used once
SIM_CLKDIV1_OFFSET 00001044

Symbol: SIM_CLKDIV1_OFFSET
   Definitions
      At line 2003 in file ..\lab8\MKL05Z4.s
   Uses
      At line 2011 in file ..\lab8\MKL05Z4.s
Comment: SIM_CLKDIV1_OFFSET used once
SIM_CLKDIV1_OUTDIV1_MASK F0000000

Symbol: SIM_CLKDIV1_OUTDIV1_MASK
   Definitions
      At line 2042 in file ..\lab8\MKL05Z4.s
   Uses
      None
Comment: SIM_CLKDIV1_OUTDIV1_MASK unused
SIM_CLKDIV1_OUTDIV1_SHIFT 0000001C

Symbol: SIM_CLKDIV1_OUTDIV1_SHIFT
   Definitions
      At line 2043 in file ..\lab8\MKL05Z4.s
   Uses
      None
Comment: SIM_CLKDIV1_OUTDIV1_SHIFT unused
SIM_CLKDIV1_OUTDIV4_MASK 00070000

Symbol: SIM_CLKDIV1_OUTDIV4_MASK
   Definitions
      At line 2044 in file ..\lab8\MKL05Z4.s



ARM Macro Assembler    Page 146 Alphabetic symbol ordering
Absolute symbols

   Uses
      None
Comment: SIM_CLKDIV1_OUTDIV4_MASK unused
SIM_CLKDIV1_OUTDIV4_SHIFT 00000010

Symbol: SIM_CLKDIV1_OUTDIV4_SHIFT
   Definitions
      At line 2045 in file ..\lab8\MKL05Z4.s
   Uses
      At line 93 in file ..\lab8\Start.s
Comment: SIM_CLKDIV1_OUTDIV4_SHIFT used once
SIM_COPC 40048100

Symbol: SIM_COPC
   Definitions
      At line 2012 in file ..\lab8\MKL05Z4.s
   Uses
      At line 144 in file ..\lab8\Start.s
Comment: SIM_COPC used once
SIM_COPC_COP_DISABLED 00000000

Symbol: SIM_COPC_COP_DISABLED
   Definitions
      At line 99 in file ..\lab8\Start.s
   Uses
      At line 145 in file ..\lab8\Start.s
Comment: SIM_COPC_COP_DISABLED used once
SIM_COPC_OFFSET 00001100

Symbol: SIM_COPC_OFFSET
   Definitions
      At line 2009 in file ..\lab8\MKL05Z4.s
   Uses
      At line 2012 in file ..\lab8\MKL05Z4.s
Comment: SIM_COPC_OFFSET used once
SIM_FCFG1 4004804C

Symbol: SIM_FCFG1
   Definitions
      At line 2013 in file ..\lab8\MKL05Z4.s
   Uses
      None
Comment: SIM_FCFG1 unused
SIM_FCFG1_OFFSET 0000104C

Symbol: SIM_FCFG1_OFFSET
   Definitions
      At line 2004 in file ..\lab8\MKL05Z4.s
   Uses
      At line 2013 in file ..\lab8\MKL05Z4.s
Comment: SIM_FCFG1_OFFSET used once
SIM_FCFG2 40048050

Symbol: SIM_FCFG2
   Definitions
      At line 2014 in file ..\lab8\MKL05Z4.s
   Uses
      None
Comment: SIM_FCFG2 unused



ARM Macro Assembler    Page 147 Alphabetic symbol ordering
Absolute symbols

SIM_FCFG2_OFFSET 00001050

Symbol: SIM_FCFG2_OFFSET
   Definitions
      At line 2005 in file ..\lab8\MKL05Z4.s
   Uses
      At line 2014 in file ..\lab8\MKL05Z4.s
Comment: SIM_FCFG2_OFFSET used once
SIM_SCGC4 40048034

Symbol: SIM_SCGC4
   Definitions
      At line 2015 in file ..\lab8\MKL05Z4.s
   Uses
      None
Comment: SIM_SCGC4 unused
SIM_SCGC4_CMP_MASK 00080000

Symbol: SIM_SCGC4_CMP_MASK
   Definitions
      At line 2085 in file ..\lab8\MKL05Z4.s
   Uses
      None
Comment: SIM_SCGC4_CMP_MASK unused
SIM_SCGC4_CMP_SHIFT 00000013

Symbol: SIM_SCGC4_CMP_SHIFT
   Definitions
      At line 2086 in file ..\lab8\MKL05Z4.s
   Uses
      None
Comment: SIM_SCGC4_CMP_SHIFT unused
SIM_SCGC4_I2C0_MASK 00000040

Symbol: SIM_SCGC4_I2C0_MASK
   Definitions
      At line 2089 in file ..\lab8\MKL05Z4.s
   Uses
      None
Comment: SIM_SCGC4_I2C0_MASK unused
SIM_SCGC4_I2C0_SHIFT 00000006

Symbol: SIM_SCGC4_I2C0_SHIFT
   Definitions
      At line 2090 in file ..\lab8\MKL05Z4.s
   Uses
      None
Comment: SIM_SCGC4_I2C0_SHIFT unused
SIM_SCGC4_OFFSET 00001034

Symbol: SIM_SCGC4_OFFSET
   Definitions
      At line 1999 in file ..\lab8\MKL05Z4.s
   Uses
      At line 2015 in file ..\lab8\MKL05Z4.s
Comment: SIM_SCGC4_OFFSET used once
SIM_SCGC4_SPI0_MASK 00400000

Symbol: SIM_SCGC4_SPI0_MASK



ARM Macro Assembler    Page 148 Alphabetic symbol ordering
Absolute symbols

   Definitions
      At line 2083 in file ..\lab8\MKL05Z4.s
   Uses
      None
Comment: SIM_SCGC4_SPI0_MASK unused
SIM_SCGC4_SPI0_SHIFT 00000016

Symbol: SIM_SCGC4_SPI0_SHIFT
   Definitions
      At line 2084 in file ..\lab8\MKL05Z4.s
   Uses
      None
Comment: SIM_SCGC4_SPI0_SHIFT unused
SIM_SCGC4_UART0_MASK 00000400

Symbol: SIM_SCGC4_UART0_MASK
   Definitions
      At line 2087 in file ..\lab8\MKL05Z4.s
   Uses
      None
Comment: SIM_SCGC4_UART0_MASK unused
SIM_SCGC4_UART0_SHIFT 0000000A

Symbol: SIM_SCGC4_UART0_SHIFT
   Definitions
      At line 2088 in file ..\lab8\MKL05Z4.s
   Uses
      None
Comment: SIM_SCGC4_UART0_SHIFT unused
SIM_SCGC5 40048038

Symbol: SIM_SCGC5
   Definitions
      At line 2016 in file ..\lab8\MKL05Z4.s
   Uses
      At line 200 in file ..\lab8\Start.s
Comment: SIM_SCGC5 used once
SIM_SCGC5_LPTMR_MASK 00000001

Symbol: SIM_SCGC5_LPTMR_MASK
   Definitions
      At line 2113 in file ..\lab8\MKL05Z4.s
   Uses
      None
Comment: SIM_SCGC5_LPTMR_MASK unused
SIM_SCGC5_LPTMR_SHIFT 00000000

Symbol: SIM_SCGC5_LPTMR_SHIFT
   Definitions
      At line 2114 in file ..\lab8\MKL05Z4.s
   Uses
      None
Comment: SIM_SCGC5_LPTMR_SHIFT unused
SIM_SCGC5_OFFSET 00001038

Symbol: SIM_SCGC5_OFFSET
   Definitions
      At line 2000 in file ..\lab8\MKL05Z4.s
   Uses



ARM Macro Assembler    Page 149 Alphabetic symbol ordering
Absolute symbols

      At line 2016 in file ..\lab8\MKL05Z4.s
Comment: SIM_SCGC5_OFFSET used once
SIM_SCGC5_PORTA_MASK 00000200

Symbol: SIM_SCGC5_PORTA_MASK
   Definitions
      At line 2109 in file ..\lab8\MKL05Z4.s
   Uses
      At line 201 in file ..\lab8\Start.s
Comment: SIM_SCGC5_PORTA_MASK used once
SIM_SCGC5_PORTA_SHIFT 00000009

Symbol: SIM_SCGC5_PORTA_SHIFT
   Definitions
      At line 2110 in file ..\lab8\MKL05Z4.s
   Uses
      None
Comment: SIM_SCGC5_PORTA_SHIFT unused
SIM_SCGC5_PORTB_MASK 00000400

Symbol: SIM_SCGC5_PORTB_MASK
   Definitions
      At line 2107 in file ..\lab8\MKL05Z4.s
   Uses
      None
Comment: SIM_SCGC5_PORTB_MASK unused
SIM_SCGC5_PORTB_SHIFT 0000000A

Symbol: SIM_SCGC5_PORTB_SHIFT
   Definitions
      At line 2108 in file ..\lab8\MKL05Z4.s
   Uses
      None
Comment: SIM_SCGC5_PORTB_SHIFT unused
SIM_SCGC5_TSI_MASK 00000020

Symbol: SIM_SCGC5_TSI_MASK
   Definitions
      At line 2111 in file ..\lab8\MKL05Z4.s
   Uses
      None
Comment: SIM_SCGC5_TSI_MASK unused
SIM_SCGC5_TSI_SHIFT 00000005

Symbol: SIM_SCGC5_TSI_SHIFT
   Definitions
      At line 2112 in file ..\lab8\MKL05Z4.s
   Uses
      None
Comment: SIM_SCGC5_TSI_SHIFT unused
SIM_SCGC6 4004803C

Symbol: SIM_SCGC6
   Definitions
      At line 2017 in file ..\lab8\MKL05Z4.s
   Uses
      None
Comment: SIM_SCGC6 unused
SIM_SCGC6_ADC0_MASK 08000000



ARM Macro Assembler    Page 150 Alphabetic symbol ordering
Absolute symbols


Symbol: SIM_SCGC6_ADC0_MASK
   Definitions
      At line 2135 in file ..\lab8\MKL05Z4.s
   Uses
      None
Comment: SIM_SCGC6_ADC0_MASK unused
SIM_SCGC6_ADC0_SHIFT 0000001B

Symbol: SIM_SCGC6_ADC0_SHIFT
   Definitions
      At line 2136 in file ..\lab8\MKL05Z4.s
   Uses
      None
Comment: SIM_SCGC6_ADC0_SHIFT unused
SIM_SCGC6_DAC0_MASK 80000000

Symbol: SIM_SCGC6_DAC0_MASK
   Definitions
      At line 2131 in file ..\lab8\MKL05Z4.s
   Uses
      None
Comment: SIM_SCGC6_DAC0_MASK unused
SIM_SCGC6_DAC0_SHIFT 0000001F

Symbol: SIM_SCGC6_DAC0_SHIFT
   Definitions
      At line 2132 in file ..\lab8\MKL05Z4.s
   Uses
      None
Comment: SIM_SCGC6_DAC0_SHIFT unused
SIM_SCGC6_DMAMUX_MASK 00000002

Symbol: SIM_SCGC6_DMAMUX_MASK
   Definitions
      At line 2143 in file ..\lab8\MKL05Z4.s
   Uses
      None
Comment: SIM_SCGC6_DMAMUX_MASK unused
SIM_SCGC6_DMAMUX_SHIFT 00000001

Symbol: SIM_SCGC6_DMAMUX_SHIFT
   Definitions
      At line 2144 in file ..\lab8\MKL05Z4.s
   Uses
      None
Comment: SIM_SCGC6_DMAMUX_SHIFT unused
SIM_SCGC6_FTF_MASK 00000001

Symbol: SIM_SCGC6_FTF_MASK
   Definitions
      At line 2145 in file ..\lab8\MKL05Z4.s
   Uses
      None
Comment: SIM_SCGC6_FTF_MASK unused
SIM_SCGC6_FTF_SHIFT 00000000

Symbol: SIM_SCGC6_FTF_SHIFT
   Definitions



ARM Macro Assembler    Page 151 Alphabetic symbol ordering
Absolute symbols

      At line 2146 in file ..\lab8\MKL05Z4.s
   Uses
      None
Comment: SIM_SCGC6_FTF_SHIFT unused
SIM_SCGC6_OFFSET 0000103C

Symbol: SIM_SCGC6_OFFSET
   Definitions
      At line 2001 in file ..\lab8\MKL05Z4.s
   Uses
      At line 2017 in file ..\lab8\MKL05Z4.s
Comment: SIM_SCGC6_OFFSET used once
SIM_SCGC6_PIT_MASK 00800000

Symbol: SIM_SCGC6_PIT_MASK
   Definitions
      At line 2141 in file ..\lab8\MKL05Z4.s
   Uses
      None
Comment: SIM_SCGC6_PIT_MASK unused
SIM_SCGC6_PIT_SHIFT 00000017

Symbol: SIM_SCGC6_PIT_SHIFT
   Definitions
      At line 2142 in file ..\lab8\MKL05Z4.s
   Uses
      None
Comment: SIM_SCGC6_PIT_SHIFT unused
SIM_SCGC6_RTC_MASK 20000000

Symbol: SIM_SCGC6_RTC_MASK
   Definitions
      At line 2133 in file ..\lab8\MKL05Z4.s
   Uses
      None
Comment: SIM_SCGC6_RTC_MASK unused
SIM_SCGC6_RTC_SHIFT 0000001D

Symbol: SIM_SCGC6_RTC_SHIFT
   Definitions
      At line 2134 in file ..\lab8\MKL05Z4.s
   Uses
      None
Comment: SIM_SCGC6_RTC_SHIFT unused
SIM_SCGC6_TPM0_MASK 01000000

Symbol: SIM_SCGC6_TPM0_MASK
   Definitions
      At line 2139 in file ..\lab8\MKL05Z4.s
   Uses
      None
Comment: SIM_SCGC6_TPM0_MASK unused
SIM_SCGC6_TPM0_SHIFT 00000018

Symbol: SIM_SCGC6_TPM0_SHIFT
   Definitions
      At line 2140 in file ..\lab8\MKL05Z4.s
   Uses
      None



ARM Macro Assembler    Page 152 Alphabetic symbol ordering
Absolute symbols

Comment: SIM_SCGC6_TPM0_SHIFT unused
SIM_SCGC6_TPM1_MASK 02000000

Symbol: SIM_SCGC6_TPM1_MASK
   Definitions
      At line 2137 in file ..\lab8\MKL05Z4.s
   Uses
      None
Comment: SIM_SCGC6_TPM1_MASK unused
SIM_SCGC6_TPM1_SHIFT 00000019

Symbol: SIM_SCGC6_TPM1_SHIFT
   Definitions
      At line 2138 in file ..\lab8\MKL05Z4.s
   Uses
      None
Comment: SIM_SCGC6_TPM1_SHIFT unused
SIM_SCGC7 40048040

Symbol: SIM_SCGC7
   Definitions
      At line 2018 in file ..\lab8\MKL05Z4.s
   Uses
      None
Comment: SIM_SCGC7 unused
SIM_SCGC7_OFFSET 00001040

Symbol: SIM_SCGC7_OFFSET
   Definitions
      At line 2002 in file ..\lab8\MKL05Z4.s
   Uses
      At line 2018 in file ..\lab8\MKL05Z4.s
Comment: SIM_SCGC7_OFFSET used once
SIM_SDID 40048024

Symbol: SIM_SDID
   Definitions
      At line 2019 in file ..\lab8\MKL05Z4.s
   Uses
      None
Comment: SIM_SDID unused
SIM_SDID_OFFSET 00001024

Symbol: SIM_SDID_OFFSET
   Definitions
      At line 1998 in file ..\lab8\MKL05Z4.s
   Uses
      At line 2019 in file ..\lab8\MKL05Z4.s
Comment: SIM_SDID_OFFSET used once
SIM_SOPT1 40047000

Symbol: SIM_SOPT1
   Definitions
      At line 2020 in file ..\lab8\MKL05Z4.s
   Uses
      None
Comment: SIM_SOPT1 unused
SIM_SOPT1CFG 40047004




ARM Macro Assembler    Page 153 Alphabetic symbol ordering
Absolute symbols

Symbol: SIM_SOPT1CFG
   Definitions
      At line 2021 in file ..\lab8\MKL05Z4.s
   Uses
      None
Comment: SIM_SOPT1CFG unused
SIM_SOPT1CFG_OFFSET 00000004

Symbol: SIM_SOPT1CFG_OFFSET
   Definitions
      At line 1993 in file ..\lab8\MKL05Z4.s
   Uses
      At line 2021 in file ..\lab8\MKL05Z4.s
Comment: SIM_SOPT1CFG_OFFSET used once
SIM_SOPT1_OFFSET 00000000

Symbol: SIM_SOPT1_OFFSET
   Definitions
      At line 1992 in file ..\lab8\MKL05Z4.s
   Uses
      At line 2020 in file ..\lab8\MKL05Z4.s
Comment: SIM_SOPT1_OFFSET used once
SIM_SOPT1_OSC32KSEL_MASK 000C0000

Symbol: SIM_SOPT1_OSC32KSEL_MASK
   Definitions
      At line 2161 in file ..\lab8\MKL05Z4.s
   Uses
      None
Comment: SIM_SOPT1_OSC32KSEL_MASK unused
SIM_SOPT1_OSC32KSEL_SHIFT 00000012

Symbol: SIM_SOPT1_OSC32KSEL_SHIFT
   Definitions
      At line 2162 in file ..\lab8\MKL05Z4.s
   Uses
      None
Comment: SIM_SOPT1_OSC32KSEL_SHIFT unused
SIM_SOPT2 40048004

Symbol: SIM_SOPT2
   Definitions
      At line 2022 in file ..\lab8\MKL05Z4.s
   Uses
      None
Comment: SIM_SOPT2 unused
SIM_SOPT2_CLKOUTSEL_MASK 000000E0

Symbol: SIM_SOPT2_CLKOUTSEL_MASK
   Definitions
      At line 2195 in file ..\lab8\MKL05Z4.s
   Uses
      None
Comment: SIM_SOPT2_CLKOUTSEL_MASK unused
SIM_SOPT2_CLKOUTSEL_SHIFT 00000005

Symbol: SIM_SOPT2_CLKOUTSEL_SHIFT
   Definitions
      At line 2196 in file ..\lab8\MKL05Z4.s



ARM Macro Assembler    Page 154 Alphabetic symbol ordering
Absolute symbols

   Uses
      None
Comment: SIM_SOPT2_CLKOUTSEL_SHIFT unused
SIM_SOPT2_OFFSET 00001004

Symbol: SIM_SOPT2_OFFSET
   Definitions
      At line 1994 in file ..\lab8\MKL05Z4.s
   Uses
      At line 2022 in file ..\lab8\MKL05Z4.s
Comment: SIM_SOPT2_OFFSET used once
SIM_SOPT2_RTCCLKOUTSEL_MASK 00000010

Symbol: SIM_SOPT2_RTCCLKOUTSEL_MASK
   Definitions
      At line 2197 in file ..\lab8\MKL05Z4.s
   Uses
      None
Comment: SIM_SOPT2_RTCCLKOUTSEL_MASK unused
SIM_SOPT2_RTCCLKOUTSEL_SHIFT 00000004

Symbol: SIM_SOPT2_RTCCLKOUTSEL_SHIFT
   Definitions
      At line 2198 in file ..\lab8\MKL05Z4.s
   Uses
      None
Comment: SIM_SOPT2_RTCCLKOUTSEL_SHIFT unused
SIM_SOPT2_TPMSRC_MASK 03000000

Symbol: SIM_SOPT2_TPMSRC_MASK
   Definitions
      At line 2193 in file ..\lab8\MKL05Z4.s
   Uses
      None
Comment: SIM_SOPT2_TPMSRC_MASK unused
SIM_SOPT2_TPMSRC_SHIFT 00000018

Symbol: SIM_SOPT2_TPMSRC_SHIFT
   Definitions
      At line 2194 in file ..\lab8\MKL05Z4.s
   Uses
      None
Comment: SIM_SOPT2_TPMSRC_SHIFT unused
SIM_SOPT2_UART0SRC_MASK 0C000000

Symbol: SIM_SOPT2_UART0SRC_MASK
   Definitions
      At line 2191 in file ..\lab8\MKL05Z4.s
   Uses
      None
Comment: SIM_SOPT2_UART0SRC_MASK unused
SIM_SOPT2_UART0SRC_SHIFT 0000001A

Symbol: SIM_SOPT2_UART0SRC_SHIFT
   Definitions
      At line 2192 in file ..\lab8\MKL05Z4.s
   Uses
      None
Comment: SIM_SOPT2_UART0SRC_SHIFT unused



ARM Macro Assembler    Page 155 Alphabetic symbol ordering
Absolute symbols

SIM_SOPT4 4004800C

Symbol: SIM_SOPT4
   Definitions
      At line 2023 in file ..\lab8\MKL05Z4.s
   Uses
      None
Comment: SIM_SOPT4 unused
SIM_SOPT4_OFFSET 0000100C

Symbol: SIM_SOPT4_OFFSET
   Definitions
      At line 1995 in file ..\lab8\MKL05Z4.s
   Uses
      At line 2023 in file ..\lab8\MKL05Z4.s
Comment: SIM_SOPT4_OFFSET used once
SIM_SOPT5 40048010

Symbol: SIM_SOPT5
   Definitions
      At line 2024 in file ..\lab8\MKL05Z4.s
   Uses
      None
Comment: SIM_SOPT5 unused
SIM_SOPT5_OFFSET 00001010

Symbol: SIM_SOPT5_OFFSET
   Definitions
      At line 1996 in file ..\lab8\MKL05Z4.s
   Uses
      At line 2024 in file ..\lab8\MKL05Z4.s
Comment: SIM_SOPT5_OFFSET used once
SIM_SOPT5_UART0ODE_MASK 00010000

Symbol: SIM_SOPT5_UART0ODE_MASK
   Definitions
      At line 2224 in file ..\lab8\MKL05Z4.s
   Uses
      None
Comment: SIM_SOPT5_UART0ODE_MASK unused
SIM_SOPT5_UART0ODE_SHIFT 00000010

Symbol: SIM_SOPT5_UART0ODE_SHIFT
   Definitions
      At line 2225 in file ..\lab8\MKL05Z4.s
   Uses
      None
Comment: SIM_SOPT5_UART0ODE_SHIFT unused
SIM_SOPT5_UART0RXSRC_MASK 00000004

Symbol: SIM_SOPT5_UART0RXSRC_MASK
   Definitions
      At line 2226 in file ..\lab8\MKL05Z4.s
   Uses
      None
Comment: SIM_SOPT5_UART0RXSRC_MASK unused
SIM_SOPT5_UART0RXSRC_SHIFT 00000002

Symbol: SIM_SOPT5_UART0RXSRC_SHIFT



ARM Macro Assembler    Page 156 Alphabetic symbol ordering
Absolute symbols

   Definitions
      At line 2227 in file ..\lab8\MKL05Z4.s
   Uses
      None
Comment: SIM_SOPT5_UART0RXSRC_SHIFT unused
SIM_SOPT5_UART0TXSRC_MASK 00000001

Symbol: SIM_SOPT5_UART0TXSRC_MASK
   Definitions
      At line 2228 in file ..\lab8\MKL05Z4.s
   Uses
      None
Comment: SIM_SOPT5_UART0TXSRC_MASK unused
SIM_SOPT5_UART0TXSRC_SHIFT 00000000

Symbol: SIM_SOPT5_UART0TXSRC_SHIFT
   Definitions
      At line 2229 in file ..\lab8\MKL05Z4.s
   Uses
      None
Comment: SIM_SOPT5_UART0TXSRC_SHIFT unused
SIM_SOPT7 40048018

Symbol: SIM_SOPT7
   Definitions
      At line 2025 in file ..\lab8\MKL05Z4.s
   Uses
      None
Comment: SIM_SOPT7 unused
SIM_SOPT7_OFFSET 00001018

Symbol: SIM_SOPT7_OFFSET
   Definitions
      At line 1997 in file ..\lab8\MKL05Z4.s
   Uses
      At line 2025 in file ..\lab8\MKL05Z4.s
Comment: SIM_SOPT7_OFFSET used once
SIM_SRVCOP 40048104

Symbol: SIM_SRVCOP
   Definitions
      At line 2026 in file ..\lab8\MKL05Z4.s
   Uses
      None
Comment: SIM_SRVCOP unused
SIM_SRVCOP_OFFSET 00001104

Symbol: SIM_SRVCOP_OFFSET
   Definitions
      At line 2010 in file ..\lab8\MKL05Z4.s
   Uses
      At line 2026 in file ..\lab8\MKL05Z4.s
Comment: SIM_SRVCOP_OFFSET used once
SIM_UIDL 40048060

Symbol: SIM_UIDL
   Definitions
      At line 2027 in file ..\lab8\MKL05Z4.s
   Uses



ARM Macro Assembler    Page 157 Alphabetic symbol ordering
Absolute symbols

      None
Comment: SIM_UIDL unused
SIM_UIDL_OFFSET 00001060

Symbol: SIM_UIDL_OFFSET
   Definitions
      At line 2008 in file ..\lab8\MKL05Z4.s
   Uses
      At line 2027 in file ..\lab8\MKL05Z4.s
Comment: SIM_UIDL_OFFSET used once
SIM_UIDMH 40048058

Symbol: SIM_UIDMH
   Definitions
      At line 2028 in file ..\lab8\MKL05Z4.s
   Uses
      None
Comment: SIM_UIDMH unused
SIM_UIDMH_OFFSET 00001058

Symbol: SIM_UIDMH_OFFSET
   Definitions
      At line 2006 in file ..\lab8\MKL05Z4.s
   Uses
      At line 2028 in file ..\lab8\MKL05Z4.s
Comment: SIM_UIDMH_OFFSET used once
SIM_UIDML 4004805C

Symbol: SIM_UIDML
   Definitions
      At line 2029 in file ..\lab8\MKL05Z4.s
   Uses
      None
Comment: SIM_UIDML unused
SIM_UIDML_OFFSET 0000105C

Symbol: SIM_UIDML_OFFSET
   Definitions
      At line 2007 in file ..\lab8\MKL05Z4.s
   Uses
      At line 2029 in file ..\lab8\MKL05Z4.s
Comment: SIM_UIDML_OFFSET used once
SPI0_IPR E000E408

Symbol: SPI0_IPR
   Definitions
      At line 1448 in file ..\lab8\MKL05Z4.s
   Uses
      None
Comment: SPI0_IPR unused
SPI0_IRQ_MASK 00000400

Symbol: SPI0_IRQ_MASK
   Definitions
      At line 1518 in file ..\lab8\MKL05Z4.s
   Uses
      None
Comment: SPI0_IRQ_MASK unused
SPI0_IRQn 0000000A



ARM Macro Assembler    Page 158 Alphabetic symbol ordering
Absolute symbols


Symbol: SPI0_IRQn
   Definitions
      At line 167 in file ..\lab8\MKL05Z4.s
   Uses
      At line 1518 in file ..\lab8\MKL05Z4.s
Comment: SPI0_IRQn used once
SPI0_PRI_POS 00000016

Symbol: SPI0_PRI_POS
   Definitions
      At line 1484 in file ..\lab8\MKL05Z4.s
   Uses
      None
Comment: SPI0_PRI_POS unused
SPI0_Vector 0000001A

Symbol: SPI0_Vector
   Definitions
      At line 1569 in file ..\lab8\MKL05Z4.s
   Uses
      None
Comment: SPI0_Vector unused
SSTACK_SIZE 00000100

Symbol: SSTACK_SIZE
   Definitions
      At line 327 in file ..\lab8\Start.s
   Uses
      At line 329 in file ..\lab8\Start.s
Comment: SSTACK_SIZE used once
SVCall_IRQn FFFFFFFB

Symbol: SVCall_IRQn
   Definitions
      At line 151 in file ..\lab8\MKL05Z4.s
   Uses
      None
Comment: SVCall_IRQn unused
SVCall_Vector 0000000B

Symbol: SVCall_Vector
   Definitions
      At line 1553 in file ..\lab8\MKL05Z4.s
   Uses
      None
Comment: SVCall_Vector unused
SysTick_IRQn FFFFFFFF

Symbol: SysTick_IRQn
   Definitions
      At line 154 in file ..\lab8\MKL05Z4.s
   Uses
      None
Comment: SysTick_IRQn unused
SysTick_Vector 0000000F

Symbol: SysTick_Vector
   Definitions



ARM Macro Assembler    Page 159 Alphabetic symbol ordering
Absolute symbols

      At line 1558 in file ..\lab8\MKL05Z4.s
   Uses
      None
Comment: SysTick_Vector unused
TPM0_BASE 40038000

Symbol: TPM0_BASE
   Definitions
      At line 2254 in file ..\lab8\MKL05Z4.s
   Uses
      At line 2256 in file ..\lab8\MKL05Z4.s
      At line 2257 in file ..\lab8\MKL05Z4.s
      At line 2258 in file ..\lab8\MKL05Z4.s
      At line 2259 in file ..\lab8\MKL05Z4.s
      At line 2260 in file ..\lab8\MKL05Z4.s
      At line 2261 in file ..\lab8\MKL05Z4.s
      At line 2262 in file ..\lab8\MKL05Z4.s
      At line 2263 in file ..\lab8\MKL05Z4.s
      At line 2264 in file ..\lab8\MKL05Z4.s
      At line 2265 in file ..\lab8\MKL05Z4.s
      At line 2266 in file ..\lab8\MKL05Z4.s
      At line 2267 in file ..\lab8\MKL05Z4.s
      At line 2268 in file ..\lab8\MKL05Z4.s
      At line 2269 in file ..\lab8\MKL05Z4.s
      At line 2270 in file ..\lab8\MKL05Z4.s
      At line 2273 in file ..\lab8\MKL05Z4.s
      At line 2275 in file ..\lab8\MKL05Z4.s

TPM0_C0SC 4003800C

Symbol: TPM0_C0SC
   Definitions
      At line 2259 in file ..\lab8\MKL05Z4.s
   Uses
      None
Comment: TPM0_C0SC unused
TPM0_C0V 40038010

Symbol: TPM0_C0V
   Definitions
      At line 2260 in file ..\lab8\MKL05Z4.s
   Uses
      None
Comment: TPM0_C0V unused
TPM0_C1SC 40038014

Symbol: TPM0_C1SC
   Definitions
      At line 2261 in file ..\lab8\MKL05Z4.s
   Uses
      None
Comment: TPM0_C1SC unused
TPM0_C1V 40038018

Symbol: TPM0_C1V
   Definitions
      At line 2262 in file ..\lab8\MKL05Z4.s
   Uses
      None



ARM Macro Assembler    Page 160 Alphabetic symbol ordering
Absolute symbols

Comment: TPM0_C1V unused
TPM0_C2SC 4003801C

Symbol: TPM0_C2SC
   Definitions
      At line 2263 in file ..\lab8\MKL05Z4.s
   Uses
      None
Comment: TPM0_C2SC unused
TPM0_C2V 40038020

Symbol: TPM0_C2V
   Definitions
      At line 2264 in file ..\lab8\MKL05Z4.s
   Uses
      None
Comment: TPM0_C2V unused
TPM0_C3SC 40038024

Symbol: TPM0_C3SC
   Definitions
      At line 2265 in file ..\lab8\MKL05Z4.s
   Uses
      None
Comment: TPM0_C3SC unused
TPM0_C3V 40038028

Symbol: TPM0_C3V
   Definitions
      At line 2266 in file ..\lab8\MKL05Z4.s
   Uses
      None
Comment: TPM0_C3V unused
TPM0_C4SC 4003802C

Symbol: TPM0_C4SC
   Definitions
      At line 2267 in file ..\lab8\MKL05Z4.s
   Uses
      None
Comment: TPM0_C4SC unused
TPM0_C4V 40038030

Symbol: TPM0_C4V
   Definitions
      At line 2268 in file ..\lab8\MKL05Z4.s
   Uses
      None
Comment: TPM0_C4V unused
TPM0_C5SC 40038034

Symbol: TPM0_C5SC
   Definitions
      At line 2269 in file ..\lab8\MKL05Z4.s
   Uses
      None
Comment: TPM0_C5SC unused
TPM0_C5V 40038038




ARM Macro Assembler    Page 161 Alphabetic symbol ordering
Absolute symbols

Symbol: TPM0_C5V
   Definitions
      At line 2270 in file ..\lab8\MKL05Z4.s
   Uses
      None
Comment: TPM0_C5V unused
TPM0_CNT 40038004

Symbol: TPM0_CNT
   Definitions
      At line 2257 in file ..\lab8\MKL05Z4.s
   Uses
      None
Comment: TPM0_CNT unused
TPM0_CONF 40038084

Symbol: TPM0_CONF
   Definitions
      At line 2275 in file ..\lab8\MKL05Z4.s
   Uses
      None
Comment: TPM0_CONF unused
TPM0_IPR E000E410

Symbol: TPM0_IPR
   Definitions
      At line 1455 in file ..\lab8\MKL05Z4.s
   Uses
      None
Comment: TPM0_IPR unused
TPM0_IRQ_MASK 00020000

Symbol: TPM0_IRQ_MASK
   Definitions
      At line 1525 in file ..\lab8\MKL05Z4.s
   Uses
      None
Comment: TPM0_IRQ_MASK unused
TPM0_IRQn 00000011

Symbol: TPM0_IRQn
   Definitions
      At line 174 in file ..\lab8\MKL05Z4.s
   Uses
      At line 1525 in file ..\lab8\MKL05Z4.s
Comment: TPM0_IRQn used once
TPM0_MOD 40038008

Symbol: TPM0_MOD
   Definitions
      At line 2258 in file ..\lab8\MKL05Z4.s
   Uses
      None
Comment: TPM0_MOD unused
TPM0_PRI_POS 0000000E

Symbol: TPM0_PRI_POS
   Definitions
      At line 1491 in file ..\lab8\MKL05Z4.s



ARM Macro Assembler    Page 162 Alphabetic symbol ordering
Absolute symbols

   Uses
      None
Comment: TPM0_PRI_POS unused
TPM0_SC 40038000

Symbol: TPM0_SC
   Definitions
      At line 2256 in file ..\lab8\MKL05Z4.s
   Uses
      None
Comment: TPM0_SC unused
TPM0_STATUS 40038050

Symbol: TPM0_STATUS
   Definitions
      At line 2273 in file ..\lab8\MKL05Z4.s
   Uses
      None
Comment: TPM0_STATUS unused
TPM0_Vector 00000021

Symbol: TPM0_Vector
   Definitions
      At line 1576 in file ..\lab8\MKL05Z4.s
   Uses
      None
Comment: TPM0_Vector unused
TPM1_BASE 40039000

Symbol: TPM1_BASE
   Definitions
      At line 2278 in file ..\lab8\MKL05Z4.s
   Uses
      At line 2279 in file ..\lab8\MKL05Z4.s
      At line 2280 in file ..\lab8\MKL05Z4.s
      At line 2281 in file ..\lab8\MKL05Z4.s
      At line 2282 in file ..\lab8\MKL05Z4.s
      At line 2283 in file ..\lab8\MKL05Z4.s
      At line 2284 in file ..\lab8\MKL05Z4.s
      At line 2285 in file ..\lab8\MKL05Z4.s
      At line 2286 in file ..\lab8\MKL05Z4.s
      At line 2287 in file ..\lab8\MKL05Z4.s
      At line 2288 in file ..\lab8\MKL05Z4.s
      At line 2289 in file ..\lab8\MKL05Z4.s
      At line 2290 in file ..\lab8\MKL05Z4.s
      At line 2291 in file ..\lab8\MKL05Z4.s
      At line 2292 in file ..\lab8\MKL05Z4.s
      At line 2293 in file ..\lab8\MKL05Z4.s
      At line 2296 in file ..\lab8\MKL05Z4.s
      At line 2298 in file ..\lab8\MKL05Z4.s

TPM1_C0SC 4003900C

Symbol: TPM1_C0SC
   Definitions
      At line 2282 in file ..\lab8\MKL05Z4.s
   Uses
      None
Comment: TPM1_C0SC unused



ARM Macro Assembler    Page 163 Alphabetic symbol ordering
Absolute symbols

TPM1_C0V 40039010

Symbol: TPM1_C0V
   Definitions
      At line 2283 in file ..\lab8\MKL05Z4.s
   Uses
      None
Comment: TPM1_C0V unused
TPM1_C1SC 40039014

Symbol: TPM1_C1SC
   Definitions
      At line 2284 in file ..\lab8\MKL05Z4.s
   Uses
      None
Comment: TPM1_C1SC unused
TPM1_C1V 40039018

Symbol: TPM1_C1V
   Definitions
      At line 2285 in file ..\lab8\MKL05Z4.s
   Uses
      None
Comment: TPM1_C1V unused
TPM1_C2SC 4003901C

Symbol: TPM1_C2SC
   Definitions
      At line 2286 in file ..\lab8\MKL05Z4.s
   Uses
      None
Comment: TPM1_C2SC unused
TPM1_C2V 40039020

Symbol: TPM1_C2V
   Definitions
      At line 2287 in file ..\lab8\MKL05Z4.s
   Uses
      None
Comment: TPM1_C2V unused
TPM1_C3SC 40039024

Symbol: TPM1_C3SC
   Definitions
      At line 2288 in file ..\lab8\MKL05Z4.s
   Uses
      None
Comment: TPM1_C3SC unused
TPM1_C3V 40039028

Symbol: TPM1_C3V
   Definitions
      At line 2289 in file ..\lab8\MKL05Z4.s
   Uses
      None
Comment: TPM1_C3V unused
TPM1_C4SC 4003902C

Symbol: TPM1_C4SC



ARM Macro Assembler    Page 164 Alphabetic symbol ordering
Absolute symbols

   Definitions
      At line 2290 in file ..\lab8\MKL05Z4.s
   Uses
      None
Comment: TPM1_C4SC unused
TPM1_C4V 40039030

Symbol: TPM1_C4V
   Definitions
      At line 2291 in file ..\lab8\MKL05Z4.s
   Uses
      None
Comment: TPM1_C4V unused
TPM1_C5SC 40039034

Symbol: TPM1_C5SC
   Definitions
      At line 2292 in file ..\lab8\MKL05Z4.s
   Uses
      None
Comment: TPM1_C5SC unused
TPM1_C5V 40039038

Symbol: TPM1_C5V
   Definitions
      At line 2293 in file ..\lab8\MKL05Z4.s
   Uses
      None
Comment: TPM1_C5V unused
TPM1_CNT 40039004

Symbol: TPM1_CNT
   Definitions
      At line 2280 in file ..\lab8\MKL05Z4.s
   Uses
      None
Comment: TPM1_CNT unused
TPM1_CONF 40039084

Symbol: TPM1_CONF
   Definitions
      At line 2298 in file ..\lab8\MKL05Z4.s
   Uses
      None
Comment: TPM1_CONF unused
TPM1_IPR E000E410

Symbol: TPM1_IPR
   Definitions
      At line 1456 in file ..\lab8\MKL05Z4.s
   Uses
      None
Comment: TPM1_IPR unused
TPM1_IRQ_MASK 00040000

Symbol: TPM1_IRQ_MASK
   Definitions
      At line 1526 in file ..\lab8\MKL05Z4.s
   Uses



ARM Macro Assembler    Page 165 Alphabetic symbol ordering
Absolute symbols

      None
Comment: TPM1_IRQ_MASK unused
TPM1_IRQn 00000012

Symbol: TPM1_IRQn
   Definitions
      At line 175 in file ..\lab8\MKL05Z4.s
   Uses
      At line 1526 in file ..\lab8\MKL05Z4.s
Comment: TPM1_IRQn used once
TPM1_MOD 40039008

Symbol: TPM1_MOD
   Definitions
      At line 2281 in file ..\lab8\MKL05Z4.s
   Uses
      None
Comment: TPM1_MOD unused
TPM1_PRI_POS 00000016

Symbol: TPM1_PRI_POS
   Definitions
      At line 1492 in file ..\lab8\MKL05Z4.s
   Uses
      None
Comment: TPM1_PRI_POS unused
TPM1_SC 40039000

Symbol: TPM1_SC
   Definitions
      At line 2279 in file ..\lab8\MKL05Z4.s
   Uses
      None
Comment: TPM1_SC unused
TPM1_STATUS 40039050

Symbol: TPM1_STATUS
   Definitions
      At line 2296 in file ..\lab8\MKL05Z4.s
   Uses
      None
Comment: TPM1_STATUS unused
TPM1_Vector 00000022

Symbol: TPM1_Vector
   Definitions
      At line 1577 in file ..\lab8\MKL05Z4.s
   Uses
      None
Comment: TPM1_Vector unused
TPM_C0SC_OFFSET 0000000C

Symbol: TPM_C0SC_OFFSET
   Definitions
      At line 2235 in file ..\lab8\MKL05Z4.s
   Uses
      At line 2259 in file ..\lab8\MKL05Z4.s
      At line 2282 in file ..\lab8\MKL05Z4.s




ARM Macro Assembler    Page 166 Alphabetic symbol ordering
Absolute symbols

TPM_C0V_OFFSET 00000010

Symbol: TPM_C0V_OFFSET
   Definitions
      At line 2236 in file ..\lab8\MKL05Z4.s
   Uses
      At line 2260 in file ..\lab8\MKL05Z4.s
      At line 2283 in file ..\lab8\MKL05Z4.s

TPM_C1SC_OFFSET 00000014

Symbol: TPM_C1SC_OFFSET
   Definitions
      At line 2237 in file ..\lab8\MKL05Z4.s
   Uses
      At line 2261 in file ..\lab8\MKL05Z4.s
      At line 2284 in file ..\lab8\MKL05Z4.s

TPM_C1V_OFFSET 00000018

Symbol: TPM_C1V_OFFSET
   Definitions
      At line 2238 in file ..\lab8\MKL05Z4.s
   Uses
      At line 2262 in file ..\lab8\MKL05Z4.s
      At line 2285 in file ..\lab8\MKL05Z4.s

TPM_C2SC_OFFSET 0000001C

Symbol: TPM_C2SC_OFFSET
   Definitions
      At line 2239 in file ..\lab8\MKL05Z4.s
   Uses
      At line 2263 in file ..\lab8\MKL05Z4.s
      At line 2286 in file ..\lab8\MKL05Z4.s

TPM_C2V_OFFSET 00000020

Symbol: TPM_C2V_OFFSET
   Definitions
      At line 2240 in file ..\lab8\MKL05Z4.s
   Uses
      At line 2264 in file ..\lab8\MKL05Z4.s
      At line 2287 in file ..\lab8\MKL05Z4.s

TPM_C3SC_OFFSET 00000024

Symbol: TPM_C3SC_OFFSET
   Definitions
      At line 2241 in file ..\lab8\MKL05Z4.s
   Uses
      At line 2265 in file ..\lab8\MKL05Z4.s
      At line 2288 in file ..\lab8\MKL05Z4.s

TPM_C3V_OFFSET 00000028

Symbol: TPM_C3V_OFFSET
   Definitions
      At line 2242 in file ..\lab8\MKL05Z4.s



ARM Macro Assembler    Page 167 Alphabetic symbol ordering
Absolute symbols

   Uses
      At line 2266 in file ..\lab8\MKL05Z4.s
      At line 2289 in file ..\lab8\MKL05Z4.s

TPM_C4SC_OFFSET 0000002C

Symbol: TPM_C4SC_OFFSET
   Definitions
      At line 2243 in file ..\lab8\MKL05Z4.s
   Uses
      At line 2267 in file ..\lab8\MKL05Z4.s
      At line 2290 in file ..\lab8\MKL05Z4.s

TPM_C4V_OFFSET 00000030

Symbol: TPM_C4V_OFFSET
   Definitions
      At line 2244 in file ..\lab8\MKL05Z4.s
   Uses
      At line 2268 in file ..\lab8\MKL05Z4.s
      At line 2291 in file ..\lab8\MKL05Z4.s

TPM_C5SC_OFFSET 00000034

Symbol: TPM_C5SC_OFFSET
   Definitions
      At line 2245 in file ..\lab8\MKL05Z4.s
   Uses
      At line 2269 in file ..\lab8\MKL05Z4.s
      At line 2292 in file ..\lab8\MKL05Z4.s

TPM_C5V_OFFSET 00000038

Symbol: TPM_C5V_OFFSET
   Definitions
      At line 2246 in file ..\lab8\MKL05Z4.s
   Uses
      At line 2270 in file ..\lab8\MKL05Z4.s
      At line 2293 in file ..\lab8\MKL05Z4.s

TPM_CNT_OFFSET 00000004

Symbol: TPM_CNT_OFFSET
   Definitions
      At line 2233 in file ..\lab8\MKL05Z4.s
   Uses
      At line 2257 in file ..\lab8\MKL05Z4.s
      At line 2280 in file ..\lab8\MKL05Z4.s

TPM_CONF_CROT_MASK 00040000

Symbol: TPM_CONF_CROT_MASK
   Definitions
      At line 2391 in file ..\lab8\MKL05Z4.s
   Uses
      None
Comment: TPM_CONF_CROT_MASK unused
TPM_CONF_CROT_SHIFT 00000012




ARM Macro Assembler    Page 168 Alphabetic symbol ordering
Absolute symbols

Symbol: TPM_CONF_CROT_SHIFT
   Definitions
      At line 2392 in file ..\lab8\MKL05Z4.s
   Uses
      None
Comment: TPM_CONF_CROT_SHIFT unused
TPM_CONF_CSOO_MASK 00020000

Symbol: TPM_CONF_CSOO_MASK
   Definitions
      At line 2393 in file ..\lab8\MKL05Z4.s
   Uses
      None
Comment: TPM_CONF_CSOO_MASK unused
TPM_CONF_CSOO_SHIFT 00000011

Symbol: TPM_CONF_CSOO_SHIFT
   Definitions
      At line 2394 in file ..\lab8\MKL05Z4.s
   Uses
      None
Comment: TPM_CONF_CSOO_SHIFT unused
TPM_CONF_CSOT_MASK 00010000

Symbol: TPM_CONF_CSOT_MASK
   Definitions
      At line 2395 in file ..\lab8\MKL05Z4.s
   Uses
      None
Comment: TPM_CONF_CSOT_MASK unused
TPM_CONF_CSOT_SHIFT 00000010

Symbol: TPM_CONF_CSOT_SHIFT
   Definitions
      At line 2396 in file ..\lab8\MKL05Z4.s
   Uses
      None
Comment: TPM_CONF_CSOT_SHIFT unused
TPM_CONF_DBGMODE_MASK 000000C0

Symbol: TPM_CONF_DBGMODE_MASK
   Definitions
      At line 2399 in file ..\lab8\MKL05Z4.s
   Uses
      None
Comment: TPM_CONF_DBGMODE_MASK unused
TPM_CONF_DBGMODE_SHIFT 00000006

Symbol: TPM_CONF_DBGMODE_SHIFT
   Definitions
      At line 2400 in file ..\lab8\MKL05Z4.s
   Uses
      None
Comment: TPM_CONF_DBGMODE_SHIFT unused
TPM_CONF_DOZEEN_MASK 00000020

Symbol: TPM_CONF_DOZEEN_MASK
   Definitions
      At line 2401 in file ..\lab8\MKL05Z4.s



ARM Macro Assembler    Page 169 Alphabetic symbol ordering
Absolute symbols

   Uses
      None
Comment: TPM_CONF_DOZEEN_MASK unused
TPM_CONF_DOZEEN_SHIFT 00000005

Symbol: TPM_CONF_DOZEEN_SHIFT
   Definitions
      At line 2402 in file ..\lab8\MKL05Z4.s
   Uses
      None
Comment: TPM_CONF_DOZEEN_SHIFT unused
TPM_CONF_GTBEEN_MASK 00000200

Symbol: TPM_CONF_GTBEEN_MASK
   Definitions
      At line 2397 in file ..\lab8\MKL05Z4.s
   Uses
      None
Comment: TPM_CONF_GTBEEN_MASK unused
TPM_CONF_GTBEEN_SHIFT 00000009

Symbol: TPM_CONF_GTBEEN_SHIFT
   Definitions
      At line 2398 in file ..\lab8\MKL05Z4.s
   Uses
      None
Comment: TPM_CONF_GTBEEN_SHIFT unused
TPM_CONF_OFFSET 00000084

Symbol: TPM_CONF_OFFSET
   Definitions
      At line 2251 in file ..\lab8\MKL05Z4.s
   Uses
      At line 2275 in file ..\lab8\MKL05Z4.s
      At line 2298 in file ..\lab8\MKL05Z4.s

TPM_CONF_TRGSEL_MASK 0F000000

Symbol: TPM_CONF_TRGSEL_MASK
   Definitions
      At line 2389 in file ..\lab8\MKL05Z4.s
   Uses
      None
Comment: TPM_CONF_TRGSEL_MASK unused
TPM_CONF_TRGSEL_SHIFT 00000018

Symbol: TPM_CONF_TRGSEL_SHIFT
   Definitions
      At line 2390 in file ..\lab8\MKL05Z4.s
   Uses
      None
Comment: TPM_CONF_TRGSEL_SHIFT unused
TPM_CnSC_CDMA_MASK 00000001

Symbol: TPM_CnSC_CDMA_MASK
   Definitions
      At line 2339 in file ..\lab8\MKL05Z4.s
   Uses
      None



ARM Macro Assembler    Page 170 Alphabetic symbol ordering
Absolute symbols

Comment: TPM_CnSC_CDMA_MASK unused
TPM_CnSC_CDMA_SHIFT 00000000

Symbol: TPM_CnSC_CDMA_SHIFT
   Definitions
      At line 2340 in file ..\lab8\MKL05Z4.s
   Uses
      None
Comment: TPM_CnSC_CDMA_SHIFT unused
TPM_CnSC_CHF_MASK 00000080

Symbol: TPM_CnSC_CHF_MASK
   Definitions
      At line 2327 in file ..\lab8\MKL05Z4.s
   Uses
      None
Comment: TPM_CnSC_CHF_MASK unused
TPM_CnSC_CHF_SHIFT 00000007

Symbol: TPM_CnSC_CHF_SHIFT
   Definitions
      At line 2328 in file ..\lab8\MKL05Z4.s
   Uses
      None
Comment: TPM_CnSC_CHF_SHIFT unused
TPM_CnSC_CHIE_MASK 00000040

Symbol: TPM_CnSC_CHIE_MASK
   Definitions
      At line 2329 in file ..\lab8\MKL05Z4.s
   Uses
      None
Comment: TPM_CnSC_CHIE_MASK unused
TPM_CnSC_CHIE_SHIFT 00000006

Symbol: TPM_CnSC_CHIE_SHIFT
   Definitions
      At line 2330 in file ..\lab8\MKL05Z4.s
   Uses
      None
Comment: TPM_CnSC_CHIE_SHIFT unused
TPM_CnSC_ELSA_MASK 00000004

Symbol: TPM_CnSC_ELSA_MASK
   Definitions
      At line 2337 in file ..\lab8\MKL05Z4.s
   Uses
      None
Comment: TPM_CnSC_ELSA_MASK unused
TPM_CnSC_ELSA_SHIFT 00000002

Symbol: TPM_CnSC_ELSA_SHIFT
   Definitions
      At line 2338 in file ..\lab8\MKL05Z4.s
   Uses
      None
Comment: TPM_CnSC_ELSA_SHIFT unused
TPM_CnSC_ELSB_MASK 00000008




ARM Macro Assembler    Page 171 Alphabetic symbol ordering
Absolute symbols

Symbol: TPM_CnSC_ELSB_MASK
   Definitions
      At line 2335 in file ..\lab8\MKL05Z4.s
   Uses
      None
Comment: TPM_CnSC_ELSB_MASK unused
TPM_CnSC_ELSB_SHIFT 00000003

Symbol: TPM_CnSC_ELSB_SHIFT
   Definitions
      At line 2336 in file ..\lab8\MKL05Z4.s
   Uses
      None
Comment: TPM_CnSC_ELSB_SHIFT unused
TPM_CnSC_MSA_MASK 00000010

Symbol: TPM_CnSC_MSA_MASK
   Definitions
      At line 2333 in file ..\lab8\MKL05Z4.s
   Uses
      None
Comment: TPM_CnSC_MSA_MASK unused
TPM_CnSC_MSA_SHIFT 00000004

Symbol: TPM_CnSC_MSA_SHIFT
   Definitions
      At line 2334 in file ..\lab8\MKL05Z4.s
   Uses
      None
Comment: TPM_CnSC_MSA_SHIFT unused
TPM_CnSC_MSB_MASK 00000020

Symbol: TPM_CnSC_MSB_MASK
   Definitions
      At line 2331 in file ..\lab8\MKL05Z4.s
   Uses
      None
Comment: TPM_CnSC_MSB_MASK unused
TPM_CnSC_MSB_SHIFT 00000005

Symbol: TPM_CnSC_MSB_SHIFT
   Definitions
      At line 2332 in file ..\lab8\MKL05Z4.s
   Uses
      None
Comment: TPM_CnSC_MSB_SHIFT unused
TPM_CnV_VAL_MASK 0000FFFF

Symbol: TPM_CnV_VAL_MASK
   Definitions
      At line 2345 in file ..\lab8\MKL05Z4.s
   Uses
      None
Comment: TPM_CnV_VAL_MASK unused
TPM_CnV_VAL_SHIFT 00000000

Symbol: TPM_CnV_VAL_SHIFT
   Definitions
      At line 2346 in file ..\lab8\MKL05Z4.s



ARM Macro Assembler    Page 172 Alphabetic symbol ordering
Absolute symbols

   Uses
      None
Comment: TPM_CnV_VAL_SHIFT unused
TPM_MOD_MOD_MASK 0000FFFF

Symbol: TPM_MOD_MOD_MASK
   Definitions
      At line 2407 in file ..\lab8\MKL05Z4.s
   Uses
      None
Comment: TPM_MOD_MOD_MASK unused
TPM_MOD_MOD_SHIFT 00000000

Symbol: TPM_MOD_MOD_SHIFT
   Definitions
      At line 2408 in file ..\lab8\MKL05Z4.s
   Uses
      None
Comment: TPM_MOD_MOD_SHIFT unused
TPM_MOD_OFFSET 00000008

Symbol: TPM_MOD_OFFSET
   Definitions
      At line 2234 in file ..\lab8\MKL05Z4.s
   Uses
      At line 2258 in file ..\lab8\MKL05Z4.s
      At line 2281 in file ..\lab8\MKL05Z4.s

TPM_SC_CMOD_MASK 00000018

Symbol: TPM_SC_CMOD_MASK
   Definitions
      At line 2436 in file ..\lab8\MKL05Z4.s
   Uses
      None
Comment: TPM_SC_CMOD_MASK unused
TPM_SC_CMOD_SHIFT 00000003

Symbol: TPM_SC_CMOD_SHIFT
   Definitions
      At line 2437 in file ..\lab8\MKL05Z4.s
   Uses
      None
Comment: TPM_SC_CMOD_SHIFT unused
TPM_SC_CPWMS_MASK 00000020

Symbol: TPM_SC_CPWMS_MASK
   Definitions
      At line 2434 in file ..\lab8\MKL05Z4.s
   Uses
      None
Comment: TPM_SC_CPWMS_MASK unused
TPM_SC_CPWMS_SHIFT 00000005

Symbol: TPM_SC_CPWMS_SHIFT
   Definitions
      At line 2435 in file ..\lab8\MKL05Z4.s
   Uses
      None



ARM Macro Assembler    Page 173 Alphabetic symbol ordering
Absolute symbols

Comment: TPM_SC_CPWMS_SHIFT unused
TPM_SC_DMA_MASK 00000100

Symbol: TPM_SC_DMA_MASK
   Definitions
      At line 2428 in file ..\lab8\MKL05Z4.s
   Uses
      None
Comment: TPM_SC_DMA_MASK unused
TPM_SC_DMA_SHIFT 00000008

Symbol: TPM_SC_DMA_SHIFT
   Definitions
      At line 2429 in file ..\lab8\MKL05Z4.s
   Uses
      None
Comment: TPM_SC_DMA_SHIFT unused
TPM_SC_OFFSET 00000000

Symbol: TPM_SC_OFFSET
   Definitions
      At line 2232 in file ..\lab8\MKL05Z4.s
   Uses
      At line 2256 in file ..\lab8\MKL05Z4.s
      At line 2279 in file ..\lab8\MKL05Z4.s

TPM_SC_PS_MASK 00000007

Symbol: TPM_SC_PS_MASK
   Definitions
      At line 2438 in file ..\lab8\MKL05Z4.s
   Uses
      None
Comment: TPM_SC_PS_MASK unused
TPM_SC_PS_SHIFT 00000000

Symbol: TPM_SC_PS_SHIFT
   Definitions
      At line 2439 in file ..\lab8\MKL05Z4.s
   Uses
      None
Comment: TPM_SC_PS_SHIFT unused
TPM_SC_TOF_MASK 00000080

Symbol: TPM_SC_TOF_MASK
   Definitions
      At line 2430 in file ..\lab8\MKL05Z4.s
   Uses
      None
Comment: TPM_SC_TOF_MASK unused
TPM_SC_TOF_SHIFT 00000007

Symbol: TPM_SC_TOF_SHIFT
   Definitions
      At line 2431 in file ..\lab8\MKL05Z4.s
   Uses
      None
Comment: TPM_SC_TOF_SHIFT unused
TPM_SC_TOIE_MASK 00000040



ARM Macro Assembler    Page 174 Alphabetic symbol ordering
Absolute symbols


Symbol: TPM_SC_TOIE_MASK
   Definitions
      At line 2432 in file ..\lab8\MKL05Z4.s
   Uses
      None
Comment: TPM_SC_TOIE_MASK unused
TPM_SC_TOIE_SHIFT 00000006

Symbol: TPM_SC_TOIE_SHIFT
   Definitions
      At line 2433 in file ..\lab8\MKL05Z4.s
   Uses
      None
Comment: TPM_SC_TOIE_SHIFT unused
TPM_STATUS_CH0F_MASK 00000001

Symbol: TPM_STATUS_CH0F_MASK
   Definitions
      At line 2463 in file ..\lab8\MKL05Z4.s
   Uses
      None
Comment: TPM_STATUS_CH0F_MASK unused
TPM_STATUS_CH0F_SHIFT 00000000

Symbol: TPM_STATUS_CH0F_SHIFT
   Definitions
      At line 2464 in file ..\lab8\MKL05Z4.s
   Uses
      None
Comment: TPM_STATUS_CH0F_SHIFT unused
TPM_STATUS_CH1F_MASK 00000002

Symbol: TPM_STATUS_CH1F_MASK
   Definitions
      At line 2461 in file ..\lab8\MKL05Z4.s
   Uses
      None
Comment: TPM_STATUS_CH1F_MASK unused
TPM_STATUS_CH1F_SHIFT 00000001

Symbol: TPM_STATUS_CH1F_SHIFT
   Definitions
      At line 2462 in file ..\lab8\MKL05Z4.s
   Uses
      None
Comment: TPM_STATUS_CH1F_SHIFT unused
TPM_STATUS_CH2F_MASK 00000004

Symbol: TPM_STATUS_CH2F_MASK
   Definitions
      At line 2459 in file ..\lab8\MKL05Z4.s
   Uses
      None
Comment: TPM_STATUS_CH2F_MASK unused
TPM_STATUS_CH2F_SHIFT 00000002

Symbol: TPM_STATUS_CH2F_SHIFT
   Definitions



ARM Macro Assembler    Page 175 Alphabetic symbol ordering
Absolute symbols

      At line 2460 in file ..\lab8\MKL05Z4.s
   Uses
      None
Comment: TPM_STATUS_CH2F_SHIFT unused
TPM_STATUS_CH3F_MASK 00000008

Symbol: TPM_STATUS_CH3F_MASK
   Definitions
      At line 2457 in file ..\lab8\MKL05Z4.s
   Uses
      None
Comment: TPM_STATUS_CH3F_MASK unused
TPM_STATUS_CH3F_SHIFT 00000003

Symbol: TPM_STATUS_CH3F_SHIFT
   Definitions
      At line 2458 in file ..\lab8\MKL05Z4.s
   Uses
      None
Comment: TPM_STATUS_CH3F_SHIFT unused
TPM_STATUS_CH4F_MASK 00000010

Symbol: TPM_STATUS_CH4F_MASK
   Definitions
      At line 2455 in file ..\lab8\MKL05Z4.s
   Uses
      None
Comment: TPM_STATUS_CH4F_MASK unused
TPM_STATUS_CH4F_SHIFT 00000004

Symbol: TPM_STATUS_CH4F_SHIFT
   Definitions
      At line 2456 in file ..\lab8\MKL05Z4.s
   Uses
      None
Comment: TPM_STATUS_CH4F_SHIFT unused
TPM_STATUS_CH5F_MASK 00000020

Symbol: TPM_STATUS_CH5F_MASK
   Definitions
      At line 2453 in file ..\lab8\MKL05Z4.s
   Uses
      None
Comment: TPM_STATUS_CH5F_MASK unused
TPM_STATUS_CH5F_SHIFT 00000005

Symbol: TPM_STATUS_CH5F_SHIFT
   Definitions
      At line 2454 in file ..\lab8\MKL05Z4.s
   Uses
      None
Comment: TPM_STATUS_CH5F_SHIFT unused
TPM_STATUS_OFFSET 00000050

Symbol: TPM_STATUS_OFFSET
   Definitions
      At line 2249 in file ..\lab8\MKL05Z4.s
   Uses
      At line 2273 in file ..\lab8\MKL05Z4.s



ARM Macro Assembler    Page 176 Alphabetic symbol ordering
Absolute symbols

      At line 2296 in file ..\lab8\MKL05Z4.s

TPM_STATUS_TOF_MASK 00000100

Symbol: TPM_STATUS_TOF_MASK
   Definitions
      At line 2451 in file ..\lab8\MKL05Z4.s
   Uses
      None
Comment: TPM_STATUS_TOF_MASK unused
TPM_STATUS_TOF_SHIFT 00000008

Symbol: TPM_STATUS_TOF_SHIFT
   Definitions
      At line 2452 in file ..\lab8\MKL05Z4.s
   Uses
      None
Comment: TPM_STATUS_TOF_SHIFT unused
TSI0_IPR E000E418

Symbol: TSI0_IPR
   Definitions
      At line 1464 in file ..\lab8\MKL05Z4.s
   Uses
      None
Comment: TSI0_IPR unused
TSI0_IRQ_MASK 04000000

Symbol: TSI0_IRQ_MASK
   Definitions
      At line 1534 in file ..\lab8\MKL05Z4.s
   Uses
      None
Comment: TSI0_IRQ_MASK unused
TSI0_IRQn 0000001A

Symbol: TSI0_IRQn
   Definitions
      At line 183 in file ..\lab8\MKL05Z4.s
   Uses
      At line 1534 in file ..\lab8\MKL05Z4.s
Comment: TSI0_IRQn used once
TSI0_PRI_POS 00000016

Symbol: TSI0_PRI_POS
   Definitions
      At line 1500 in file ..\lab8\MKL05Z4.s
   Uses
      None
Comment: TSI0_PRI_POS unused
TSI0_Vector 0000002A

Symbol: TSI0_Vector
   Definitions
      At line 1585 in file ..\lab8\MKL05Z4.s
   Uses
      None
Comment: TSI0_Vector unused
UART0_BASE 4006A000



ARM Macro Assembler    Page 177 Alphabetic symbol ordering
Absolute symbols


Symbol: UART0_BASE
   Definitions
      At line 2467 in file ..\lab8\MKL05Z4.s
   Uses
      At line 2481 in file ..\lab8\MKL05Z4.s
      At line 2482 in file ..\lab8\MKL05Z4.s
      At line 2483 in file ..\lab8\MKL05Z4.s
      At line 2484 in file ..\lab8\MKL05Z4.s
      At line 2485 in file ..\lab8\MKL05Z4.s
      At line 2486 in file ..\lab8\MKL05Z4.s
      At line 2487 in file ..\lab8\MKL05Z4.s
      At line 2488 in file ..\lab8\MKL05Z4.s
      At line 2489 in file ..\lab8\MKL05Z4.s
      At line 2490 in file ..\lab8\MKL05Z4.s
      At line 2491 in file ..\lab8\MKL05Z4.s
      At line 2492 in file ..\lab8\MKL05Z4.s

UART0_BDH 4006A000

Symbol: UART0_BDH
   Definitions
      At line 2481 in file ..\lab8\MKL05Z4.s
   Uses
      None
Comment: UART0_BDH unused
UART0_BDH_LBKDIE_MASK 00000080

Symbol: UART0_BDH_LBKDIE_MASK
   Definitions
      At line 2499 in file ..\lab8\MKL05Z4.s
   Uses
      None
Comment: UART0_BDH_LBKDIE_MASK unused
UART0_BDH_LBKDIE_SHIFT 00000007

Symbol: UART0_BDH_LBKDIE_SHIFT
   Definitions
      At line 2500 in file ..\lab8\MKL05Z4.s
   Uses
      None
Comment: UART0_BDH_LBKDIE_SHIFT unused
UART0_BDH_OFFSET 00000000

Symbol: UART0_BDH_OFFSET
   Definitions
      At line 2469 in file ..\lab8\MKL05Z4.s
   Uses
      At line 2481 in file ..\lab8\MKL05Z4.s
Comment: UART0_BDH_OFFSET used once
UART0_BDH_RXEDGIE_MASK 00000040

Symbol: UART0_BDH_RXEDGIE_MASK
   Definitions
      At line 2501 in file ..\lab8\MKL05Z4.s
   Uses
      None
Comment: UART0_BDH_RXEDGIE_MASK unused
UART0_BDH_RXEDGIE_SHIFT 00000006



ARM Macro Assembler    Page 178 Alphabetic symbol ordering
Absolute symbols


Symbol: UART0_BDH_RXEDGIE_SHIFT
   Definitions
      At line 2502 in file ..\lab8\MKL05Z4.s
   Uses
      None
Comment: UART0_BDH_RXEDGIE_SHIFT unused
UART0_BDH_SBNS_MASK 00000020

Symbol: UART0_BDH_SBNS_MASK
   Definitions
      At line 2503 in file ..\lab8\MKL05Z4.s
   Uses
      None
Comment: UART0_BDH_SBNS_MASK unused
UART0_BDH_SBNS_SHIFT 00000005

Symbol: UART0_BDH_SBNS_SHIFT
   Definitions
      At line 2504 in file ..\lab8\MKL05Z4.s
   Uses
      None
Comment: UART0_BDH_SBNS_SHIFT unused
UART0_BDH_SBR_MASK 0000001F

Symbol: UART0_BDH_SBR_MASK
   Definitions
      At line 2505 in file ..\lab8\MKL05Z4.s
   Uses
      None
Comment: UART0_BDH_SBR_MASK unused
UART0_BDH_SBR_SHIFT 00000000

Symbol: UART0_BDH_SBR_SHIFT
   Definitions
      At line 2506 in file ..\lab8\MKL05Z4.s
   Uses
      None
Comment: UART0_BDH_SBR_SHIFT unused
UART0_BDL 4006A001

Symbol: UART0_BDL
   Definitions
      At line 2482 in file ..\lab8\MKL05Z4.s
   Uses
      None
Comment: UART0_BDL unused
UART0_BDL_OFFSET 00000001

Symbol: UART0_BDL_OFFSET
   Definitions
      At line 2470 in file ..\lab8\MKL05Z4.s
   Uses
      At line 2482 in file ..\lab8\MKL05Z4.s
Comment: UART0_BDL_OFFSET used once
UART0_BDL_SBR_MASK 000000FF

Symbol: UART0_BDL_SBR_MASK
   Definitions



ARM Macro Assembler    Page 179 Alphabetic symbol ordering
Absolute symbols

      At line 2510 in file ..\lab8\MKL05Z4.s
   Uses
      None
Comment: UART0_BDL_SBR_MASK unused
UART0_BDL_SBR_SHIFT 00000000

Symbol: UART0_BDL_SBR_SHIFT
   Definitions
      At line 2511 in file ..\lab8\MKL05Z4.s
   Uses
      None
Comment: UART0_BDL_SBR_SHIFT unused
UART0_C1 4006A002

Symbol: UART0_C1
   Definitions
      At line 2483 in file ..\lab8\MKL05Z4.s
   Uses
      None
Comment: UART0_C1 unused
UART0_C1_DOZEEN_MASK 00000040

Symbol: UART0_C1_DOZEEN_MASK
   Definitions
      At line 2524 in file ..\lab8\MKL05Z4.s
   Uses
      None
Comment: UART0_C1_DOZEEN_MASK unused
UART0_C1_DOZEEN_SHIFT 00000006

Symbol: UART0_C1_DOZEEN_SHIFT
   Definitions
      At line 2525 in file ..\lab8\MKL05Z4.s
   Uses
      None
Comment: UART0_C1_DOZEEN_SHIFT unused
UART0_C1_ILT_MASK 00000004

Symbol: UART0_C1_ILT_MASK
   Definitions
      At line 2532 in file ..\lab8\MKL05Z4.s
   Uses
      None
Comment: UART0_C1_ILT_MASK unused
UART0_C1_ILT_SHIFT 00000002

Symbol: UART0_C1_ILT_SHIFT
   Definitions
      At line 2533 in file ..\lab8\MKL05Z4.s
   Uses
      None
Comment: UART0_C1_ILT_SHIFT unused
UART0_C1_LOOPS_MASK 00000080

Symbol: UART0_C1_LOOPS_MASK
   Definitions
      At line 2522 in file ..\lab8\MKL05Z4.s
   Uses
      None



ARM Macro Assembler    Page 180 Alphabetic symbol ordering
Absolute symbols

Comment: UART0_C1_LOOPS_MASK unused
UART0_C1_LOOPS_SHIFT 00000007

Symbol: UART0_C1_LOOPS_SHIFT
   Definitions
      At line 2523 in file ..\lab8\MKL05Z4.s
   Uses
      None
Comment: UART0_C1_LOOPS_SHIFT unused
UART0_C1_M_MASK 00000010

Symbol: UART0_C1_M_MASK
   Definitions
      At line 2528 in file ..\lab8\MKL05Z4.s
   Uses
      None
Comment: UART0_C1_M_MASK unused
UART0_C1_M_SHIFT 00000004

Symbol: UART0_C1_M_SHIFT
   Definitions
      At line 2529 in file ..\lab8\MKL05Z4.s
   Uses
      None
Comment: UART0_C1_M_SHIFT unused
UART0_C1_OFFSET 00000002

Symbol: UART0_C1_OFFSET
   Definitions
      At line 2471 in file ..\lab8\MKL05Z4.s
   Uses
      At line 2483 in file ..\lab8\MKL05Z4.s
Comment: UART0_C1_OFFSET used once
UART0_C1_PE_MASK 00000002

Symbol: UART0_C1_PE_MASK
   Definitions
      At line 2534 in file ..\lab8\MKL05Z4.s
   Uses
      None
Comment: UART0_C1_PE_MASK unused
UART0_C1_PE_SHIFT 00000001

Symbol: UART0_C1_PE_SHIFT
   Definitions
      At line 2535 in file ..\lab8\MKL05Z4.s
   Uses
      None
Comment: UART0_C1_PE_SHIFT unused
UART0_C1_PT_MASK 00000001

Symbol: UART0_C1_PT_MASK
   Definitions
      At line 2536 in file ..\lab8\MKL05Z4.s
   Uses
      None
Comment: UART0_C1_PT_MASK unused
UART0_C1_PT_SHIFT 00000000




ARM Macro Assembler    Page 181 Alphabetic symbol ordering
Absolute symbols

Symbol: UART0_C1_PT_SHIFT
   Definitions
      At line 2537 in file ..\lab8\MKL05Z4.s
   Uses
      None
Comment: UART0_C1_PT_SHIFT unused
UART0_C1_RSRC_MASK 00000020

Symbol: UART0_C1_RSRC_MASK
   Definitions
      At line 2526 in file ..\lab8\MKL05Z4.s
   Uses
      None
Comment: UART0_C1_RSRC_MASK unused
UART0_C1_RSRC_SHIFT 00000005

Symbol: UART0_C1_RSRC_SHIFT
   Definitions
      At line 2527 in file ..\lab8\MKL05Z4.s
   Uses
      None
Comment: UART0_C1_RSRC_SHIFT unused
UART0_C1_WAKE_MASK 00000008

Symbol: UART0_C1_WAKE_MASK
   Definitions
      At line 2530 in file ..\lab8\MKL05Z4.s
   Uses
      None
Comment: UART0_C1_WAKE_MASK unused
UART0_C1_WAKE_SHIFT 00000003

Symbol: UART0_C1_WAKE_SHIFT
   Definitions
      At line 2531 in file ..\lab8\MKL05Z4.s
   Uses
      None
Comment: UART0_C1_WAKE_SHIFT unused
UART0_C2 4006A003

Symbol: UART0_C2
   Definitions
      At line 2484 in file ..\lab8\MKL05Z4.s
   Uses
      None
Comment: UART0_C2 unused
UART0_C2_ILIE_MASK 00000010

Symbol: UART0_C2_ILIE_MASK
   Definitions
      At line 2554 in file ..\lab8\MKL05Z4.s
   Uses
      None
Comment: UART0_C2_ILIE_MASK unused
UART0_C2_ILIE_SHIFT 00000004

Symbol: UART0_C2_ILIE_SHIFT
   Definitions
      At line 2555 in file ..\lab8\MKL05Z4.s



ARM Macro Assembler    Page 182 Alphabetic symbol ordering
Absolute symbols

   Uses
      None
Comment: UART0_C2_ILIE_SHIFT unused
UART0_C2_OFFSET 00000003

Symbol: UART0_C2_OFFSET
   Definitions
      At line 2472 in file ..\lab8\MKL05Z4.s
   Uses
      At line 2484 in file ..\lab8\MKL05Z4.s
Comment: UART0_C2_OFFSET used once
UART0_C2_RE_MASK 00000004

Symbol: UART0_C2_RE_MASK
   Definitions
      At line 2558 in file ..\lab8\MKL05Z4.s
   Uses
      None
Comment: UART0_C2_RE_MASK unused
UART0_C2_RE_SHIFT 00000002

Symbol: UART0_C2_RE_SHIFT
   Definitions
      At line 2559 in file ..\lab8\MKL05Z4.s
   Uses
      None
Comment: UART0_C2_RE_SHIFT unused
UART0_C2_RIE_MASK 00000020

Symbol: UART0_C2_RIE_MASK
   Definitions
      At line 2552 in file ..\lab8\MKL05Z4.s
   Uses
      None
Comment: UART0_C2_RIE_MASK unused
UART0_C2_RIE_SHIFT 00000005

Symbol: UART0_C2_RIE_SHIFT
   Definitions
      At line 2553 in file ..\lab8\MKL05Z4.s
   Uses
      None
Comment: UART0_C2_RIE_SHIFT unused
UART0_C2_RWU_MASK 00000002

Symbol: UART0_C2_RWU_MASK
   Definitions
      At line 2560 in file ..\lab8\MKL05Z4.s
   Uses
      None
Comment: UART0_C2_RWU_MASK unused
UART0_C2_RWU_SHIFT 00000001

Symbol: UART0_C2_RWU_SHIFT
   Definitions
      At line 2561 in file ..\lab8\MKL05Z4.s
   Uses
      None
Comment: UART0_C2_RWU_SHIFT unused



ARM Macro Assembler    Page 183 Alphabetic symbol ordering
Absolute symbols

UART0_C2_SBK_MASK 00000001

Symbol: UART0_C2_SBK_MASK
   Definitions
      At line 2562 in file ..\lab8\MKL05Z4.s
   Uses
      None
Comment: UART0_C2_SBK_MASK unused
UART0_C2_SBK_SHIFT 00000000

Symbol: UART0_C2_SBK_SHIFT
   Definitions
      At line 2563 in file ..\lab8\MKL05Z4.s
   Uses
      None
Comment: UART0_C2_SBK_SHIFT unused
UART0_C2_TCIE_MASK 00000040

Symbol: UART0_C2_TCIE_MASK
   Definitions
      At line 2550 in file ..\lab8\MKL05Z4.s
   Uses
      None
Comment: UART0_C2_TCIE_MASK unused
UART0_C2_TCIE_SHIFT 00000006

Symbol: UART0_C2_TCIE_SHIFT
   Definitions
      At line 2551 in file ..\lab8\MKL05Z4.s
   Uses
      None
Comment: UART0_C2_TCIE_SHIFT unused
UART0_C2_TE_MASK 00000008

Symbol: UART0_C2_TE_MASK
   Definitions
      At line 2556 in file ..\lab8\MKL05Z4.s
   Uses
      None
Comment: UART0_C2_TE_MASK unused
UART0_C2_TE_SHIFT 00000003

Symbol: UART0_C2_TE_SHIFT
   Definitions
      At line 2557 in file ..\lab8\MKL05Z4.s
   Uses
      None
Comment: UART0_C2_TE_SHIFT unused
UART0_C2_TIE_MASK 00000080

Symbol: UART0_C2_TIE_MASK
   Definitions
      At line 2548 in file ..\lab8\MKL05Z4.s
   Uses
      None
Comment: UART0_C2_TIE_MASK unused
UART0_C2_TIE_SHIFT 00000007

Symbol: UART0_C2_TIE_SHIFT



ARM Macro Assembler    Page 184 Alphabetic symbol ordering
Absolute symbols

   Definitions
      At line 2549 in file ..\lab8\MKL05Z4.s
   Uses
      None
Comment: UART0_C2_TIE_SHIFT unused
UART0_C3 4006A006

Symbol: UART0_C3
   Definitions
      At line 2487 in file ..\lab8\MKL05Z4.s
   Uses
      None
Comment: UART0_C3 unused
UART0_C3_FEIE_MASK 00000002

Symbol: UART0_C3_FEIE_MASK
   Definitions
      At line 2587 in file ..\lab8\MKL05Z4.s
   Uses
      None
Comment: UART0_C3_FEIE_MASK unused
UART0_C3_FEIE_SHIFT 00000001

Symbol: UART0_C3_FEIE_SHIFT
   Definitions
      At line 2588 in file ..\lab8\MKL05Z4.s
   Uses
      None
Comment: UART0_C3_FEIE_SHIFT unused
UART0_C3_NEIE_MASK 00000004

Symbol: UART0_C3_NEIE_MASK
   Definitions
      At line 2585 in file ..\lab8\MKL05Z4.s
   Uses
      None
Comment: UART0_C3_NEIE_MASK unused
UART0_C3_NEIE_SHIFT 00000002

Symbol: UART0_C3_NEIE_SHIFT
   Definitions
      At line 2586 in file ..\lab8\MKL05Z4.s
   Uses
      None
Comment: UART0_C3_NEIE_SHIFT unused
UART0_C3_OFFSET 00000006

Symbol: UART0_C3_OFFSET
   Definitions
      At line 2475 in file ..\lab8\MKL05Z4.s
   Uses
      At line 2487 in file ..\lab8\MKL05Z4.s
Comment: UART0_C3_OFFSET used once
UART0_C3_ORIE_MASK 00000008

Symbol: UART0_C3_ORIE_MASK
   Definitions
      At line 2583 in file ..\lab8\MKL05Z4.s
   Uses



ARM Macro Assembler    Page 185 Alphabetic symbol ordering
Absolute symbols

      None
Comment: UART0_C3_ORIE_MASK unused
UART0_C3_ORIE_SHIFT 00000003

Symbol: UART0_C3_ORIE_SHIFT
   Definitions
      At line 2584 in file ..\lab8\MKL05Z4.s
   Uses
      None
Comment: UART0_C3_ORIE_SHIFT unused
UART0_C3_PEIE_MASK 00000001

Symbol: UART0_C3_PEIE_MASK
   Definitions
      At line 2589 in file ..\lab8\MKL05Z4.s
   Uses
      None
Comment: UART0_C3_PEIE_MASK unused
UART0_C3_PEIE_SHIFT 00000000

Symbol: UART0_C3_PEIE_SHIFT
   Definitions
      At line 2590 in file ..\lab8\MKL05Z4.s
   Uses
      None
Comment: UART0_C3_PEIE_SHIFT unused
UART0_C3_R8T9_MASK 00000080

Symbol: UART0_C3_R8T9_MASK
   Definitions
      At line 2575 in file ..\lab8\MKL05Z4.s
   Uses
      None
Comment: UART0_C3_R8T9_MASK unused
UART0_C3_R8T9_SHIFT 00000007

Symbol: UART0_C3_R8T9_SHIFT
   Definitions
      At line 2576 in file ..\lab8\MKL05Z4.s
   Uses
      None
Comment: UART0_C3_R8T9_SHIFT unused
UART0_C3_R9T8_MASK 00000040

Symbol: UART0_C3_R9T8_MASK
   Definitions
      At line 2577 in file ..\lab8\MKL05Z4.s
   Uses
      None
Comment: UART0_C3_R9T8_MASK unused
UART0_C3_R9T8_SHIFT 00000006

Symbol: UART0_C3_R9T8_SHIFT
   Definitions
      At line 2578 in file ..\lab8\MKL05Z4.s
   Uses
      None
Comment: UART0_C3_R9T8_SHIFT unused
UART0_C3_TXDIR_MASK 00000020



ARM Macro Assembler    Page 186 Alphabetic symbol ordering
Absolute symbols


Symbol: UART0_C3_TXDIR_MASK
   Definitions
      At line 2579 in file ..\lab8\MKL05Z4.s
   Uses
      None
Comment: UART0_C3_TXDIR_MASK unused
UART0_C3_TXDIR_SHIFT 00000005

Symbol: UART0_C3_TXDIR_SHIFT
   Definitions
      At line 2580 in file ..\lab8\MKL05Z4.s
   Uses
      None
Comment: UART0_C3_TXDIR_SHIFT unused
UART0_C3_TXINV_MASK 00000010

Symbol: UART0_C3_TXINV_MASK
   Definitions
      At line 2581 in file ..\lab8\MKL05Z4.s
   Uses
      None
Comment: UART0_C3_TXINV_MASK unused
UART0_C3_TXINV_SHIFT 00000004

Symbol: UART0_C3_TXINV_SHIFT
   Definitions
      At line 2582 in file ..\lab8\MKL05Z4.s
   Uses
      None
Comment: UART0_C3_TXINV_SHIFT unused
UART0_C4 4006A00A

Symbol: UART0_C4
   Definitions
      At line 2491 in file ..\lab8\MKL05Z4.s
   Uses
      None
Comment: UART0_C4 unused
UART0_C4_M10_MASK 00000020

Symbol: UART0_C4_M10_MASK
   Definitions
      At line 2603 in file ..\lab8\MKL05Z4.s
   Uses
      None
Comment: UART0_C4_M10_MASK unused
UART0_C4_M10_SHIFT 00000005

Symbol: UART0_C4_M10_SHIFT
   Definitions
      At line 2604 in file ..\lab8\MKL05Z4.s
   Uses
      None
Comment: UART0_C4_M10_SHIFT unused
UART0_C4_MAEN1_MASK 00000080

Symbol: UART0_C4_MAEN1_MASK
   Definitions



ARM Macro Assembler    Page 187 Alphabetic symbol ordering
Absolute symbols

      At line 2599 in file ..\lab8\MKL05Z4.s
   Uses
      None
Comment: UART0_C4_MAEN1_MASK unused
UART0_C4_MAEN1_SHIFT 00000007

Symbol: UART0_C4_MAEN1_SHIFT
   Definitions
      At line 2600 in file ..\lab8\MKL05Z4.s
   Uses
      None
Comment: UART0_C4_MAEN1_SHIFT unused
UART0_C4_MAEN2_MASK 00000040

Symbol: UART0_C4_MAEN2_MASK
   Definitions
      At line 2601 in file ..\lab8\MKL05Z4.s
   Uses
      None
Comment: UART0_C4_MAEN2_MASK unused
UART0_C4_MAEN2_SHIFT 00000006

Symbol: UART0_C4_MAEN2_SHIFT
   Definitions
      At line 2602 in file ..\lab8\MKL05Z4.s
   Uses
      None
Comment: UART0_C4_MAEN2_SHIFT unused
UART0_C4_OFFSET 0000000A

Symbol: UART0_C4_OFFSET
   Definitions
      At line 2479 in file ..\lab8\MKL05Z4.s
   Uses
      At line 2491 in file ..\lab8\MKL05Z4.s
Comment: UART0_C4_OFFSET used once
UART0_C4_OSR_MASK 0000001F

Symbol: UART0_C4_OSR_MASK
   Definitions
      At line 2605 in file ..\lab8\MKL05Z4.s
   Uses
      None
Comment: UART0_C4_OSR_MASK unused
UART0_C4_OSR_SHIFT 00000000

Symbol: UART0_C4_OSR_SHIFT
   Definitions
      At line 2606 in file ..\lab8\MKL05Z4.s
   Uses
      None
Comment: UART0_C4_OSR_SHIFT unused
UART0_C5 4006A00B

Symbol: UART0_C5
   Definitions
      At line 2492 in file ..\lab8\MKL05Z4.s
   Uses
      None



ARM Macro Assembler    Page 188 Alphabetic symbol ordering
Absolute symbols

Comment: UART0_C5 unused
UART0_C5_BOTHEDGE_MASK 00000002

Symbol: UART0_C5_BOTHEDGE_MASK
   Definitions
      At line 2619 in file ..\lab8\MKL05Z4.s
   Uses
      None
Comment: UART0_C5_BOTHEDGE_MASK unused
UART0_C5_BOTHEDGE_SHIFT 00000001

Symbol: UART0_C5_BOTHEDGE_SHIFT
   Definitions
      At line 2620 in file ..\lab8\MKL05Z4.s
   Uses
      None
Comment: UART0_C5_BOTHEDGE_SHIFT unused
UART0_C5_OFFSET 0000000B

Symbol: UART0_C5_OFFSET
   Definitions
      At line 2480 in file ..\lab8\MKL05Z4.s
   Uses
      At line 2492 in file ..\lab8\MKL05Z4.s
Comment: UART0_C5_OFFSET used once
UART0_C5_RDMAE_MASK 00000020

Symbol: UART0_C5_RDMAE_MASK
   Definitions
      At line 2617 in file ..\lab8\MKL05Z4.s
   Uses
      None
Comment: UART0_C5_RDMAE_MASK unused
UART0_C5_RDMAE_SHIFT 00000005

Symbol: UART0_C5_RDMAE_SHIFT
   Definitions
      At line 2618 in file ..\lab8\MKL05Z4.s
   Uses
      None
Comment: UART0_C5_RDMAE_SHIFT unused
UART0_C5_RESYNCDIS_MASK 00000001

Symbol: UART0_C5_RESYNCDIS_MASK
   Definitions
      At line 2621 in file ..\lab8\MKL05Z4.s
   Uses
      None
Comment: UART0_C5_RESYNCDIS_MASK unused
UART0_C5_RESYNCDIS_SHIFT 00000000

Symbol: UART0_C5_RESYNCDIS_SHIFT
   Definitions
      At line 2622 in file ..\lab8\MKL05Z4.s
   Uses
      None
Comment: UART0_C5_RESYNCDIS_SHIFT unused
UART0_C5_TDMAE_MASK 00000080




ARM Macro Assembler    Page 189 Alphabetic symbol ordering
Absolute symbols

Symbol: UART0_C5_TDMAE_MASK
   Definitions
      At line 2615 in file ..\lab8\MKL05Z4.s
   Uses
      None
Comment: UART0_C5_TDMAE_MASK unused
UART0_C5_TDMAE_SHIFT 00000007

Symbol: UART0_C5_TDMAE_SHIFT
   Definitions
      At line 2616 in file ..\lab8\MKL05Z4.s
   Uses
      None
Comment: UART0_C5_TDMAE_SHIFT unused
UART0_D 4006A007

Symbol: UART0_D
   Definitions
      At line 2488 in file ..\lab8\MKL05Z4.s
   Uses
      None
Comment: UART0_D unused
UART0_D_OFFSET 00000007

Symbol: UART0_D_OFFSET
   Definitions
      At line 2476 in file ..\lab8\MKL05Z4.s
   Uses
      At line 2488 in file ..\lab8\MKL05Z4.s
Comment: UART0_D_OFFSET used once
UART0_D_R0T0_MASK 00000001

Symbol: UART0_D_R0T0_MASK
   Definitions
      At line 2655 in file ..\lab8\MKL05Z4.s
   Uses
      None
Comment: UART0_D_R0T0_MASK unused
UART0_D_R0T0_SHIFT 00000000

Symbol: UART0_D_R0T0_SHIFT
   Definitions
      At line 2656 in file ..\lab8\MKL05Z4.s
   Uses
      None
Comment: UART0_D_R0T0_SHIFT unused
UART0_D_R1T1_MASK 00000002

Symbol: UART0_D_R1T1_MASK
   Definitions
      At line 2653 in file ..\lab8\MKL05Z4.s
   Uses
      None
Comment: UART0_D_R1T1_MASK unused
UART0_D_R1T1_SHIFT 00000001

Symbol: UART0_D_R1T1_SHIFT
   Definitions
      At line 2654 in file ..\lab8\MKL05Z4.s



ARM Macro Assembler    Page 190 Alphabetic symbol ordering
Absolute symbols

   Uses
      None
Comment: UART0_D_R1T1_SHIFT unused
UART0_D_R2T2_MASK 00000004

Symbol: UART0_D_R2T2_MASK
   Definitions
      At line 2651 in file ..\lab8\MKL05Z4.s
   Uses
      None
Comment: UART0_D_R2T2_MASK unused
UART0_D_R2T2_SHIFT 00000002

Symbol: UART0_D_R2T2_SHIFT
   Definitions
      At line 2652 in file ..\lab8\MKL05Z4.s
   Uses
      None
Comment: UART0_D_R2T2_SHIFT unused
UART0_D_R3T3_MASK 00000008

Symbol: UART0_D_R3T3_MASK
   Definitions
      At line 2649 in file ..\lab8\MKL05Z4.s
   Uses
      None
Comment: UART0_D_R3T3_MASK unused
UART0_D_R3T3_SHIFT 00000003

Symbol: UART0_D_R3T3_SHIFT
   Definitions
      At line 2650 in file ..\lab8\MKL05Z4.s
   Uses
      None
Comment: UART0_D_R3T3_SHIFT unused
UART0_D_R4T4_MASK 00000010

Symbol: UART0_D_R4T4_MASK
   Definitions
      At line 2647 in file ..\lab8\MKL05Z4.s
   Uses
      None
Comment: UART0_D_R4T4_MASK unused
UART0_D_R4T4_SHIFT 00000004

Symbol: UART0_D_R4T4_SHIFT
   Definitions
      At line 2648 in file ..\lab8\MKL05Z4.s
   Uses
      None
Comment: UART0_D_R4T4_SHIFT unused
UART0_D_R5T5_MASK 00000020

Symbol: UART0_D_R5T5_MASK
   Definitions
      At line 2645 in file ..\lab8\MKL05Z4.s
   Uses
      None
Comment: UART0_D_R5T5_MASK unused



ARM Macro Assembler    Page 191 Alphabetic symbol ordering
Absolute symbols

UART0_D_R5T5_SHIFT 00000005

Symbol: UART0_D_R5T5_SHIFT
   Definitions
      At line 2646 in file ..\lab8\MKL05Z4.s
   Uses
      None
Comment: UART0_D_R5T5_SHIFT unused
UART0_D_R6T6_MASK 00000040

Symbol: UART0_D_R6T6_MASK
   Definitions
      At line 2643 in file ..\lab8\MKL05Z4.s
   Uses
      None
Comment: UART0_D_R6T6_MASK unused
UART0_D_R6T6_SHIFT 00000006

Symbol: UART0_D_R6T6_SHIFT
   Definitions
      At line 2644 in file ..\lab8\MKL05Z4.s
   Uses
      None
Comment: UART0_D_R6T6_SHIFT unused
UART0_D_R7T7_MASK 00000080

Symbol: UART0_D_R7T7_MASK
   Definitions
      At line 2641 in file ..\lab8\MKL05Z4.s
   Uses
      None
Comment: UART0_D_R7T7_MASK unused
UART0_D_R7T7_SHIFT 00000007

Symbol: UART0_D_R7T7_SHIFT
   Definitions
      At line 2642 in file ..\lab8\MKL05Z4.s
   Uses
      None
Comment: UART0_D_R7T7_SHIFT unused
UART0_IPR E000E40C

Symbol: UART0_IPR
   Definitions
      At line 1450 in file ..\lab8\MKL05Z4.s
   Uses
      None
Comment: UART0_IPR unused
UART0_IRQ_MASK 00001000

Symbol: UART0_IRQ_MASK
   Definitions
      At line 1520 in file ..\lab8\MKL05Z4.s
   Uses
      None
Comment: UART0_IRQ_MASK unused
UART0_IRQn 0000000C

Symbol: UART0_IRQn



ARM Macro Assembler    Page 192 Alphabetic symbol ordering
Absolute symbols

   Definitions
      At line 169 in file ..\lab8\MKL05Z4.s
   Uses
      At line 1520 in file ..\lab8\MKL05Z4.s
Comment: UART0_IRQn used once
UART0_MA1 4006A008

Symbol: UART0_MA1
   Definitions
      At line 2489 in file ..\lab8\MKL05Z4.s
   Uses
      None
Comment: UART0_MA1 unused
UART0_MA1_MA_MASK 000000FF

Symbol: UART0_MA1_MA_MASK
   Definitions
      At line 2660 in file ..\lab8\MKL05Z4.s
   Uses
      None
Comment: UART0_MA1_MA_MASK unused
UART0_MA1_MA_SHIFT 00000000

Symbol: UART0_MA1_MA_SHIFT
   Definitions
      At line 2661 in file ..\lab8\MKL05Z4.s
   Uses
      None
Comment: UART0_MA1_MA_SHIFT unused
UART0_MA1_OFFSET 00000008

Symbol: UART0_MA1_OFFSET
   Definitions
      At line 2477 in file ..\lab8\MKL05Z4.s
   Uses
      At line 2489 in file ..\lab8\MKL05Z4.s
Comment: UART0_MA1_OFFSET used once
UART0_MA2 4006A009

Symbol: UART0_MA2
   Definitions
      At line 2490 in file ..\lab8\MKL05Z4.s
   Uses
      None
Comment: UART0_MA2 unused
UART0_MA2_MA_MASK 000000FF

Symbol: UART0_MA2_MA_MASK
   Definitions
      At line 2665 in file ..\lab8\MKL05Z4.s
   Uses
      None
Comment: UART0_MA2_MA_MASK unused
UART0_MA2_MA_SHIFT 00000000

Symbol: UART0_MA2_MA_SHIFT
   Definitions
      At line 2666 in file ..\lab8\MKL05Z4.s
   Uses



ARM Macro Assembler    Page 193 Alphabetic symbol ordering
Absolute symbols

      None
Comment: UART0_MA2_MA_SHIFT unused
UART0_MA2_OFFSET 00000009

Symbol: UART0_MA2_OFFSET
   Definitions
      At line 2478 in file ..\lab8\MKL05Z4.s
   Uses
      At line 2490 in file ..\lab8\MKL05Z4.s
Comment: UART0_MA2_OFFSET used once
UART0_PRI_POS 00000006

Symbol: UART0_PRI_POS
   Definitions
      At line 1486 in file ..\lab8\MKL05Z4.s
   Uses
      None
Comment: UART0_PRI_POS unused
UART0_S1 4006A004

Symbol: UART0_S1
   Definitions
      At line 2485 in file ..\lab8\MKL05Z4.s
   Uses
      None
Comment: UART0_S1 unused
UART0_S1_FE_MASK 00000002

Symbol: UART0_S1_FE_MASK
   Definitions
      At line 2689 in file ..\lab8\MKL05Z4.s
   Uses
      None
Comment: UART0_S1_FE_MASK unused
UART0_S1_FE_SHIFT 00000001

Symbol: UART0_S1_FE_SHIFT
   Definitions
      At line 2690 in file ..\lab8\MKL05Z4.s
   Uses
      None
Comment: UART0_S1_FE_SHIFT unused
UART0_S1_IDLE_MASK 00000010

Symbol: UART0_S1_IDLE_MASK
   Definitions
      At line 2683 in file ..\lab8\MKL05Z4.s
   Uses
      None
Comment: UART0_S1_IDLE_MASK unused
UART0_S1_IDLE_SHIFT 00000004

Symbol: UART0_S1_IDLE_SHIFT
   Definitions
      At line 2684 in file ..\lab8\MKL05Z4.s
   Uses
      None
Comment: UART0_S1_IDLE_SHIFT unused
UART0_S1_NF_MASK 00000004



ARM Macro Assembler    Page 194 Alphabetic symbol ordering
Absolute symbols


Symbol: UART0_S1_NF_MASK
   Definitions
      At line 2687 in file ..\lab8\MKL05Z4.s
   Uses
      None
Comment: UART0_S1_NF_MASK unused
UART0_S1_NF_SHIFT 00000002

Symbol: UART0_S1_NF_SHIFT
   Definitions
      At line 2688 in file ..\lab8\MKL05Z4.s
   Uses
      None
Comment: UART0_S1_NF_SHIFT unused
UART0_S1_OFFSET 00000004

Symbol: UART0_S1_OFFSET
   Definitions
      At line 2473 in file ..\lab8\MKL05Z4.s
   Uses
      At line 2485 in file ..\lab8\MKL05Z4.s
Comment: UART0_S1_OFFSET used once
UART0_S1_OR_MASK 00000008

Symbol: UART0_S1_OR_MASK
   Definitions
      At line 2685 in file ..\lab8\MKL05Z4.s
   Uses
      None
Comment: UART0_S1_OR_MASK unused
UART0_S1_OR_SHIFT 00000003

Symbol: UART0_S1_OR_SHIFT
   Definitions
      At line 2686 in file ..\lab8\MKL05Z4.s
   Uses
      None
Comment: UART0_S1_OR_SHIFT unused
UART0_S1_PF_MASK 00000001

Symbol: UART0_S1_PF_MASK
   Definitions
      At line 2691 in file ..\lab8\MKL05Z4.s
   Uses
      None
Comment: UART0_S1_PF_MASK unused
UART0_S1_PF_SHIFT 00000000

Symbol: UART0_S1_PF_SHIFT
   Definitions
      At line 2692 in file ..\lab8\MKL05Z4.s
   Uses
      None
Comment: UART0_S1_PF_SHIFT unused
UART0_S1_RDRF_MASK 00000020

Symbol: UART0_S1_RDRF_MASK
   Definitions



ARM Macro Assembler    Page 195 Alphabetic symbol ordering
Absolute symbols

      At line 2681 in file ..\lab8\MKL05Z4.s
   Uses
      None
Comment: UART0_S1_RDRF_MASK unused
UART0_S1_RDRF_SHIFT 00000005

Symbol: UART0_S1_RDRF_SHIFT
   Definitions
      At line 2682 in file ..\lab8\MKL05Z4.s
   Uses
      None
Comment: UART0_S1_RDRF_SHIFT unused
UART0_S1_TC_MASK 00000040

Symbol: UART0_S1_TC_MASK
   Definitions
      At line 2679 in file ..\lab8\MKL05Z4.s
   Uses
      None
Comment: UART0_S1_TC_MASK unused
UART0_S1_TC_SHIFT 00000006

Symbol: UART0_S1_TC_SHIFT
   Definitions
      At line 2680 in file ..\lab8\MKL05Z4.s
   Uses
      None
Comment: UART0_S1_TC_SHIFT unused
UART0_S1_TDRE_MASK 00000080

Symbol: UART0_S1_TDRE_MASK
   Definitions
      At line 2677 in file ..\lab8\MKL05Z4.s
   Uses
      None
Comment: UART0_S1_TDRE_MASK unused
UART0_S1_TDRE_SHIFT 00000007

Symbol: UART0_S1_TDRE_SHIFT
   Definitions
      At line 2678 in file ..\lab8\MKL05Z4.s
   Uses
      None
Comment: UART0_S1_TDRE_SHIFT unused
UART0_S2 4006A005

Symbol: UART0_S2
   Definitions
      At line 2486 in file ..\lab8\MKL05Z4.s
   Uses
      None
Comment: UART0_S2 unused
UART0_S2_BRK13_MASK 00000004

Symbol: UART0_S2_BRK13_MASK
   Definitions
      At line 2713 in file ..\lab8\MKL05Z4.s
   Uses
      None



ARM Macro Assembler    Page 196 Alphabetic symbol ordering
Absolute symbols

Comment: UART0_S2_BRK13_MASK unused
UART0_S2_BRK13_SHIFT 00000002

Symbol: UART0_S2_BRK13_SHIFT
   Definitions
      At line 2714 in file ..\lab8\MKL05Z4.s
   Uses
      None
Comment: UART0_S2_BRK13_SHIFT unused
UART0_S2_LBKDE_MASK 00000002

Symbol: UART0_S2_LBKDE_MASK
   Definitions
      At line 2715 in file ..\lab8\MKL05Z4.s
   Uses
      None
Comment: UART0_S2_LBKDE_MASK unused
UART0_S2_LBKDE_SHIFT 00000001

Symbol: UART0_S2_LBKDE_SHIFT
   Definitions
      At line 2716 in file ..\lab8\MKL05Z4.s
   Uses
      None
Comment: UART0_S2_LBKDE_SHIFT unused
UART0_S2_LBKDIF_MASK 00000080

Symbol: UART0_S2_LBKDIF_MASK
   Definitions
      At line 2703 in file ..\lab8\MKL05Z4.s
   Uses
      None
Comment: UART0_S2_LBKDIF_MASK unused
UART0_S2_LBKDIF_SHIFT 00000007

Symbol: UART0_S2_LBKDIF_SHIFT
   Definitions
      At line 2704 in file ..\lab8\MKL05Z4.s
   Uses
      None
Comment: UART0_S2_LBKDIF_SHIFT unused
UART0_S2_MSBF_MASK 00000020

Symbol: UART0_S2_MSBF_MASK
   Definitions
      At line 2707 in file ..\lab8\MKL05Z4.s
   Uses
      None
Comment: UART0_S2_MSBF_MASK unused
UART0_S2_MSBF_SHIFT 00000005

Symbol: UART0_S2_MSBF_SHIFT
   Definitions
      At line 2708 in file ..\lab8\MKL05Z4.s
   Uses
      None
Comment: UART0_S2_MSBF_SHIFT unused
UART0_S2_OFFSET 00000005




ARM Macro Assembler    Page 197 Alphabetic symbol ordering
Absolute symbols

Symbol: UART0_S2_OFFSET
   Definitions
      At line 2474 in file ..\lab8\MKL05Z4.s
   Uses
      At line 2486 in file ..\lab8\MKL05Z4.s
Comment: UART0_S2_OFFSET used once
UART0_S2_RAF_MASK 00000001

Symbol: UART0_S2_RAF_MASK
   Definitions
      At line 2717 in file ..\lab8\MKL05Z4.s
   Uses
      None
Comment: UART0_S2_RAF_MASK unused
UART0_S2_RAF_SHIFT 00000000

Symbol: UART0_S2_RAF_SHIFT
   Definitions
      At line 2718 in file ..\lab8\MKL05Z4.s
   Uses
      None
Comment: UART0_S2_RAF_SHIFT unused
UART0_S2_RWUID_MASK 00000008

Symbol: UART0_S2_RWUID_MASK
   Definitions
      At line 2711 in file ..\lab8\MKL05Z4.s
   Uses
      None
Comment: UART0_S2_RWUID_MASK unused
UART0_S2_RWUID_SHIFT 00000003

Symbol: UART0_S2_RWUID_SHIFT
   Definitions
      At line 2712 in file ..\lab8\MKL05Z4.s
   Uses
      None
Comment: UART0_S2_RWUID_SHIFT unused
UART0_S2_RXEDGIF_MASK 00000040

Symbol: UART0_S2_RXEDGIF_MASK
   Definitions
      At line 2705 in file ..\lab8\MKL05Z4.s
   Uses
      None
Comment: UART0_S2_RXEDGIF_MASK unused
UART0_S2_RXEDGIF_SHIFT 00000006

Symbol: UART0_S2_RXEDGIF_SHIFT
   Definitions
      At line 2706 in file ..\lab8\MKL05Z4.s
   Uses
      None
Comment: UART0_S2_RXEDGIF_SHIFT unused
UART0_S2_RXINV_MASK 00000010

Symbol: UART0_S2_RXINV_MASK
   Definitions
      At line 2709 in file ..\lab8\MKL05Z4.s



ARM Macro Assembler    Page 198 Alphabetic symbol ordering
Absolute symbols

   Uses
      None
Comment: UART0_S2_RXINV_MASK unused
UART0_S2_RXINV_SHIFT 00000004

Symbol: UART0_S2_RXINV_SHIFT
   Definitions
      At line 2710 in file ..\lab8\MKL05Z4.s
   Uses
      None
Comment: UART0_S2_RXINV_SHIFT unused
UART0_Vector 0000001C

Symbol: UART0_Vector
   Definitions
      At line 1571 in file ..\lab8\MKL05Z4.s
   Uses
      None
Comment: UART0_Vector unused
VECTOR_SIZE 00000004

Symbol: VECTOR_SIZE
   Definitions
      At line 50 in file ..\lab8\MKL05Z4.s
   Uses
      None
Comment: VECTOR_SIZE unused
VECTOR_TABLE_SIZE 000000C0

Symbol: VECTOR_TABLE_SIZE
   Definitions
      At line 49 in file ..\lab8\MKL05Z4.s
   Uses
      None
Comment: VECTOR_TABLE_SIZE unused
WORD_SIZE 00000004

Symbol: WORD_SIZE
   Definitions
      At line 39 in file ..\lab8\MKL05Z4.s
   Uses
      None
Comment: WORD_SIZE unused
__CM0PLUS_REV 00000000

Symbol: __CM0PLUS_REV
   Definitions
      At line 139 in file ..\lab8\MKL05Z4.s
   Uses
      None
Comment: __CM0PLUS_REV unused
__MPU_PRESENT 00000000

Symbol: __MPU_PRESENT
   Definitions
      At line 140 in file ..\lab8\MKL05Z4.s
   Uses
      None
Comment: __MPU_PRESENT unused



ARM Macro Assembler    Page 199 Alphabetic symbol ordering
Absolute symbols

__NVIC_PRIO_BITS 00000002

Symbol: __NVIC_PRIO_BITS
   Definitions
      At line 141 in file ..\lab8\MKL05Z4.s
   Uses
      At line 1474 in file ..\lab8\MKL05Z4.s
      At line 1475 in file ..\lab8\MKL05Z4.s
      At line 1476 in file ..\lab8\MKL05Z4.s
      At line 1477 in file ..\lab8\MKL05Z4.s
      At line 1478 in file ..\lab8\MKL05Z4.s
      At line 1479 in file ..\lab8\MKL05Z4.s
      At line 1480 in file ..\lab8\MKL05Z4.s
      At line 1481 in file ..\lab8\MKL05Z4.s
      At line 1482 in file ..\lab8\MKL05Z4.s
      At line 1483 in file ..\lab8\MKL05Z4.s
      At line 1484 in file ..\lab8\MKL05Z4.s
      At line 1485 in file ..\lab8\MKL05Z4.s
      At line 1486 in file ..\lab8\MKL05Z4.s
      At line 1487 in file ..\lab8\MKL05Z4.s
      At line 1488 in file ..\lab8\MKL05Z4.s
      At line 1489 in file ..\lab8\MKL05Z4.s
      At line 1490 in file ..\lab8\MKL05Z4.s
      At line 1491 in file ..\lab8\MKL05Z4.s
      At line 1492 in file ..\lab8\MKL05Z4.s
      At line 1493 in file ..\lab8\MKL05Z4.s
      At line 1494 in file ..\lab8\MKL05Z4.s
      At line 1495 in file ..\lab8\MKL05Z4.s
      At line 1496 in file ..\lab8\MKL05Z4.s
      At line 1497 in file ..\lab8\MKL05Z4.s
      At line 1498 in file ..\lab8\MKL05Z4.s
      At line 1499 in file ..\lab8\MKL05Z4.s
      At line 1500 in file ..\lab8\MKL05Z4.s
      At line 1501 in file ..\lab8\MKL05Z4.s
      At line 1502 in file ..\lab8\MKL05Z4.s
      At line 1503 in file ..\lab8\MKL05Z4.s
      At line 1504 in file ..\lab8\MKL05Z4.s
      At line 1505 in file ..\lab8\MKL05Z4.s

__VTOR_PRESENT 00000001

Symbol: __VTOR_PRESENT
   Definitions
      At line 144 in file ..\lab8\MKL05Z4.s
   Uses
      None
Comment: __VTOR_PRESENT unused
__Vendor_SysTickConfig 00000000

Symbol: __Vendor_SysTickConfig
   Definitions
      At line 142 in file ..\lab8\MKL05Z4.s
   Uses
      None
Comment: __Vendor_SysTickConfig unused
nFPROT0 00000000

Symbol: nFPROT0
   Definitions



ARM Macro Assembler    Page 200 Alphabetic symbol ordering
Absolute symbols

      At line 792 in file ..\lab8\MKL05Z4.s
   Uses
      At line 793 in file ..\lab8\MKL05Z4.s
Comment: nFPROT0 used once
nFPROT1 00000000

Symbol: nFPROT1
   Definitions
      At line 805 in file ..\lab8\MKL05Z4.s
   Uses
      At line 806 in file ..\lab8\MKL05Z4.s
Comment: nFPROT1 used once
nFPROT2 00000000

Symbol: nFPROT2
   Definitions
      At line 818 in file ..\lab8\MKL05Z4.s
   Uses
      At line 819 in file ..\lab8\MKL05Z4.s
Comment: nFPROT2 used once
nFPROT3 00000000

Symbol: nFPROT3
   Definitions
      At line 831 in file ..\lab8\MKL05Z4.s
   Uses
      At line 832 in file ..\lab8\MKL05Z4.s
Comment: nFPROT3 used once
1425 symbols
1779 symbols in table
